player,elo_global,elo_Hard,elo_Clay,elo_Grass
Gael Monfils,2002.4757184349817,1937.798013532604,1719.1671357648963,1637.6073960758104
Feliciano Lopez,1651.4263701116904,1641.2106559666845,1558.3935343296407,1582.4805620170057
Malek Jaziri,1417.4481286940957,1437.648434254546,1478.8049254870373,1432.1043559398738
Andy Murray,1834.3985705169,1810.682129126707,1886.142404413404,1759.9230378065267
Richard Gasquet,1742.8751530507725,1686.6480843208376,1664.7369349435403,1598.348115593198
Stan Wawrinka,1827.8455882671176,1786.3248744191965,1752.8894915002645,1618.2134074634068
Fernando Verdasco,1583.0278421334865,1618.910735105018,1564.0207697885833,1536.6450986234593
Denis Istomin,1502.5655946597085,1469.2211156327594,1560.2919044335158,1488.8003990016475
Novak Djokovic,2247.0786878683507,2228.357635163936,2091.4781446573083,2014.622057357712
Fabio Fognini,1822.976511204102,1651.0212999880755,1800.774591684637,1610.231417304264
Artem Sitak,1460.7417236564838,1441.6531325052215,1404.5699913538797,1478.5228529763656
Igor Zelenay,1464.029794119341,1478.4964438651164,1479.6728838016968,1486.22499693837
Donald Young,1490.1442053444164,1490.4796776543772,1485.474425329586,1526.7458919346916
Jose Rubin Statham,1402.5431952203562,1425.8362730113502,1468.3402557586612,1475.0473963985007
Marin Cilic,1873.7237323403344,1792.400106699116,1856.5503716476985,1804.543385040174
Aqeel Khan,1565.4276972213677,1504.874872351833,1473.0506022188156,1519.440155608976
Aisam Ul Haq Qureshi,1527.2910084118346,1514.7150215057295,1531.2008919873756,1523.4607181636384
Pablo Cuevas,1660.03265552966,1624.231611324247,1635.7357639412212,1483.0554902535075
Rafael Nadal,2040.3182140056776,1990.3264964649568,2107.6692808487123,1850.1692868625023
Jeremy Chardy,1834.3949735457652,1870.6494618964848,1696.946277569278,1551.8119723036075
Toshihide Matsui,1352.947353478827,1351.6656581877182,1455.4049420887957,1469.191476673313
Benjamin Balleret,1481.0761622806851,1429.7412758578753,1465.3236059708804,1478.5332914570477
Ernests Gulbis,1635.0636192000554,1591.3259677187286,1593.9727578935926,1556.2100208337597
Jaroslav Pospisil,1469.514252201372,1433.5931647128025,1489.487087351592,1434.420256908729
Pablo Andujar,1593.1777798763835,1599.398959722354,1597.888863801236,1405.4754979239272
Gastao Elias,1605.38528261565,1627.4323897717236,1574.1657226226623,1425.9999167184906
Adrian Mannarino,1803.907411013635,1782.717280844269,1482.1836087440793,1610.9477299260602
Andrey Golubev,1427.8275282884545,1452.3773742665362,1487.8666367775927,1398.4112972765624
Robin Haase,1612.75163029246,1614.8514048954678,1568.7965095530774,1531.9318100681824
Martin Klizan,1580.5176739795122,1573.787169060259,1609.82864343685,1401.8817979818264
Adrian Menendez Maceiras,1544.974449131855,1551.816400905395,1493.3198713161232,1472.9525061783447
Komlavi Loglo,1448.640304155855,1460.302634060885,1482.5472236918215,
Matwe Middelkoop,1587.5934639141929,1561.3633067746282,1502.397802570492,1470.5447126880183
Igor Sijsling,1510.2888536550574,1476.901759813432,1557.4545607130842,1570.7065927293395
Andrea Arnaboldi,1538.2359176638604,1519.4604915562109,1524.5634355782515,1520.2002157600805
Dimitar Grabuloski,1431.928706859498,1477.4864854103669,1445.109201636573,
Peter Polansky,1507.451348299698,1510.789486497971,1440.7003771195134,1434.772792009364
Thomaz Bellucci,1484.2775427255558,1535.3047193995478,1485.413615193582,1457.0806783596447
Kevin Anderson,1764.1388191542696,1690.0623781091945,1813.2791096277897,1737.8867369061356
John Isner,1816.1782658951709,1744.3321707764585,1815.0857808072128,1702.46744697675
Mikhail Kukushkin,1717.6431600030892,1657.4896270375525,1614.000304355547,1586.2503261131028
Patricio Alvarado,1377.630218267856,1420.278204889927,1447.9180140198623,
Peter Gojowczyk,1611.7920132612794,1596.472512227448,1524.2777833942944,1543.719786664314
Gonzalo Escobar,1543.1898582512815,1567.5589439254231,1496.206184872801,
Illya Marchenko,1554.0380529718514,1551.6976134651045,1493.3611790040409,1464.5034122797092
Matthias Bachinger,1560.971486628711,1601.6529430535145,1508.1797501419078,1511.9899359292378
Lukas Rosol,1575.9196851401798,1562.953080648948,1526.8835886971383,1548.324709934279
Pedro Sousa,1670.892964360548,1415.7293334032342,1643.3563311284788,1459.031825411893
Attila Balazs,1641.836961888382,1512.1821963906716,1619.503238519794,1495.770901746699
Marius Copil,1572.7499545243445,1620.6258100066468,1476.4303876058373,1560.0388968873804
Kei Nishikori,1963.4316710928592,1918.0761406269075,1902.6944119255068,1691.0762303913257
Daniel Evans,1814.823002322444,1784.1579835199773,1621.6219399837444,1567.4109218407937
N Sriram Balaji,1507.932214085063,1434.3369262945437,1520.3784920322987,1504.1750026648656
Yuichi Sugita,1546.2930734376118,1567.4276337768192,1456.8051967486,1514.215977571443
Marcelo Arevalo,1618.330676731285,1575.772544131517,1636.8115253213489,1416.2044774882888
Jonathan Eysseric,1442.6950563444975,1357.3962844013606,1511.5127310605023,1457.3212921335123
Daniel Dutra Da Silva,1527.010701268705,1453.6246382623249,1486.8995500242652,
Fernando Romboli,1357.7856970754676,1403.097594596217,1350.063536384083,1476.2982325413532
Tiago Lopes,1418.0474427283912,1408.1665958556807,1456.8143705466755,
Guido Pella,1796.3742269317963,1733.7301616083896,1684.8102842954925,1582.4401994081863
Cesar Ramirez,1381.406709868421,1385.0950515321872,1466.6975356082446,
Manuel Sanchez,1439.596017059118,1441.4464900070968,1431.922307852043,1485.0
Roberto Bautista Agut,1946.8636502368288,1837.1596837583213,1784.605249176166,1710.212043191791
Albert Ramos,1678.6295237289037,1632.331441596344,1647.523800613328,1416.660345502796
Jose Pereira,1522.1454374622513,1458.2039125882443,1516.653159131182,
Marcelo Demoliner,1476.166105973486,1455.1019707347618,1458.8861949057605,1483.478242729301
Guilherme Clezar,1588.299409875479,1522.1898848466296,1580.8187310324208,1424.0896035797807
Marsel Ilhan,1526.1771282129816,1536.634643556033,1531.1336260805658,1483.0664520189782
Daniel Cox,1593.455702853711,1560.580670079626,1508.024311561279,1451.9371576310043
Mirza Basic,1577.539666424081,1525.949845218561,1567.5227735301942,1400.8531216014362
Denys Molchanov,1533.1819920832402,1533.2771030454876,1484.8602139101308,1497.4325089998224
Divij Sharan,1365.7639151020414,1399.3729095943845,1454.9658154130068,1447.6323472687743
Milos Raonic,1991.8085278085352,1937.1156674335875,1907.4474083736256,1740.9662050773866
Vasek Pospisil,1605.0582674092896,1573.7098621229563,1436.2691209299694,1482.3741830209867
Alessandro Giannessi,1543.881663391464,1490.2816978236435,1524.3878337940134,1411.1575853498916
Evgeny Donskoy,1535.5866465138631,1517.3145707900508,1501.4475981650369,1452.2654624922452
Vladimir Uzhylovsky,1350.484738328984,1449.7213550937518,1360.267473099742,
Zhe Li,1610.9076623369542,1587.7543014192504,1447.0061701739517,1466.314620951508
Yan Bai,1603.8434522232644,1569.911593098563,1510.8430550953804,1483.2487177168457
Yuki Bhambri,1684.8443995410182,1671.4568617710795,1482.874092722636,1477.6089182098528
Tatsuma Ito,1500.5732922208156,1508.6060232047846,1364.405135233617,1491.8763491920818
Henri Laaksonen,1512.9224986097347,1608.6805924671798,1511.2937365180087,1373.353005009654
John Patrick Smith,1524.6641774350128,1509.2394354726207,1438.705359266717,1521.0317908658913
Prajnesh Gunneswaran,1566.949263500812,1553.915099157848,1477.0688781603264,1414.0826824729893
Maxime Chazal,1444.621382537292,1388.2993791861577,1467.1464187414172,
Bernard Tomic,1638.7971454169558,1591.1962775955212,1566.2593694943532,1559.8348567733676
Ricardas Berankis,1597.7460630711455,1550.5342662714186,1637.101934872823,1564.2953933117406
Benoit Paire,1552.666167630137,1544.437673525231,1580.0209016544911,1522.855301662024
Filip Krajinovic,1699.8540484498335,1679.285108652359,1683.8143147477276,1531.6784877956147
Deni Zmak,1476.4265175281912,1496.9464429141528,1477.6220692341226,
Aldin Setkic,1480.411586191512,1532.2221571189948,1440.9106494291352,1398.3765537038655
Ryan Harrison,1590.155189360668,1574.447980370328,1566.0254397958026,1456.9319954573232
Joao Sousa,1629.6605245544956,1623.9818187519647,1568.67157959282,1486.2741383655305
Goncalo Falcao,1371.5610705330184,1491.1068725693908,1375.116354694018,
Roman Jebavy,1430.323366137506,1461.021088861921,1448.115528459509,1484.325876884968
Steven Diez,1503.711388015353,1482.242283731571,1498.409898676438,1423.9988748907988
Grigor Dimitrov,2082.2162617799145,2022.678972992164,1894.0820656909489,1682.8754131030587
Jeremy Jahn,1528.2466596375752,1459.7637181351297,1532.8002902914864,1476.917528176904
Federico Gaio,1584.3792270159263,1510.20636461369,1600.5812477581117,1477.2535889712592
Cedrik Marcel Stebe,1651.0524290989297,1640.0905231869442,1626.493165481357,1464.646867220454
Evan King,1372.8302265498774,1416.0787738179754,1374.8281279327489,1403.683694550767
Andrey Kuznetsov,1624.6496356108146,1589.6122748228788,1671.3003387104222,1524.9588328075274
Gerald Melzer,1616.1279321582524,1535.5036270943124,1603.01882235671,1494.5142921737213
Andrej Martin,1604.4262692433208,1456.291853266225,1568.374526641348,1394.0995731132562
Inigo Cervantes Huegun,1494.6132097973682,1506.4226288069387,1492.0895774487344,1473.3606293974349
Aleksandr Nedovyesov,1548.624042105492,1552.3013761298666,1537.6190355626693,1466.2423881604575
Blaz Rola,1608.9743428066845,1569.3857526215716,1595.520905667326,1483.6031554208437
Juan Sebastian Gomez,1469.5429576745505,1431.7573725724314,1478.1425657502675,
Yannick Mertens,1437.822697778089,1431.0484296351092,1403.3869636270852,1483.225349531139
Hiroki Moriya,1596.0819161233687,1571.8306318474556,1408.98787368164,1496.5407906984478
David Goffin,1956.853472128508,1873.769924097435,1756.365797625496,1662.3021067455595
Pierre Hugues Herbert,1692.5736127226044,1661.29631399411,1599.5498453178832,1565.5025189612484
Emilio Gomez,1517.4782725360146,1564.1436335325493,1475.3018294742476,1420.1132859084958
Nikoloz Basilashvili,1706.153610677167,1636.3755669693812,1673.7329910275105,1578.7807972657674
N Vijay Sundar Prashanth,1417.941404463103,1444.2047398373209,1435.4148848635484,1474.3358680650022
John Millman,1749.1000363850023,1687.2524902788075,1640.0767667414675,1546.200510102779
Victor Nunez,1372.331475326755,1484.3800240144965,1379.1833321273225,
Marco Trungelliti,1693.1734309702429,1620.9991362316766,1692.9064896984264,1439.1603078062574
Andrea Collarini,1664.541897887982,1410.960908597673,1644.9836573987209,1432.134752752993
Dayne Kelly,1547.3033018576689,1533.6662673084056,1493.6422970224112,1494.9502743905468
Francis Casey Alcantara,1485.5065453250088,1475.4928945013835,1522.7935582839757,
Federico Delbonis,1649.6318756665748,1552.269689368935,1636.6771365687057,1364.7568230878217
Javier Marti,1563.4099797087044,1515.0821672172156,1540.6164413647866,1505.26660682444
Dusan Lajovic,1800.2147800664782,1662.7920190605028,1814.9309524305847,1416.5614852799242
Jan Lennard Struff,1977.4095542278765,1783.5947401040644,1923.322754067285,1618.5552186944635
Liam Broady,1606.6705061875157,1572.2711909470602,1549.6508153775935,1494.061528527062
Stefano Travaglia,1633.5355609406367,1617.5434635310685,1629.6326206061565,1463.5030019988862
Radu Albot,1797.7522277001815,1725.7321072177624,1679.3242170516712,1594.1772286461244
Kevin Krawietz,1568.44851815859,1510.3498753388044,1562.8991322029744,1487.4981050366828
Denis Kudla,1643.0548095548022,1634.0935696173829,1560.096656620731,1570.1444330761594
Tennys Sandgren,1691.8742541831696,1641.4237970000413,1619.9295935053312,1571.2520130815276
Miljan Zekic,1559.9437290732822,1490.0972162619703,1548.100849911277,1480.0202175525246
Steve Johnson,1702.2924894482655,1663.01057501484,1662.537713054776,1583.2194323789463
Shendrit Deari,1481.313511900229,1492.16933170426,1488.0,
Facundo Bagnis,1775.0461337241204,1580.2583623916871,1776.1204589640122,1363.720504883846
Martin Cuevas,1512.6559460836063,1446.8756991940402,1503.122112461215,
Bradley Klahn,1573.9583829344322,1563.129941260907,1459.274771186839,1438.9181184892864
Alexey Nesterov,1451.411006786871,1473.4733551550476,1476.947841798053,
Jason Kubler,1815.7271662460348,1700.6600973994491,1674.80208992625,1656.711998171551
James Duckworth,1771.0900311386215,1695.4896719673343,1517.2811189863105,1600.6040553487824
Luke Saville,1498.6711489285003,1485.495484579509,1401.5839793058717,1469.3560345927535
Pablo Carreno Busta,1836.1943989052504,1825.514693353464,1806.957082447512,1453.6007689320836
Jack Sock,1760.9590181076558,1703.613353526556,1704.4992252067375,1647.2872301886528
David Agung Susanto,1409.6078922663792,1419.5294384660178,1502.2598674278702,1474.8486678307647
Marton Fucsovics,1889.064864235883,1800.3863190297463,1783.4473088190955,1658.962058875128
Mohamed Safwat,1535.659211948482,1499.363576164531,1533.0919808590606,1501.6970554272848
Federico Zeballos,1385.9512014655245,1424.5158640919367,1380.4564374183483,
Jiri Vesely,1639.1765569723038,1637.5046732398348,1537.3825807678545,1591.7076206923075
Yannick Hanfmann,1762.2822214907374,1658.8665595549903,1770.9060310408977,1498.856777013855
Joao Domingues,1516.1863112333797,1476.896495498144,1487.791580768496,1439.8978598384565
Frederico Ferreira Silva,1548.965622647393,1509.7453365959557,1541.3959633658208,1516.7294894534898
Sekou Bangoura,1531.073298821902,1538.9305306520678,1473.460705045131,1485.6600270881406
Stefano Napolitano,1700.9631275399777,1641.5728498421502,1641.9611832587616,1527.4143969927543
Ji Sung Nam,1554.9079402781713,1558.8383665829754,1461.0075756090027,1514.0
Marcos Giron,1956.6908829615763,1871.600899912523,1653.3099562531092,1647.890267654877
Roberto Marcora,1577.4390270354754,1542.7450579834351,1525.6934730082648,1432.929393892436
Damir Dzumhur,1731.8871752558043,1589.6789511305192,1762.7464623475564,1521.8284528399126
Hugo Dellien,1740.9454688958856,1499.8712001823342,1727.9948424240376,1445.304249519271
Elmar Ejupovic,1506.8322281220378,1491.3973050468794,1489.894126263478,
Guillermo Duran,1476.6146135653055,1450.7593033351047,1461.82803160209,
Lucas Renard,1454.4675893360925,1478.0824867188155,1441.631858550404,
Filip Bergevi,1432.5869149037478,1493.2725632578356,1424.266545497803,
Hugo Nys,1580.5633936424335,1534.0856956472214,1532.9258046185362,
Dominic Thiem,1722.0640709726335,1790.8049303721164,1665.190914407754,1548.832272881842
Marco Cecchinato,1634.5729837702784,1496.6102835712154,1611.72103185734,1426.5917422517398
Cristian Rodriguez,1455.292206531626,1486.3376816604357,1450.4050973455594,
Gonzalo Lama,1496.0177599831438,1407.1671282369166,1495.8872003534027,1474.135818948717
Diego Schwartzman,1754.6158820639243,1738.2161894906556,1699.1653151098317,1505.5495588615056
Kenny De Schepper,1502.0315786336853,1524.6686176913072,1427.5539598046164,1529.698886765277
Thiago Monteiro,1763.7939467321385,1620.0104834315462,1814.4650430266768,1487.6413677481028
Karue Sell,1659.3811167895724,1577.4917416586125,1614.4945650971952,
Antoine Escoffier,1676.6650790957149,1632.711846405626,1427.8160161488302,1467.6101108434982
Renzo Olivo,1579.7021111898791,1495.5052723763106,1537.5509190958237,1446.63464922278
Guido Andreozzi,1634.282922605817,1615.1661136322678,1621.579997562086,1405.0599663107123
Juan Ignacio Londero,1612.0658712092427,1510.7955542652512,1620.0662724357574,1444.1408502529994
Mathias Bourgue,1566.1447898261397,1590.2776939696012,1557.0472302350197,1479.2044167145082
Bjorn Fratangelo,1656.7221176083165,1604.0876049304388,1668.9713031980066,1525.8812317546813
Dimitar Kuzmanov,1620.318181536689,1606.8913975998553,1570.7659181608833,1481.157336764507
Albano Olivetti,1561.56016396328,1543.8026917517834,1431.1788945443902,1479.5893889764027
Nicolas Barrientos,1521.5157170975983,1430.313656129259,1540.9912087293428,
Peter Heller,1520.3219162795924,1453.7606366499297,1515.3093497407388,
Nikola Milojevic,1473.0053224946168,1574.0739539223491,1468.100684626913,1469.0411684196902
Norbert Gombos,1611.503551664571,1600.3628029806252,1571.142503902128,1477.1033442524383
Romain Arneodo,1488.9494206315935,1484.4523139527205,1483.9821877976708,
Julius Tverijonas,1443.6702799310349,1469.0176093816297,1466.6869958926854,
Filip Peliwo,1503.809872784752,1492.2428868890245,1474.4890478738932,1466.7944625529356
Maximilian Marterer,1707.616095881986,1635.5315055030976,1673.71801260592,1561.1680189879687
Diego Hidalgo,1391.2620005239414,1413.1866190851067,1400.5070705452704,
Kevin King,1567.994822041106,1528.565349573157,1459.5896858264216,1488.5094823193408
Daniel Masur,1621.3071855728704,1607.0477354396216,1577.5908369574054,1496.6825117399749
Denis Yevseyev,1647.922798564461,1589.8929727872678,1581.302421611549,1517.8480412227118
Maximilian Neuchrist,1556.4164392990265,1535.045136260591,1549.213401017268,1479.0
Dennis Novak,1620.7040991884203,1605.976588884317,1636.7617567677785,1611.5228371270166
Riccardo Bonadio,1632.7305271982182,1518.8692367012277,1625.908044418545,1469.6945544710647
Christian Harrison,1594.6409049753927,1546.6138556999786,1596.7623258857975,1582.972724536593
Roberto Carballes Baena,1874.9071880943725,1723.604667196459,1828.4054896538391,1454.7493132918578
Luca Margaroli,1385.3317335305985,1399.1916294298076,1413.4074491586875,
Alexander Zverev,2200.982905201525,2102.0780290454327,2092.889431790164,1724.9004981123103
Jozef Kovalik,1709.2827112314603,1541.9871466794225,1700.4908050188023,1382.580112896256
Tristan Lamasine,1519.3139847410105,1590.5365756729525,1444.0601126673905,1523.3744156595235
Kelsey Stevenson,1337.40764315096,1348.1126977746503,1463.813608339634,
Wishaya Trongcharoenchaikul,1464.226840199836,1443.9066384058704,1524.1136995621398,1500.929538786305
Yasutaka Uchiyama,1702.5724016396807,1655.276914760083,1474.2250892985887,1473.9183993643708
Min Kyu Song,1446.4775993006826,1434.8356926482356,1501.8148934712035,
Evgeny Karlovskiy,1494.5992654825395,1481.143458296524,1505.4879392104417,1489.9734992533524
Alex Bolt,1730.8771813508115,1619.6026178387249,1359.3119302423486,1649.070239067884
Jeevan Nedunchezhiyan,1372.9000966585395,1374.719474775162,1463.6193316926476,1476.5909655265257
Ramkumar Ramanathan,1494.4893970504368,1479.922693973194,1458.9884636296606,1508.3097139369852
Nick Kyrgios,2131.7079336747747,2043.9158214989752,1808.4417745066853,1760.30767804897
Karim Mohamed Maamoun,1516.8953787396358,1504.2248875810933,1482.128879474978,
Roberto Cid,1455.1076166502446,1464.41026820975,1459.046900404663,1477.3660374647814
Darian King,1615.4034672510174,1609.8391467589486,1472.3694449450154,1461.8028724235717
Cristian Garin,1740.7185422207474,1689.9403604891804,1705.011043536897,1640.8408414067064
Vladyslav Manafov,1432.8061872133983,1491.9761944760317,1414.3554722254798,
Enrique Bogo,1431.2296710932635,,1426.234259094787,
Oriol Roca Batalla,1629.509003261757,1498.342655851951,1607.3236451368534,1469.2551318959206
Alexander Ritschard,1714.3716179799544,1542.3593325935426,1782.1888254057817,1505.1015034523682
Skander Mansouri,1515.9311691020848,1463.17624850088,1471.79916124251,1500.9983421327038
Ivan Sabanov,1355.9979698912794,1408.659212523561,1419.458273869894,
Markos Kalovelonis,1474.7996130344716,1485.3305192287232,1478.5179891199325,
Kyle Edmund,1671.720795781936,1683.741689610208,1636.426975418181,1519.3324844716806
Kimmer Coppejans,1666.4293721155068,1517.0645247438108,1658.9956013438912,1469.8792928340165
David Pel,1421.983800406049,1451.797840254799,1473.9010781112097,1484.237608442152
Tim Puetz,1569.2913411456238,1598.666131635947,1534.628348386194,1481.4476029740358
Facundo Mena,1626.3056031856115,1500.092009356465,1618.5483100999056,1498.2146670767847
Jorge Brian Panta Herreros,1386.866419225251,1412.0207694902854,1414.192225224891,
Matteo Donati,1504.0915880336313,1439.065483141649,1499.5843946396235,1489.4723117251292
Aslan Karatsev,1799.0356732644968,1723.9460749733748,1761.6477943603063,1457.0891973949542
Christopher Eubanks,1778.4452342484376,1739.8194196665338,1463.910968570724,1614.953890502831
Mitchell Krueger,1711.8309760039406,1659.2398984769898,1554.639846971134,1485.6563546491177
Lorenzo Giustino,1580.434941748856,1480.9209726345505,1559.4331400758622,1409.7741052870167
Taro Daniel,1781.925558529391,1758.9835566158729,1619.74701394641,1465.61729443358
Wesley Koolhof,1449.5318542340915,1490.7914758204518,1474.2441117346457,1458.4352476296535
Jules Marie,1553.096216147894,1524.359727842452,1489.0686527058754,1477.889652907585
David Perez Sanz,1384.1856376273836,1408.8272558782314,1400.025153833898,1477.334956046289
Egor Gerasimov,1574.4640241526065,1554.4165615728928,1532.225607885656,1420.1970359435802
Pruchya Isarow,1460.4377465711018,1448.0690359568805,,
Kaichi Uchida,1511.1621212789278,1483.4904618193214,1503.7774150061073,1496.0324845950174
Shuichi Sekiguchi,1526.290547101091,1506.7935362961514,1489.0395601407763,
Zhizhen Zhang,1868.569081602049,1718.254465990586,1837.4761032491692,1536.0923118834514
Jonathan Mridha,1467.114549080522,1454.7795081319794,1465.62306271427,
Elias Ymer,1664.4655755629278,1584.8420657275778,1642.3958127361589,1538.0269198020849
Lucas Miedler,1542.7603135765398,1528.6107532169503,1525.7142126539873,1462.6957303880663
Hyeon Chung,1741.319686159674,1779.4123477920175,1707.4470605143183,1449.5571257573556
Tomas Lipovsek Puches,1415.483282584158,1498.7342233408606,1396.1162168653998,1479.0
Wilson Leite,1438.1597277015555,1426.868266227895,1415.3334981832809,
Yoshihito Nishioka,1840.9140062789704,1776.6574919058007,1683.7472539285025,1512.3959847527385
Lucas Pouille,1885.5264396212813,1788.2691757908556,1702.9851723789943,1641.3027876407866
Sidharth Rawat,1433.2063907512552,1424.6434580517175,1467.8626691651214,
Arjun Kadhe,1402.027681304538,1400.187274828138,1410.7659355635635,
Jordan Thompson,1996.051633673422,1930.8380619410764,1548.744628945187,1675.975871498483
Cameron Norrie,1891.2274300661013,1831.6925551609263,1860.9523455746448,1630.8714429363442
Thanasi Kokkinakis,1978.1163923630525,1885.0025558742996,1761.9982538641434,1480.6966772357268
Hillel Rousseau,1411.0914117848893,1460.7996374413135,1446.8920078937026,
Lucas Gomez,1434.269220557774,1399.6743446974574,1449.5245363704155,
Petros Chrysochos,1533.060722947254,1522.234395994794,1503.467274212005,
Nerman Fatic,1574.672163586704,1526.6815801176992,1568.0445432821402,1478.6089841763544
Nicolas Jarry,1843.763422374205,1748.241424952632,1872.377213128433,1543.894199746605
Borna Coric,1769.1511782378411,1730.896679488659,1756.5275928245926,1533.4406525595316
Jason Jung,1648.6411554871363,1613.382635170575,1502.4812057316678,1513.8659838580468
Juan Ignacio Galarza,1505.4933571414656,1487.1088223515733,1509.3542217576298,
Constant Lestienne,1739.3101034047495,1701.9244477854563,1466.652085790857,1466.0045668691344
Brayden Schnur,1559.425099383392,1527.1746795076087,1501.5261923055998,1525.8174994176486
Calvin Hemery,1718.542556525621,1619.1334759851998,1653.3007604778588,1481.8759725753107
Cem Ilkel,1529.0312403255125,1535.0993636985015,1451.016326271446,1399.1435178597792
Alexey Vatutin,1605.620961437992,1573.694267627792,1528.282557743825,1461.8006604539726
Sanjar Fayziev,1389.4505007569485,1417.0552127695607,1392.5200643620494,1477.7490230269734
Duck Hee Lee,1502.6099224881573,1498.5638492683072,1434.4598567159262,1432.9920761808332
Quentin Halys,1902.125915896492,1794.1953185782666,1738.8323255888838,1636.6276030140234
Johan Sebastien Tatlot,1614.85263745818,1558.695179771161,1534.8513963336654,
Salvatore Caruso,1554.6789268263326,1605.9183410434855,1496.3527204486793,1526.5621979652567
Omar Jasika,1583.2911850436883,1591.6006623641672,1444.7444916358097,1430.578006519686
Stefan Kozlov,1638.6513285211772,1577.635284392847,1586.458919323625,1487.0557352823384
Kamil Majchrzak,1811.046935174586,1738.2942341325788,1762.3478538697889,1593.1916950248024
Daniel Elahi Galan,1725.9151642210747,1628.7339556772845,1688.1511105740426,1577.1486040954703
Blake Mott,1519.654174144254,1517.756915999491,1498.668285601378,1473.8987062632154
Nino Serdarusic,1538.2110211065449,1518.981844669166,1513.168483145509,1458.3123955410722
Dmitry Popko,1591.1551139918226,1531.6385747367435,1592.777081926094,1460.280054094752
Mackenzie Mcdonald,1847.016699793523,1818.3233882919544,1566.9625146477722,1562.3333541864602
Strong Kirchheimer,1529.6400362023708,1521.657159355774,1458.0177688235929,
Gage Brymer,1404.2268672494818,1395.0111103011536,,1480.4483917049272
Noah Rubin,1601.215591771526,1594.2752892671554,1556.6202681114692,1503.710130532007
Collin Altamirano,1461.0865499210763,1461.463953216118,1474.9180872352258,
Gianluca Mager,1606.7684976107878,1575.6739331777726,1586.1230208620673,1499.5406532415443
Enzo Couacaud,1676.3809356452518,1636.185588703688,1650.7888580217543,1552.8234116461565
Jelle Sels,1568.7756424348456,1566.587409280152,1554.7970265972344,1422.5113006678223
Laurent Lokoli,1630.8693758340248,1589.855817675117,1547.893321943855,1543.499215223013
Federico Coria,1742.8740112785615,1532.2142725065414,1728.3011359631255,1399.4163963129795
Laslo Djere,1847.5330949356144,1776.0246282135956,1783.3664670239934,1481.9020794557136
Peter Bertran,1422.4455282174374,1452.5863903207644,1447.586877146441,
Karen Khachanov,2044.9044328550845,1975.1862788275769,1925.804566151699,1629.8021732150603
Pawel Cias,1492.6192317588673,1490.9868994832682,1482.2554850803456,
Pedro Sakamoto,1543.8865418329494,1503.5552765741645,1536.7099123045848,
Aoran Wang,1441.8976571822047,1435.894787686999,,
Gonzalo Villanueva,1595.805659974495,1451.0218099984395,1589.5837384052206,
Pedro Cachin,1643.2983660312575,1483.0341745869468,1667.4112266148566,1437.989224907795
Marcelo Zormann Da Silva,1403.906576831241,1496.557836062154,1393.2388473024414,
Andrey Rublev,1952.9652934782384,1890.5159750815344,1929.8987339626196,1669.894309067107
Daniil Medvedev,2123.764172513245,2055.521806321836,1915.405497719584,1773.3529451491088
Boris Pokotilov,1473.1820147156864,1472.4179987933803,1499.556505179438,
Young Seok Kim,1404.255829532286,1396.8923597999392,1487.148589563032,
Juan Pablo Varillas,1649.093343703408,1502.2253147554632,1644.8327317950875,1440.518344843517
Nicolas Kicker,1592.59966363502,1549.23367020272,1609.2365093035778,1448.706165822606
Sasi Kumar Mukund,1512.656215141367,1491.3746111828575,1447.2508389354855,1470.3526379106038
Sumit Nagal,1706.7754621399731,1609.5167803691147,1745.9950175603196,1463.2588595471018
Alexander Klintcharov,1443.280787067726,1438.4958113999774,,
Marc Polmans,1621.5677121796389,1604.308278060846,1545.923180197071,1511.6433949653565
Akira Santillan,1534.9949564892424,1477.5141749985012,1561.4577494397265,1506.6649704269844
Christopher Oconnell,1883.385357790633,1808.3066987871864,1672.5976554515848,1571.6686380368078
Viktor Durasovic,1521.5585291169991,1502.9809019836227,1518.7622821697726,1465.4420707409731
Maxime Janvier,1563.6301831342466,1467.4212159888225,1501.9014643734909,1520.6211202374734
Linh Giang Trinh,1452.249428579462,1463.3582652395198,1486.0,
Aleksandre Metreveli,1394.65519115279,1385.3779706974478,1453.930797277926,
Naoki Nakagawa,1541.6846601604766,1531.4694442406037,1458.0511302891605,
Juan Pablo Paz,1501.0649405684037,1492.645659389821,1483.7911979483038,
Duarte Vale,1401.8228314963587,1458.1318676610674,1416.380290276133,
Johannes Haerteis,1512.4587395743229,1541.8527336740608,1422.286955626571,1487.328897894588
Khumoun Sultanov,1579.8026007315193,1581.9271405538948,1445.4464994254915,1502.0038259956025
Mats Moraing,1585.5587008053114,1575.7890272265415,1568.7847792176683,1431.0665655769635
Joris De Loore,1681.191693727743,1660.127561137158,1590.9587066291504,1510.1188043093196
Rigele Te,1491.411093496142,1458.0657967908253,1494.689123144309,
Tim Van Rijthoven,1693.7067001030011,1613.0275334702071,1512.2755292261047,1553.5010017872785
Jan Choinski,1712.433110536575,1574.5048478912188,1686.0991820909574,1389.237230229924
Mikael Ymer,1875.7905096638729,1812.7554374129527,1683.8743815536673,1569.126161543121
Ernesto Escobedo,1560.4876018877856,1558.369935681756,1486.3448048945163,1449.346408651897
Matija Pecotic,1586.6566037716866,1597.0251774808444,1505.6913425221055,1481.7669851402354
Frances Tiafoe,1985.3987094505317,1908.3395254895831,1753.4197434851874,1638.6086714622932
Alexander Erler,1487.463528831404,1420.6645351846992,1504.4358375660752,
Taylor Fritz,2180.456839577972,2069.8612135128888,1914.0417073261128,1717.2903114339929
Eduard Esteve Lobato,1544.0081807776278,1488.304589817414,1534.9450236144762,
Lorenzo Sonego,1866.4195985506483,1780.4915201287602,1747.6325932743136,1597.0238716143206
Corentin Moutet,1887.8034945721424,1757.3751766241232,1811.2656750813949,1549.8440753078305
Gregoire Barrere,1735.4609563055892,1643.1127870327716,1699.267709738295,1558.87296841667
Yusuke Takahashi,1507.7453784380093,1494.7637202484896,1504.8781774806075,
Alexander Bublik,1839.3680926309412,1770.952753252422,1694.8136935906716,1684.2561635393458
Matteo Berrettini,2026.871972982001,1877.564468548686,2031.250372186997,1796.9773724128404
Gregoire Jacq,1521.1263234930532,1494.7640603975003,1501.952376097769,
Hunter Reese,1404.018246039749,1449.5034454282554,1439.545508890371,
Kaito Uesugi,1514.92989940427,1503.881068407968,,
Juan Pablo Ficovich,1649.636993321609,1528.4274293410754,1657.2672862186291,1468.4271041107131
Luciano Doria,1464.8827468617146,1487.7060945953097,1474.8979515525216,
Niki Kaliyanda Poonacha,1415.2409883445453,1404.2664951003062,1468.1247036737907,1514.029480559508
Domagoj Biljesko,1442.6054487039837,1484.5761990653975,1447.183656957166,
Thai Son Kwiatkowski,1561.2872458944776,1578.2447600900257,1515.1929447574043,1404.8352404443558
Geoffrey Blancaneaux,1606.922119160744,1584.244104481342,1561.628232621261,1446.8683963841593
Stefanos Tsitsipas,2037.410929578497,1917.549906260571,2071.5220338830923,1626.9346331774016
Roman Safiullin,1925.909604961064,1856.6949635992712,1701.1065428057927,1600.8447982446776
Michael Mmoh,1755.4802050347532,1689.806114505758,1570.0424992934186,1520.326976756871
Hubert Hurkacz,2022.0250233883748,1926.1812044016967,1905.4544504920648,1695.185746731029
Issei Okamura,1381.7346246728637,1383.5023785296469,1483.9480191095795,
Hernan Casanova,1519.8759936818014,1480.7627407587074,1518.3895999419,1484.0506222060733
Benjamin Lock,1493.4768500285472,1477.4710285999358,1461.8258796392854,1485.6877681061414
Edan Leshem,1517.6028428664388,1480.003694755474,1510.0861215897016,1500.7395166055833
Altug Celikbilek,1597.9341628619231,1577.1437566643392,1481.278340449892,1499.6113923319533
Lucas Catarina,1417.5036014960742,1428.3518703079556,1417.851773713924,
Orlando Luz,1576.8127606052203,1450.8110262408418,1585.5365948455706,
Tommy Paul,2045.3401821791297,1934.1297170204116,1804.967515225752,1728.262202046127
Jaume Munar,1824.42720705118,1614.0082871134423,1805.1883689279348,1449.2886448597872
Dominik Kellovsky,1432.1877201743732,1480.5067342346215,1428.294207479418,
David Poljak,1450.753650907731,1456.3518502887569,1439.1368477471244,
Sebastian Prechtel,1471.0387988413638,1500.4804151862,1453.6800996420372,
Louis Wessels,1488.1763408351203,1383.8988918611071,1505.0001855937269,1465.397989378985
Patrik Rikl,1448.3590651100103,1487.4075776979068,1434.1179986872626,
Zdenek Kolar,1601.327805987304,1541.692651562451,1582.0492898886966,1480.4895503062653
Seong Chan Hong,1725.0627842942586,1685.843357115005,1495.850434482207,1409.8808117063527
Sarp Agabigun,1367.229215208298,1406.691322410809,1415.5328134723693,1477.054305178647
Ivan Gakhov,1594.478788685484,1419.9588556205754,1576.3697623991422,1480.5775368755378
Soon Woo Kwon,1774.1962901811753,1730.2768741655193,1593.509206841891,1514.7946014720246
Louis Tessa,1495.9587068563485,1499.874395481584,1484.0363052220373,
Goncalo Oliveira,1602.6131011556363,1532.1092073884286,1539.526362115448,1467.407576645402
Jea Moon Lee,1436.1177146770976,1419.6718376248934,,
Evgenii Tiurnev,1512.0712979988732,1501.1420866857536,1486.3202402203324,
Ilya Ivashka,1704.2297908078724,1651.2854563489482,1696.357666831139,1561.9949291223782
Alex Knaff,1499.934960238562,1505.9146031839452,1484.4849806484665,
Egor Matvievici,1476.2912926481551,1486.2326082260397,1488.5493101644408,
Hady Habib,1662.0904503461843,1578.6830086620291,1574.4225547518138,
Felix Auger Aliassime,1935.9847065142428,1829.0361752915333,1881.407226770452,1589.5119906780417
Dragos Nicolae Madaras,1542.8021933261734,1503.0157036820178,1499.3983232749918,1480.2958400938207
Reilly Opelka,1804.062627595686,1764.880953743833,1751.3155743315417,1515.926397100557
Denis Shapovalov,1983.6393481046928,1892.87674934298,1810.1514178287648,1609.4492117641255
Yunseong Chung,1613.6902485313078,1597.622560416591,1529.1963962748227,1508.3299217743456
Andrea Pellegrino,1636.4148677755004,1441.5738115651232,1624.0653249323057,1443.996906287127
Michael Geerts,1578.3554342308307,1566.0238731130833,1529.4127664285006,1468.5092769580235
Puriwat Chatpatcharoen,1453.4281838753216,1455.8475823418578,1488.38601660536,
Hugo Grenier,1715.865467398189,1665.1203132717246,1532.9325506836396,1523.2017841637107
Alexandre Muller,1816.090521184812,1684.394628433005,1779.6607283377075,1499.765942631818
Tallon Griekspoor,1966.1873853991276,1875.3607486701787,1778.3940478373,1633.3032897081373
Vadym Ursu,1454.9825698352704,1449.2237500139267,1454.2911991419112,1485.9505183897154
Matias Franco Descotte,1507.4775980076288,1474.4013053575072,1502.096427682323,
Oscar Otte,1718.3926708151184,1608.0042829984604,1653.555798408317,1621.9857958354503
Nicolas Alvarez,1484.9052235548224,1456.3888370065984,1488.6367002962577,
Artem Dubrivnyy,1557.9721003852562,1540.8529133121306,1490.685083037407,
Alex Molcan,1660.7209132010717,1672.7575864999012,1673.6455612676127,1527.325109512201
Kirill Kivattsev,1503.2969927606728,1543.2233677044742,1468.71311065507,
Kuan Yi Lee,1491.913922137765,1480.2493635883586,,
Oscar Jose Gutierrez,1371.6913006327457,1419.8799650854492,1406.1540383341096,
Fajing Sun,1563.0270612580748,1540.141038101746,1432.911466819539,
Nam Hoang Ly,1521.3816302339808,1511.317660582055,1480.8440465118551,
Franco Agamenone,1551.2113294169728,1463.6246985629857,1557.4259804885062,1428.519003543382
Sem Verbeek,1459.1806260453898,1476.6104116897857,1458.8901617148138,
Tomas Barrios Vera,1727.9188830735063,1553.684862593777,1714.5635678486992,1569.699358628574
Bernabe Zapata Miralles,1621.205095212592,1531.6182342707953,1607.922243630004,1509.282149962719
Ivan Denisov,1469.0468213733736,1465.636144873925,1499.5085964488312,
Sebastian Fanselow,1520.869771224554,1545.9918008780144,1475.4290930783068,1488.485082959203
Thomas Fancutt,1451.376238359628,1443.1994266581337,1469.4133705878287,
Pedro Martinez,1803.0628380361588,1653.197920636191,1841.798546175679,1441.9865073246513
Nicola Kuhn,1626.9762749718336,1557.186885879663,1557.7667792938876,1544.5444026575817
Carlos Taberner,1666.7577964471664,1516.1498521495262,1658.291418668067,1462.0596869203223
Antoine Bellier,1505.228211244514,1511.6784090165313,1469.4748889271189,1510.144488160267
Hans Hach Verdugo,1381.6931339117418,1404.7058142551275,1437.0300040191216,
Jirat Navasirisomboon,1448.8093421276162,1460.267676580973,1479.3884032072372,
Jake Delaney,1448.548621176942,1432.7306021239513,,
Sho Katayama,1476.7970385624228,1467.9275325352903,,
Makoto Ochi,1450.883686616792,1436.9325162083603,1482.4882027814251,
Sora Fukuda,1478.2373801972938,1469.237324178034,,
Julian Ocleppo,1531.4715913072591,1503.9206876878095,1505.7956037926592,
Franco Emanuel Egea,1484.928052839196,1488.0,1493.1238750992495,
Santiago Fa Rodriguez Taverna,1592.330526510056,1529.555571981022,1586.2286049573088,1500.3322752105703
Aleksandar Vukic,1876.0008483733784,1796.4549738413134,1622.6833564855017,1578.4399798098589
Lawrence Bataljin,1417.023702614583,1447.0720412173896,1461.558669057437,
Gian Marco Moroni,1564.354953123732,1501.01916230543,1586.686442733498,
Mubarak Shannan Zayid,1480.4499822239688,1466.0415461337457,,
Blake Ellis,1554.930241712472,1534.0653432031563,1507.225094138435,1500.5875575217487
Kody Pearson,1398.6407565750317,1411.8955572936295,1475.6417675524476,
Adam Walton,1722.4251994735987,1686.413538583217,1470.7952081321514,1499.1815068219037
Max Purcell,1815.9275705696125,1713.5147266650497,1541.617610381921,1599.3078214757345
Alexei Popyrin,2016.2973916799615,1946.8141281160335,1737.7964953859378,1567.413325311216
Matias Zukas,1456.198953722334,1482.9678480948337,1461.8321573784192,
Alex De Minaur,2081.228499510223,1985.8441416307792,1903.020991844615,1739.772932279148
Natthasith Kunsuwan,1413.2114039844223,1408.7536287702862,,
Alexandar Lazarov,1598.2918924623173,1585.175440357529,1526.6965060052228,
Nick Chappell,1402.616956996967,1415.6241084360345,1423.3331110242327,1488.268010635319
Alex Rybakov,1574.042866126888,1573.6171923392294,1531.2813482394686,1505.0360400043292
Calum Puttergill,1406.663090698432,1407.3177048230648,1478.2369301234182,
Nick Hardt,1639.1611543520748,1549.0037517072378,1596.1501425091055,1495.860100863541
Federico Maccari,1473.3134251324718,1478.3669704433555,1486.1585007107542,
Manish Sureshkumar,1410.5481537091898,1412.6353770132075,1476.1977870984535,
Adil Kalyanpur,1400.6012282827753,1399.7947033857754,,
Szymon Walkow,1430.4958269998492,1445.563247713539,1462.3607403408885,
Pavel Nejedly,1476.8759534572257,1448.8655224995389,1488.9905625188442,
Karol Drzewiecki,1405.2503016635212,1430.9138057588775,1430.4560837217616,
Ko Suzuki,1500.841359604132,1500.0590479123898,,
Kazuma Kawachi,1440.5286878302663,1439.2427719291231,,
Yuichiro Inui,1457.9602739744105,1454.4666633928498,,
Renta Tokuda,1499.5263691982057,1485.1734604024589,1479.4692242630028,
Shintaro Imai,1497.5432218606436,1478.922533665735,,
Lloyd Harris,1848.5813378838984,1748.6124864893116,1592.5449125203634,1613.2647039467151
Joffrey De Schepper,1435.3722585338232,1431.4130861898443,,
Ugo Humbert,2058.797831631908,2007.179644262416,1689.3181141276905,1629.0599008428449
Manuel Guinard,1637.4451688789186,1573.2312564978226,1610.2546610915606,1459.11772816924
Alexis Gautier,1481.106728932472,1465.717134380023,1436.644646381545,
Lucas Bouquet,1501.6250035325625,1441.4996093591928,1539.910536506279,
Courtney John Lock,1366.766888266717,1391.475378151389,1463.3834968960678,
Eero Vasa,1407.910967316932,1441.240474992136,1441.7261782580354,
Hernando Jose Escurra Isnardi,1506.0318181172206,1475.4510006446671,1520.356048463328,
Casper Ruud,1979.717942742083,1870.4073296212905,2054.7024355400854,1503.2507929855474
Ivar Jose Aramburu Contreras,1364.740203239843,1407.2145738851964,1437.8815882168549,
Cheng Peng Hsieh,1388.399891362444,1396.8441969662254,1470.7022733795532,
Elliot Benchetrit,1536.5278372052803,1553.659650932615,1505.5707990344472,
Eduardo Nava,1552.8602611503152,1450.288915177443,1573.0133010660545,
Alexis Galarneau,1677.135706151125,1644.5382175833292,1530.7300713108948,1502.75488389741
Nicaise Muamba,1400.483408243468,1399.3464773280616,,
Yibing Wu,1845.519472794091,1822.3419070858213,1593.18411603153,1481.926684642183
Daniel Cukierman,1541.6015276754454,1509.3755844238128,1530.5872552639162,1487.426899742065
Nicolas Mejia,1580.3938892412127,1519.2736851037716,1606.205250524282,1474.6707149283372
Esteban Bruna,1445.3404994283028,1500.3488780617363,1442.8183785703134,
Giuseppe Tresca,1422.2022848201864,1478.376293731959,1427.7310838308829,
San Hui Sin,1481.0731812704737,1474.7905501534767,,
Mariano Kestelboim,1548.612703521546,1520.998527060117,1528.7953184022133,
Fernando Yamacita,1427.886254822553,1489.2870413930254,1433.2753548009716,
Thiago Seyboth Wild,1857.8576680208007,1787.3143067470105,1731.9086214868958,1518.672546642994
Mateus Alves,1590.6560327334942,1444.6623928072145,1604.689629358296,
Gabriel Decamps,1495.3295828891105,1487.4412417860108,1485.0717321667496,
Felipe Meligeni Alves,1742.8671290916427,1557.3499360705484,1736.6399739308815,1542.5981212274742
Edoardo Lavagno,1471.821655526651,1449.062292539612,1495.362694400103,
Luis Britto,1413.157458863052,1488.0,1419.026230939176,
Piotr Matuszewski,1384.7210682296925,1458.9181470394722,1409.853075419231,
Mikalai Haliak,1409.4372466575082,1409.282135761648,1434.219398413014,
Vitaliy Sachko,1628.163107662282,1618.3442748796851,1596.6051282915262,1465.0050110422958
Tung Lin Wu,1690.0825662184193,1647.15390351529,1565.3026415818117,1468.6781547295118
Alvaro Lopez San Martin,1527.634423478813,1490.9836663921374,1517.3064534448831,
Jiho Lee,1463.018904363264,1463.0386485878362,,
Sergey Fomin,1480.4837236054673,1420.1594925400475,1526.2377819225285,
Yeongseok Jeong,1460.759479404045,1456.2422939144003,,
Daniel Altmaier,1785.490310165995,1691.884275393012,1722.39915160213,1459.7712437614575
Andrea Vavassori,1736.8247066749582,1670.8857203734,1721.4577379302507,1468.3023202612462
Johan Nikles,1523.1534821120183,1462.798341993893,1525.2800615737117,
Corentin Denolly,1549.083673279729,1491.6406297279057,1523.5895306254672,
Luca Giacomini,1499.8984535008146,1530.3218776713495,1466.344620608157,
Francesco Ferrari,1407.9809826556811,1434.6891376663068,1445.1364573991832,
Giovanni Oradini,1484.5951030359297,1445.07331703692,1503.853499164253,
Vit Kopriva,1761.5161757813398,1620.2803586070036,1705.7824571932754,1552.4079252580914
Matej Vocel,1448.8428546610144,1474.8230520643524,1465.0549783489696,
Rudolf Molleker,1590.9286261663294,1490.6434795960838,1592.836186653814,1471.229221550487
Marcus Walters,1503.8146385978157,1499.4167393587534,,1499.4110614645545
Alastair Gray,1566.136727073686,1529.9621795535609,,1444.042921725221
Alexis Canter,1452.0383518596616,1474.0377330413469,,1473.5367446320795
Antoine Cornut Chauvinc,1518.2295225951605,1516.3741405394885,1446.112233675889,
Filip Duda,1475.7996157521425,,1473.7307885568969,
Petr Nouza,1573.0642654732994,1492.8581564537706,1565.986547134083,
Lukas Klein,1800.4116043833064,1752.345599688865,1683.8940245681854,1550.5615357355705
Jay Clarke,1572.1097178122436,1537.6428910042878,1488.020049665084,1418.8809512959438
Benjamin Bonzi,1928.7455414371943,1870.525874038558,1613.3468047566191,1580.663186336327
Gianluca Di Nicola,1449.4292102297366,1494.7628928026957,1442.5935220541487,
Timo Stodder,1524.6774831559082,1480.8470414153628,1527.162381138674,
Karl Friberg,1510.8725184209814,1495.717417189254,1493.4031614650874,
Alejandro Tabilo,1906.2925503063725,1785.3731733412926,1839.4270545765007,1578.9279787369712
Benjamin Sigouin,1401.0140531362374,1397.9039108990196,1488.1430407302587,
Marvin Moeller,1552.4964238485152,1566.3614741301762,1528.7867049213353,
Kacper Zuk,1525.120052009999,1506.6428642743529,1553.370251706575,1495.9500540224212
Tadas Babelis,1435.2722334333926,1449.2394318283737,1474.548577107971,
Kristjan Tamm,1442.7709927560147,1481.3981313143618,1451.119320826736,
Ulises Blanch,1541.0869166629554,1531.9226462815686,1536.3955514398913,1497.809760698261
Brandon Walkin,1455.9174387331875,1464.3677303906195,1465.6072865270446,
Uisung Park,1475.9602000366372,1472.331093039413,,
Hendrik Jebens,1441.0290811931263,1454.49050365811,1462.112904285853,
Giorgio Ricca,1414.8016483857518,1467.546574948732,1428.3307340491808,
Tommaso Compagnucci,1421.359952566067,1479.3392595653131,1426.6390186893937,
Dominik Recek,1479.0521820013296,,1476.8765928446987,
Enzo Wallart,1460.5519746932232,1455.3256594421132,1479.2535292875243,
Alex Lawson,1342.5766227535682,1386.1994006622822,1413.854548314366,
Nicolas Alvarez Varona,1587.570199989876,1560.272570339097,1531.9507190803922,
Antoine Hoang,1487.1013647386585,1501.5759870873103,1486.193948083966,1545.0735620594492
Botic Van De Zandschulp,1895.145895525892,1825.7557430579668,1745.6574108116135,1551.7482507888333
Grigoriy Lomakin,1284.0064964972337,1349.3248454421637,1341.0301285868445,
Marek Gengel,1442.8653797043924,1489.069135865066,1350.5671248026763,1487.4897148697312
Jie Cui,1533.76409665715,1514.0834827837189,1461.3133156808406,
David Pichler,1482.354389013968,1453.817267462515,1486.1557905832783,
Ergi Kirkin,1524.4010237144987,1430.2882697044954,1564.3525834806403,1487.405742000733
Federico Bertuccioli,1468.283495043096,,1464.9499478520809,
Dan Martin,1444.2088483672032,1437.7374823590535,1493.4072393264244,
Niklas Schell,1425.13770129519,1434.0979475652784,1462.7116542556544,
Giovanni Fonio,1642.371318808942,1619.140072948365,1598.378621102432,
Vasil Kirkov,1484.9778602442134,1488.5966715599627,1486.1705655810306,
Davide Galoppini,1435.1367536175203,1477.710267493553,1442.363069252248,
Federico Arnaboldi,1615.6909340520654,1454.7476130844454,1620.9264471921554,
Chanon Phunsawat,1488.6383248803857,1488.2454348833037,,
Iouri Sant Syromolotov Netrebin,1473.3377769559868,1486.2149615686312,1487.7633134034124,
Javier Barranco Cosano,1649.9277221494542,1562.3970428472,1602.8984133350905,1501.4343639700069
Ivan Marrero Curbelo,1466.4342575720852,1488.3879705208328,1448.9733570436954,
Clement Chidekh,1611.9762613766816,1603.530894926853,1515.447308602301,1490.0234405237934
Adrian Andrzejczuk,1467.8695674063113,1487.4091975006836,1476.7530974814397,
Dominik Koepfer,1844.268713021135,1800.304362324366,1755.1902560668932,1531.273271751735
Sebastian Ofner,1779.9083746099989,1725.905494478041,1737.5715248750969,1562.7727224798564
Jose Fco Vidal Azorin,1465.5300411853495,1489.2098882968232,1468.4870569486066,
Cengiz Aksu,1472.837185720317,1464.7462583716122,,
S Mert Ozdemir,1450.1646444419353,1450.705838819267,,
Tomas Vaise,1453.4678725231147,1451.4699971425384,,
Gabriel Pascotto Tumasonis,1437.9573188288118,1487.418397313033,1448.470884877674,
Adrian Andreev,1614.9098703602465,1577.897708304409,1610.35291960715,1455.826698690006
Bogdan Pavel,1495.269322888935,1521.426609405672,1455.5083297628537,
Marek Jaloviec,1432.6203581977918,1476.1291995396818,1435.0197746520614,1466.1425680062127
Kyle Seelig,1482.9242492984151,1459.0175330236164,1508.953273361311,
Dragos Constantin Ignat,1475.418579924975,1484.033371976764,1486.3924205720557,
Alex Kobelt,1429.362206114248,1427.8085013993532,,
J J Wolf,1708.20191589646,1650.5938715481248,1626.7032657758948,1523.9410752650476
Yu Hsiou Hsu,1627.7020335757738,1606.4528628588291,1460.8353490647223,1428.5767740754263
Luigi Sorrentino,1481.6293845137277,1487.3156506319906,1478.9263858997851,
Jenson Brooksby,1961.209450061865,1922.055637192513,1631.677883879456,1553.719714023151
Evan Zhu,1429.1325253415205,1432.2660221076787,1493.3432451673534,1465.2834848441364
Zizou Bergs,1899.3417639946863,1788.0204029018505,1779.912786712619,1586.250782894026
Christopher Heyman,1460.0226405060694,1502.1084809430572,1415.895163568919,
Gauthier Onclin,1612.6798792756792,1565.6460504140416,1580.548390271333,1494.61774813139
Pavel Petrov,1463.895802578231,1475.360782187449,1487.776842929749,
Francisco Cerundolo,1942.7455337579183,1827.3951534162804,1908.834386450208,1533.8695708104324
Franco Ribero,1466.2832753374814,1486.347570152928,1477.058781190497,
Genaro Alberto Olivieri,1616.683377148937,1517.4859596366516,1617.074224362511,1436.0056768553277
Juan Bautista Otegui,1481.128913311017,1516.535058391558,1466.6746365156832,
Camilo Ugo Carabelli,1781.768561477363,1533.140519758448,1758.4938485222085,1455.275948213481
Brandon Nakashima,1947.8729041227089,1855.774494584365,1745.950296538812,1632.6853475104504
Keegan Smith,1540.798405286693,1532.6409870691175,1469.1296293913017,
Nicolas Bruna,1405.002470724553,1489.518737993874,1407.1993269773989,
Stuart Parker,1541.3667028675968,1564.263430747926,,1392.9003695971082
Evan Furness,1560.431857802116,1531.2308574887263,1562.4552436386423,1476.6116470399834
Alexander Cozbinov,1440.604480249359,1432.8071075840671,1489.18988136519,
Siddharth Vishwakarma,1445.6089238261015,1436.184072507876,,
Abhinav Sanjeev Shanmugam,1458.4231949084708,1452.2076348973203,,
Anirudh Chandrasekar,1421.8210973812334,1432.638017649737,1479.2856652857367,
Henrik Wiersholm,1487.527307571782,1485.333264124731,,
Roy Smith,1418.220701267439,1408.8189308288738,1479.7276767162018,
Arjun Mehrotra,1461.425435525615,1460.7159489100056,,
Jurij Rodionov,1692.0278630742955,1672.6563593780695,1564.144728071348,1490.3029918163977
Leopold Zima,1422.2725213343022,1451.5436292294555,1460.3601299649154,
Yuki Mochizuki,1523.9926518613977,1514.2352179345417,,
Sho Shimabukuro,1718.5825256620874,1657.079837939863,1536.5267229141034,1572.3111300621388
Ren Nakamura,1415.144953681897,1442.258386597572,1474.6107715322714,
Shinji Hazawa,1487.1158627176685,1473.3800942074763,,
Kazuki Nishiwaki,1408.1365676582548,1402.872980022821,,
Patric Prinoth,1431.9932840417068,1429.6444386665362,,
Scott Jones,1463.1396220788029,1459.1587759788404,,
Luca Wiedenmann,1506.1999006631402,1511.9940718530695,1488.95325172066,
Yosuke Watanuki,1793.749935745072,1750.5282824493513,1624.5210372707854,1562.960131685726
Rio Noguchi,1577.038067991882,1561.2097910177372,1423.1177087511264,1476.4804559345844
Yuta Shimizu,1699.3882100839426,1664.8357401241744,1474.8347762837268,1513.3557315556682
Ignacio Carou,1336.4833664801558,1474.8484027724046,1338.366578089901,
Ezekiel Clark,1386.39408364566,1378.6336756489532,1514.2514555083058,
Aleksandar Kovacevic,1684.1801881514823,1652.8007618214897,1499.966533312803,1481.3619721660557
Beibit Zhukayev,1712.8901187609556,1628.019670479117,1494.432520617826,1549.1182840748706
Sean Van Rensburg,1471.174043874788,1470.2799260999805,,
Tomislav Edward Papac,1459.7261949114693,1459.4616423937182,,
Matthew Dellavedova,1491.7050938804985,1429.1887730404512,1512.608697633572,
Corey Gaal,1472.526588571184,1472.4581024863865,,
Jesse Delaney,1433.9916997237751,1430.9321722628845,,
Benjamin Hassan,1711.239656198942,1648.40995149245,1669.365938967021,1486.7268449914104
Florian Broska,1481.7699584440809,1491.4466322622684,1486.9886685674387,
Aziz Dougaz,1599.2266171661258,1554.5914442364924,1553.4427933016657,1459.4741092363265
Menelaos Efstathiou,1426.8156955331638,1435.279938234852,1479.1193071768446,
Hong Kit Jack Wong,1497.0217816084064,1494.7493293032107,,
Hamid Reza Nadaf,1499.2419459277205,1514.4737655432118,1486.0,
Alexander Merino,1362.4227871684182,1466.569339621223,1380.27599879562,
Yshai Oliel,1505.9187352182362,1468.103565422229,1508.8311276471843,
Anthony Susanto,1442.783342583644,1455.7231167138953,1486.0,
Sathi Reddy,1437.8787911647128,1464.9084243961172,1477.008769043963,1487.72943406401
Mate Valkusz,1651.6804443504475,1590.5208213432677,1604.7365379905702,1480.742757700252
Fabian Marozsan,1855.363394224875,1798.18100783998,1739.295937580472,1487.4680228582235
Zsombor Piros,1668.6947635720485,1630.118906287951,1612.1401629610052,1535.367509613732
Matteo Martineau,1644.5962681062215,1626.189520302207,1508.0743407173072,1492.482942829012
Alan Fernando Rubio Fierros,1425.7318866660464,1455.7716073373597,1438.341873190747,
Boris Kozlov,1418.7817354543454,1429.7226277864902,1476.608492820469,
Masamichi Imamura,1521.189918011417,1508.3125752209191,,
Matias Soto,1606.27135540453,1515.0370864697247,1572.347686437684,
Tomas Gerini,1484.8163354691344,1498.7896014316418,1487.997510213854,
Thiago Agustin Tirante,1704.0968250790747,1599.9293590742225,1658.6747570663197,1490.9422237362626
Fermin Tenti,1449.578911231902,1473.944059071421,1465.13424871374,
Miomir Kecmanovic,1885.7873795985893,1771.4060476436134,1788.7527402748156,1556.8741348333615
Maxime Mora,1448.815903359099,1466.243441947827,1469.5740940117169,
August Holmgren,1644.370795472962,1604.4909830338438,1510.842937520606,
Mykyta Mashtakov,1468.567765206329,,1465.3925834389706,
Cing Yang Meng,1480.4514086878746,1479.2996667954774,,
Sebastian Korda,2051.7367057901074,1956.0324681183877,1750.7308146886726,1642.0249028435005
Patrick Kypson,1650.4658987564155,1639.6500821955826,1559.2629849413315,1493.7508432408615
Andrea Del Federico,1411.16895502376,1488.7896155394062,1406.3816242875546,
Alejandro Davidovich Fokina,1912.648137688831,1850.191779865101,1792.9267116381632,1504.392198675778
Robert Galloway,1430.7543332512323,1453.1906359070845,1448.593855441407,
Ji Hoon Son,1525.3672081101024,1515.0785212944086,,
Yurii Dzhavakian,1486.30144277649,1494.5543178565788,1479.299776271168,
Luca Potenza,1506.235568462637,1500.0123569892062,1488.5981153644298,
Bogdan Bobrov,1482.216571227962,1469.6506951552774,1506.294912665046,
Kai Wehnelt,1457.0660862398656,1467.4198523350965,1462.8782684569787,
Felix Corwin,1509.7493895362577,1498.5301996921382,1494.8906656656768,
Brandon Holt,1681.8470897795958,1640.1840203173592,1501.7268164227369,1484.6811614443725
Moez Echargui,1563.4331374578885,1511.1366925588316,1549.9188660947675,
Jannik Opitz,1477.89955345453,,1476.776825766819,
Arvid Nordquist,1489.04805797298,,1489.7190211580478,
Marc Andrea Huesler,1763.9499186100095,1695.656618458652,1666.1117333023287,1550.3456821501716
Michiel De Krom,1442.1206294362878,,1441.260980398687,
Timur Maulenov,1409.1566503149886,1439.9842533194933,1454.9576221587229,
William Blumberg,1565.3452628851508,1534.6564705336364,,1506.5761755268188
Patrick Kaukovalta,1474.1757771661262,1488.1539294082395,1473.2800291118697,
Jacopo Berrettini,1599.5467243231135,1487.694517542292,1582.589880928136,
Riccardo Balzerani,1417.161422867788,1490.1855049733308,1404.6963156921793,
Taha Baadi,1410.1403543441816,1403.665446874616,1487.462411208764,
Alejandro Hoyos Franco,1426.051940007827,1486.4062281390757,1437.3815284278232,
Henri Squire,1703.073873859744,1602.4250625438003,1678.4473962467537,1444.6050515236602
Mats Rosenkranz,1575.119057542288,1562.0631342783452,1463.8214272194014,1466.4919508433527
Borna Gojo,1846.0220495175904,1799.256798295058,1675.1597940377733,1453.4210499831831
Alexander Weis,1527.2173639241596,1415.8455938362292,1503.4889275999035,
Tao Mu,1465.1174185661112,1461.470369782489,,
Gijs Brouwer,1718.765775115063,1632.033212734079,1591.039211591324,1568.2056117993266
Koray Kirci,1432.1412440398713,1450.8442377913589,1466.1343337962835,1485.2206603965494
Vlad Andrei Dumitru,1453.7478625581996,,1449.5511814184645,
Vlad Andrei Dancu,1501.7894719963106,,1497.09094205698,
Yanki Erel,1494.4851879802443,1505.0379513954824,1455.2650554174909,1489.391132977844
Olukayode Alafia Damina Ayeni,1482.9894778925102,1479.790564466387,1471.2058229845468,1472.8536129488257
Akram El Sallaly,1485.495144801508,1492.3809396434738,1495.991426329914,
Tsung Hao Huang,1459.4997986739593,1455.022304798153,,
Chun Hsin Tseng,1661.24240410754,1566.0346455661602,1703.9711888495483,1432.707882076664
Sebastian Baez,1830.7055663184735,1674.8776041414117,1889.6747261160065,1457.6523960253369
Jack Vance,1472.7834747058134,1472.439164562745,,
Matthew Christopher Romios,1394.3960185941548,1405.3538448818692,1457.6123427755126,
Jakub Paul,1615.069029404511,1574.0797788085558,1510.1487057874062,
Mirko Martinez,1448.9538499243606,1458.975202512623,1478.559374128013,
Clement Tabur,1553.0869386461864,1416.6900225944355,1559.7721153241112,1477.305705944361
Shohei Chikami,1472.778532710099,1472.059007478683,,
Enrico Dalla Valle,1603.3593900822525,1505.0308313858488,1602.5899493533984,
Andrea Guerrieri,1493.091186148856,1450.7345453719993,1497.1043890498877,
Dhakshineswar Suresh,1472.4951620075683,1467.3300823185814,,
Colin Sinclair,1503.3685801472209,1490.3593226284268,1514.263383051726,
Palaphoom Kovapitukted,1460.2891581328872,1437.70338215818,1514.0,
Nitin Kumar Sinha,1449.3581540953596,1448.6859713184033,,
Jason Taylor,1419.061733068467,1440.3302701664272,1470.264615879135,
Jaimee Floyd Angele,1456.4769587122985,1466.8994842803008,1470.2598219924444,1484.2892857803004
Finn Reynolds,1439.9658135127902,1441.2057645414347,,1487.8827225474297
Emil Ruusuvuori,1855.0900952574093,1840.2044214256464,1623.4214308385094,1558.3919488219371
Thanapet Chanta,1432.1171779043586,1436.8353239658638,1481.741128766583,
Marlon Vankan,1483.2497790347834,1504.5386688589383,1474.078761992783,
Mick Veldheer,1468.0416572140043,1484.1482436159083,1482.4199155272431,
Patrick Zahraj,1582.00962037485,1585.1198241123184,1469.9861974197838,
Thomas Yaka Kofi Setodji,1488.887680867844,1491.8030301842757,1492.470950643171,
Petros Tsitsipas,1373.5251202586323,1431.1081495505043,1414.7143001896354,
Karl Poling,1516.6488057944664,1516.1585607147,,1490.1757159294084
Michael Zhu,1442.34416583896,1445.3644558257452,1488.1625333856257,
Simon Carr,1437.668242383582,1426.0602482996271,1487.0299059280346,
Rrezart Cungu,1478.0026856721202,1501.0901468477207,1476.4638439864448,
Jacob Brumm,1413.8257805560074,1426.7383560106696,1461.702680778285,
Alexander Donski,1524.9570533773551,1492.973416373833,1516.1602891109208,
Hugo Gaston,1805.599380907929,1645.3282985907765,1809.0261125207176,1523.9988467482465
Boris Arias,1370.412407959108,1439.809434725853,1408.396152663424,
Chukang Wang,1398.096253981503,1408.6280195118295,1478.0792973145776,
Tristan Boyer,1766.9833490785331,1629.9406096011105,1703.148500440808,1481.185038766925
Arthur Rinderknech,1889.09709295028,1820.105042585241,1707.5069607085466,1511.6768856288368
Herbert Jody Maginley,1444.9211155116066,1442.2588317556676,,
Justin Boulais,1443.542263736884,1437.2491277228348,1487.675904337515,
Cyril Vandermeersch,1461.252152476679,1453.7234906198928,,
Carlos Sanchez Jover,1558.430629155063,1490.748206834189,1538.203347072241,
Daniel Michalski,1550.1123631301143,1502.7545653989096,1540.872247798845,
Francisco Llanes,1463.1138139789357,,1457.5130347858078,
Brandon Perez,1458.4127605341723,1475.5120602546226,1475.4881083072412,
Holger Rune,2083.952144109258,1988.7828075623208,1939.444613688525,1611.6306498045392
Ray Ho,1402.117341663237,1397.4772479503908,1492.9249769731775,
Bang Shuo Yin,1451.926752231227,1453.455540706237,,
Raul Brancaccio,1574.7938181780687,1558.5662576456248,1564.507000767031,1480.3284955467643
Daniel Paty,1465.8205521836992,,1462.672379433315,
Berk Ilkel,1451.6771111784208,1470.4103452319628,1476.784168309925,
Isaiah Strode,1488.903590475075,1497.717132324655,1488.8971238306822,
Aidan Mchugh,1488.6368887984347,1465.6930455286677,1500.3095416378535,1441.5791891846957
Jacob Fearnley,1833.2003679384636,1752.7843747010872,,1573.6395818279536
Connor Thomson,1469.4720674201449,1477.3576359530944,1489.2187228892526,
Pavel Kotov,1796.6330223593543,1686.6506695515693,1773.3046579917282,1483.175764224067
Hugo Maia,1492.5469427296082,1504.1332607239306,1488.4176715152362,
Simon Beaupain,1449.7061600086704,1459.753245911584,1478.3562166254883,
Dan Added,1542.105185244328,1532.363461495488,1468.1456202131665,
Christoph Negritu,1638.2533570755425,1577.7432367663953,1580.7931324526528,
Luke Johnson,1411.5604930736176,1414.5829665279498,,1481.44743051608
Billy Harris,1708.056521811955,1613.17642125056,1554.2943265141523,1585.117772859592
Jack Draper,2108.356485110227,2011.329477136264,1627.2144770298698,1625.9040598474437
George Houghton,1487.672006897624,1482.9834398818707,,
Ben Jones,1497.7007856885705,1484.3011058988802,,1495.0759232379523
Mark Whitehouse,1510.5994710464531,1491.8594834771516,1478.868560768165,1483.9913855112093
Peter Goldsteiner,1446.135964943821,,1439.4549936835172,
Michael Vrbensky,1584.9749626109196,1488.697750827918,1580.650394094205,
George Loffhagen,1528.17855254364,1494.8491207930397,,1451.646352243819
Timofey Skatov,1775.9246864505396,1616.5264639468337,1705.1449326298257,1508.6058880026785
Ugo Blanchet,1620.7856807036446,1517.0613387361157,1652.5818174281164,1485.1469509704618
Andrea Picchione,1508.6830797376467,1463.383141693572,1540.5809025216768,
Jannik Sinner,2400.6962907586976,2349.6511170881117,1997.0484180517692,1754.8887890295566
Anton Matusevich,1509.1122461242526,1478.168846680483,1498.3057621866303,1483.2361329598552
Guy Orly Iradukunda,1489.2389203720584,1519.951561970047,1476.3982184996244,
Oliver Crawford,1524.550202244048,1506.7274910608216,1501.2325618537352,1483.4227475473492
Simon Freund,1444.72452077379,1474.3326288809624,1461.0204911042922,
Ryan Nijboer,1506.288336955171,1464.8793045595685,1505.9790112678154,
Liam Draxl,1645.5296529558586,1619.8384406927978,1537.4493458078232,
Martin Damm,1574.1920856095237,1573.1356406443292,1451.436718428805,
Garrett Johns,1556.481953358718,1537.401981149342,1502.183120112256,
Cannon Kingsley,1513.5090470768496,1495.3266329308458,1507.045888706387,
Adrian Oetzbach,1463.9118519940507,1462.9207810463668,1480.7087348245034,
Francesco Forti,1589.496398512965,1572.7948485018048,1518.101852749778,
Federico Iannaccone,1519.6147290168403,1479.0217714168457,1514.7675177817157,
Pedro Vives Marcos,1477.108921877528,1483.1529887456786,1489.058987717415,
Hanyi Liu,1390.7552645490598,1395.3117676913866,1475.526558634599,
Vivien Cabos,1468.859519276624,1467.0088604168484,,
Simone Roncalli,1418.8375466534867,1480.2339314613855,1425.562827043653,
Georgii Kravchenko,1519.4495155451489,1523.4312489291715,1508.9162457218345,
Vladyslav Orlov,1459.898527224564,1459.7968168970551,1442.772118026813,1487.922014358268
Mircea Alexandru Jecan,1378.639271155855,1467.3775861166307,1378.6010401450478,
Nuno Borges,1906.69848589138,1823.2212714109517,1828.1565047618535,1463.4349692168107
Samuel Brosset,1448.6282916034932,1458.174428017301,1481.1984087963267,
Constantin Bittoun Kouzmine,1422.126282809527,1422.6871348213244,1464.2977818810118,
Harrison Adams,1475.666233529523,1473.5892589712987,1493.6021570338633,
Emilio Nava,1660.4627449939237,1632.730261626528,1614.3250860560324,1473.5540979241237
Juan Alejandro Hernandez Serrano,1450.2257124078724,1457.2364128508425,1443.2941367623955,
Philip Hjorth,1486.7719460989265,1483.7833157472824,,
Denys Klok,1463.6056791756146,1478.0383894719816,1476.766303012586,
Joao Marcos Nusdeo,1451.3102824196949,,1447.6314381790892,
Matheus Pucinelli De Almeida,1597.1389486525288,1468.1598449933022,1592.428939620231,1491.8129760341014
Alejandro Moro Canas,1660.700456010616,1584.3747863950184,1625.554349792102,1539.5922015635056
Kuzey Cekirge,1476.5543296094552,1487.2401863715747,1487.729360708422,
Bekkhan Atlangeriev,1464.398571977366,1477.6283138224503,1483.8917057845574,
Michail Pervolarakis,1425.2737070271926,1417.6340660066276,1463.48908216076,
Ye Cong Mo,1493.1046574959066,1491.4221592580225,,
Jayden Court,1460.9637183820146,1458.2245846066528,,
Adam Taylor,1397.9572799472246,1420.5283126405589,1462.1526838960683,
Moerani Bouzige,1476.6252364415654,1466.6822992367102,,
Conner Huertas Del Pino,1489.0336993348446,1497.3794349639095,1457.4212346372724,
Tomas Martin Etcheverry,1912.275458713065,1796.0722501154166,1858.779347438253,1463.0254023736036
Arklon Huertas Del Pino,1466.0256040104025,1452.9677031008698,1500.856447379424,
Tom Evans,1464.9494157276124,1464.1375878845322,,
Julien De Cuyper,1453.6946891547534,1448.777606968468,1501.076245718883,
Lucas Poullain,1584.310583094482,1564.9440575319147,1503.8412215221854,
Facundo Diaz Acosta,1754.553711455464,1535.0689497106227,1804.8018738845249,1450.8818414088958
Taisei Ichikawa,1523.5789235950576,1513.7064140475372,,
Elio Jose Ribeiro Lago,1464.0947030701627,1490.1565892062938,1474.6723385554224,
Naoki Tajima,1462.521597719954,1455.3605204318137,,
Tomas Farjat,1510.1365528598628,1497.764656050651,1519.6841915662944,
Lucas Gerch,1549.203671129735,1506.4812640135578,1549.1099035310122,
S D Prajwal Dev,1437.874251945321,1455.9471403331793,1473.8570774590612,
Gergely Madarasz,1448.4376111354327,1500.5085504452816,1444.180976028407,
Rinky Hijikata,1854.76205576608,1803.866797695176,1468.0088623088805,1547.0030088422943
Ajeet Rai,1481.599821114891,1470.8019637502098,1477.957438068312,
Preston Brown,1398.77001536382,1410.9511992659409,1441.0587695288868,
Franco Roncadelli,1505.1028535713292,1480.470916144494,1503.6687045470403,
Maxime Cressy,1663.0957458585872,1619.7639305403034,1486.5175927368437,1564.4981500676531
Jiri Lehecka,1984.588920910416,1864.247669589677,1828.276700740941,1559.4646840736991
Gabriel Donev,1450.2823615186708,1460.129105295215,1485.938926953987,
Giulio Zeppieri,1766.4091826771023,1706.2793831489796,1673.9912569209314,1493.1255521104183
Lorenzo Musetti,1986.213839668134,1823.192379650246,1891.122204092521,1702.3065999889748
Amador Salazar,1435.8875880499595,1487.8174663291666,1445.4090650369865,
Nathan Ponwith,1365.6371512125895,1360.2493746968214,1487.4913502383563,
Carlos Alcaraz,2212.085833409888,2088.2054360490715,2138.9480592010427,1861.2205424505285
Kasidit Samrej,1537.1064277413304,1523.701410417262,,
Filip Cristian Jianu,1557.9477655959804,1491.0846234632922,1550.2626569063884,1487.2773534057908
Adam Moundir,1480.7819545030582,1479.440774158573,1490.9982803453815,
Carlos Lopez Montagud,1526.917395456767,1488.0699302651717,1517.004117673545,
Matteo Arnaldi,1926.0715478488223,1860.2591637833252,1840.719622540692,1516.7754627173465
Tomas Machac,2020.550575790685,1943.435057047168,1755.73119299811,1559.22715421973
Jonas Forejtek,1555.89668366993,1548.5912034952446,1540.9880937379564,1485.8566554550118
Dalibor Svrcina,1680.3131129740937,1645.143053562027,1577.8014718864606,1458.3348723361114
Flavio Cobolli,1991.4760587058493,1897.138433726936,1796.21214811054,1479.7189597690483
Francesco Passaro,1748.8809049995104,1565.8609087407604,1730.864738974888,1468.765910774767
Jorge Plans,1490.169626277452,,1482.8349724121624,
Paul Jubb,1690.153565070784,1613.6080592718945,1555.3328889605789,1546.2360859203532
Ryan Peniston,1535.187777640923,1532.0423886260298,1491.6510884159009,1474.6873963823643
James Trotter,1724.1125840080165,1711.2000960069745,1469.5881865829062,1485.348674652104
Alexey Zakharov,1574.230487528019,1503.8155579968968,1595.4893346438053,
Stefan Dostanic,1586.2170305314614,1569.017341073359,,
Nikolas Sanchez Izquierdo,1545.671602170674,1417.0454016235894,1517.9900887939032,
John Hallquist Lithen,1496.252331634816,1501.6790366308032,1487.545685875141,
Jesper De Jong,1811.2357971778797,1671.9799276916472,1796.5937030982866,1488.391144807537
Alec Deckers,1493.5430960316935,1490.8441643953656,1500.7352873797286,1493.846959638969
Roni Rikkonen,1461.2441781273153,,1459.8137822716928,
Andrew Fenty,1464.3619086515114,1450.9929451692694,,
Miguel Damas,1492.26945816307,1447.875712995091,1497.0777705045082,
Digvijaypratap Singh,1471.710545835487,1467.3145744899907,,
Mario Gonzalez Fernandez,1488.6991705932808,1492.537932113889,1485.8204215777698,
Sandro Kopp,1529.4353335953422,1527.5549731941712,1486.79254527203,
Toby Alex Kodat,1580.9296779357771,1520.5780184715134,1538.4375847106196,
Nicolas Moreno De Alboran,1779.6844255808965,1712.6684349793268,1700.0109408696137,1493.7264410422406
Ronald Hohmann,1475.5332202653424,1475.5180625570845,,
Gabriele Bosio,1474.077564005113,,1471.8580812421935,
Kosuke Ogura,1444.857748590862,1469.8193706884476,1462.2818416830703,
Robert Strombachs,1530.586671088218,1509.4340441425636,1508.4456019135134,1488.355816436723
Govind Nanda,1596.2926112984153,1569.8410809077543,1513.4312306520972,
Luca Castelnuovo,1464.3219986527097,1503.412024196432,1420.3162201304783,
Zachary Svajda,1722.8051783386447,1687.327350227137,1480.16173601046,1534.9351200177427
Imran Sibille,1465.2260331332875,1476.6643608629709,1486.411202161854,
Pablo Llamas Ruiz,1713.839351737607,1575.72165819395,1682.8425308250776,1501.2159781759483
Christian Langmo,1544.283653653843,1526.6906292357926,1481.1463687734806,
Omni Kumar,1517.1824778030032,1496.0497464180237,,
Philip Henning,1488.1750591918126,1504.2602136069452,1471.8193881861514,
Adolfo Daniel Vallejo,1582.043701196506,1490.6617151019043,1579.2452786914198,
Coleman Wong,1687.0818006167694,1660.6790188853915,1455.6326998002585,1452.170764262947
Fitriadi M Rifqi,1514.3848990974975,1509.7523784023522,,
Harold Mayot,1732.5180705273815,1670.4816829334438,1613.396299012407,1560.5300711012342
Robert Cash,1510.184375113097,1506.4833450675587,,
Harry Wendelken,1485.2986692506747,1480.6884436442338,,1452.4025462005077
Valentin Royer,1693.0469296587992,1603.712819403233,1671.679819796996,1477.9206043418478
Roman Andres Burruchaga,1741.6658771757154,1557.3428819671644,1708.713562266408,1526.3471697817904
Juan Manuel Cerundolo,1752.8123766583328,1579.8817347629383,1732.495831952737,1457.101095095523
Joao Lucas Reis Da Silva,1564.3354979826863,1488.627136902067,1534.3191481999045,
Gilbert Soares Klier Junior,1581.4778209333376,1577.401475128006,1502.1461743501532,
Pedro Boscardin Dias,1505.7554849572896,1480.0651117573111,1492.3716697414711,
Alibek Kachmazov,1737.0564461329416,1699.2573210438684,1519.3274588495012,
Dane Sweeny,1507.2755440986607,1526.9612107049202,1446.4716996690331,1435.507907522638
Tristan Schoolkate,1669.7064716420598,1638.299100135205,1458.7946996550247,1505.4211525222695
Arthur Reymond,1452.1837818198014,1459.908615324895,1446.2116667535672,1486.8754074512883
Alexandre Aubriot,1457.7669930666857,1444.8219453461868,1492.7271056447444,
Max Wiskandt,1533.5825503670235,1519.500959656177,1490.0753571751914,
Yuta Kawahashi,1486.893754950113,1486.4130442003682,,
Seita Watanabe,1460.3364024616574,1455.8983589378106,1485.9806992533602,
Daisuke Sumizawa,1455.334401781058,1451.9644505820454,,
Otto Virtanen,1815.651950598311,1750.0137190183766,1522.4783069920516,1586.007899354755
Leevi Saatela,1476.1633239076275,1471.6308636717658,,
Fabio Coelho,1381.38451435242,1460.8229858190464,1397.8500784521157,
Rashed Nawaf,1491.3287249029618,1483.2063261204185,,
Nicholas David Ionel,1498.8720217563452,1459.0851205239792,1503.7197167893278,1480.66574983058
Eric Vanshelboim,1525.5948625741987,1489.458463005269,1520.824721601434,
Kiranpal Pannu,1448.7499263542154,1436.2964820177765,1488.3492821336415,
Kyrian Jacquet,1744.630568256769,1672.0007379503654,1642.0022911387798,1478.8078121702515
Nico Mostardi,1478.2357855591376,1476.9870134437735,,
Rishi Reddy,1445.5511554461514,1444.73123176364,,
Arthur Cazaux,1855.765504739313,1809.8872146098324,1558.4653609609898,1518.606484023382
Francesco Maestrelli,1623.272289420076,1572.6140758750687,1553.178976679245,1464.292046185294
Luca Nardi,1753.98505702401,1692.215719893008,1650.6282077458202,1453.3448709908291
Leo Borg,1417.3196608377343,1438.6273105252446,1431.424942406028,
Matteo Gigante,1694.3310671577797,1624.9015105910996,1625.715086765412,1518.4099063526294
Shintaro Mochizuki,1687.2971898333808,1628.8775444127764,1671.7846310005184,1485.080898565072
Cleeve Harper,1481.5249331554055,1476.671823897654,,
Gabriel Diallo,1890.123876690412,1820.5435427728023,1613.319213389088,1502.3093445757042
Milledge Cossu,1447.4494305928172,1467.5768004626348,1466.1366166387595,
Rodrigo Crespo Piedra,1482.0771237228907,1479.5966039631858,,
Rowland Phillips,1457.814290181885,1462.304729173616,1489.565239689746,
Blaise Bicknell,1527.8490610722254,1533.2571802709426,1498.7361438318014,
Jesse Flores,1436.459564156854,1464.688352213195,1457.991054953195,
Zura Tkemaladze,1458.9968300085206,1462.3756796002149,1487.3744655031642,
Daniil Glinka,1477.34788376863,1486.2014776577366,1468.4344662675971,
Hazem Naw,1583.237490187062,1600.847500970034,1448.5696620591025,
Maks Kasnikowski,1666.0494041407337,1608.418177882191,1625.410876516749,
Martin Antonio Vergara Del Puerto,1479.8569481404024,,1473.774905548227,
Amr Elsayed Abdou Ahmed Mohamed,1490.2465017476418,1482.1786382105342,1501.3410966527222,
Karlis Ozolins,1492.0515958515432,1488.5211395558615,,
Gunawan Trismuwantara,1478.7673203972167,1504.3412991332448,,1472.4565942235336
Kaipo Marshall,1457.2163203035343,1452.9209234700268,,
Alec Beckley,1471.2827391818346,1484.8639448404642,1484.5694979062184,
Andrew Paulson,1626.9922282130524,1515.4951180911753,1597.7604407794863,
Martin Krumich,1486.9030180262398,1484.4739051085153,1474.839233350581,
Luciano Darderi,1784.6972136926995,1489.587853435836,1858.6269721119963,1483.1754012272977
Giovanni Mpetshi Perricard,1907.7566857654967,1787.358586713801,1670.860034776504,1606.5199543997242
Leandro Riedi,1761.878368132442,1696.1175374926197,1565.4523554873267,1546.9945869593146
Cezar Cretu,1625.162484335524,1520.8995309115494,1589.1284136629235,
Radu Mihai Papoe,1542.94486081737,1498.1312749635706,1544.759473195185,
Duje Ajdukovic,1744.7516088138486,1657.915818661989,1714.590026194215,1467.4270402051366
Remy Bertola,1590.6920679558311,1574.2357312381732,1515.8670480770668,
Carlos Gimeno Valero,1618.1572087623986,1530.289355660987,1584.360402964968,
Pol Martin Tiffon,1555.2745874242626,1466.8268419671551,1538.3809025460928,
Diego Augusto Barreto Sanchez,1483.6782435619302,1460.811715884325,1508.352226828412,
Pedro Araujo,1430.393556361656,1455.2943824224262,1422.5494865826174,
Max Hans Rehberg,1720.6147359310628,1616.169867864505,1625.0163671907997,1457.9648657313924
Lorenzo Bocchi,1443.596195525168,1469.582222019944,1456.9242722290053,
Angel Diaz Jalil,1472.4491008786922,1488.7351638477696,1479.2317632579586,
Paulo Andre Saraiva Dos Santos,1435.1220308983377,1468.270996823053,1439.811351774797,
Eduardo Ribeiro,1461.408879185912,1471.918006865989,1464.3772840901447,
Gianluca Ballotta,1446.4550344820475,,1444.3717907532232,
Christopher Li,1476.5168411597165,,1476.916127760871,
Sean Cuenin,1474.924036602387,1489.9662201028923,1477.5739299439874,
Luca Van Assche,1743.5687182837407,1698.852341554074,1678.981149924442,1506.021422523988
Li Tu,1740.7593761887267,1689.6197585723996,1469.0149067799575,1526.074940236777
Titouan Droguet,1693.325682388883,1615.3389569664223,1668.6585801263377,1515.729827705976
Guido Ivan Justo,1514.1763396563283,1486.3589137067684,1506.7030859891986,
Miguel Fernando Pereira,1472.0882699758004,,1470.2222381358597,
Daniel Antonio Nunez,1391.7277638596788,1487.49626150942,1393.789361954659,
Dominik Palan,1454.620786063194,1451.41235887911,1465.7959835659954,
Alex Marti Pujolras,1530.327156161894,1509.2273584775637,1503.910445446708,
Dominic Stricker,1768.822200672733,1725.3305156349031,1611.9801668697553,1566.2616395201617
John Echeverria,1476.1493549227937,1480.096154809161,1477.6055047656923,
Marco Miceli,1476.5432408242102,1485.5174977909508,1482.4722483335397,
Lorenzo Claverie,1457.4239039000074,1466.013394283139,1476.6000339298268,
Frane Nincevic,1472.598121208338,,1464.676210786735,
Mili Poljicak,1508.6937924857878,1457.8602679492,1524.522683956984,1475.4334223192675
Lilian Marmousez,1515.8862672172015,1487.9687678473674,1514.086818234655,
Jurgen Briand,1534.7663888219424,1529.0847967244167,1503.4803529696642,
Jerome Kym,1812.2820863779607,1677.235694604524,1716.3641441561608,
Juncheng Shang,1862.199359374858,1787.475594337097,1627.353123178748,1585.6082601521673
Hamad Medjedovic,1872.4927265025583,1759.201134143746,1788.5545766255564,1558.2527740609785
Boris Butulija,1482.5917037758663,1487.2621968696235,1493.5258312997778,
Marko Topo,1593.0343148734478,1504.1620728178298,1572.8889358655576,1483.4567231792682
Stefano Reitano,1463.5036297191227,1485.717079725566,1473.57408213168,
Hanwen Li,1434.838209934418,1442.5709231079952,1481.798874483973,
Arthur Fils,1992.932633728984,1866.519734278317,1854.7918177234424,1613.143826852236
Timo Legout,1468.5155662408358,1487.0427687874374,1470.768836329784,
Arthur Fery,1636.7176802217723,1638.8682179173163,,1416.5564029175318
Lukas Pokorny,1497.550642644026,1499.8551880607345,1470.021958657794,
Lukas Palovic,1465.4316827291457,1486.8817887602804,1473.2445564459613,
Milos Karol,1519.8029868794315,1544.1797454539849,1431.098700136871,
Axel Garcian,1443.0922836697057,1469.0583190335133,1456.139235924294,
Mathys Erhard,1578.606554945039,1475.5750567625892,1558.5103789090574,
Jakub Mensik,1905.3581505760567,1824.7111520205576,1706.8501244163665,1488.9068088936283
Jakub Nicod,1594.972418989148,1485.353746193481,1586.6947648026685,
Felix Gill,1596.6611427203009,1514.3416912972166,1596.3126483481926,1432.8738772161323
Daniel Siniakov,1429.1591042551786,,1420.7153737299932,
Sascha Gueymard Wayenburg,1506.491986010849,1488.6085223960235,1469.7140706378127,
Daniel Rincon,1623.1533638713586,1469.1273560054135,1619.7543912890749,1429.7320837674802
Jack Pinnington Jones,1635.2676930075804,1591.5053526859274,1487.738971987793,1525.839083534822
William Jansen,1448.408565298403,1480.5348471802142,,1460.411904529083
Daniel Rodrigues,1506.7853548153626,1513.2327905455854,1489.095208861228,
Benedikt Emesz,1465.2715032814451,,1466.4925886213766,
Lukas Neumayer,1685.292922492636,1473.3128339476557,1656.0294642375984,1480.2618194966396
Oleksii Krutykh,1533.6174591598888,1589.6153180121487,1505.9957350859472,1480.2940226281153
Yerassyl Yerdilda,1476.4764644083923,1476.3923237077695,,
Islam Orynbasar,1467.6251895399544,1466.7046989964929,,
Alessio De Bernardis,1450.88236840582,1491.5820813855937,1455.3839021890358,
Deney Wassermann,1519.1710543183274,,1509.1982141204358,
Guy Den Ouden,1561.1302449688494,1475.282390047589,1585.5982179077346,
Stefan Palosi,1501.905883617654,1486.957858882247,1510.873740389746,
Dan Alexandru Tomescu,1492.039216289027,1495.4675391398466,1487.125220988302,
Oleg Prihodko,1546.995270697541,1553.1720255557238,1456.075062809905,
Lewie Lane,1483.019133341535,,1478.9544641098814,
Iiro Vasa,1467.9505160420458,,1466.6893188429242,
Alberto Barroso Campos,1445.2591860863872,1483.5721945959533,1387.7604771374065,
Inaki Montes De La Torre,1672.0079587085756,1628.4826799021298,1554.7582547265724,
Damien Wenger,1548.2939311769255,,1535.651793060015,
Ben Shelton,2010.8533440641727,1934.888321656362,1681.1514362201124,1543.6476182410674
Nicolas Herrero Cuesta,1476.2375810516696,1474.5010007845867,,
Alexander Shevchenko,1785.585757943719,1721.0876750020775,1709.6920263861412,1467.14798343324
Julio Cesar Porras,1493.2465672342644,1496.849102733711,1488.0336955921452,
Samir Banerjee,1468.9818700651567,1463.590153743786,,
Gabriele Piraino,1434.8271730618142,1486.293867823694,1420.9007753045084,
Manuel Mazza,1447.5327438418594,,1440.9162097871915,
Marco De Rossi,1481.0028019411116,,1474.7640198484287,
Bart Stevens,1425.7151204674192,,1421.827846248539,
Marco Speronello,1481.5889341994705,,1480.292281647878,
Szymon Kielan,1442.773271039781,1478.819142982123,1453.151449082512,
Oleksandr Ovcharenko,1476.430388937799,1438.0502559587935,1520.6254810694531,
Jasza Szajrych,1469.0699934579893,,1463.0634265227789,
Marcello Serafini,1513.1335816509522,1486.9855606245942,1500.3601151685623,
Gianmarco Ferrari,1513.9701652391311,1489.3950838533376,1500.850484068481,
Eliot Spizzirri,1700.0429760718753,1654.8757286739465,,1491.2959207767135
Tennyson Whiting,1424.5038610732165,1451.7793548094442,1464.7792290145076,
Rafael Giotis,1488.9398053807815,1491.5986144937915,,
Reese Stalder,1471.0089522927228,1470.231039269587,,
Benjamin Winter Lopez,1482.9388362751158,1511.9780657472836,1465.4855344067448,
Ignacio Monzon,1472.8754773313044,1485.8099344710206,1469.3174466287735,
Richard Zusman,1483.503028328529,1487.4563161435892,1489.9913844383163,
Neil Oberleitner,1517.4251877425534,1502.5924055563607,1514.5177578430976,
Filip Misolic,1690.2673866557543,1578.4878300203463,1659.9122994706102,1468.8320015013255
Nicolas Tepmahc,1468.8256032885315,1467.3433954248949,1486.623249948301,
Vladan Tadic,1471.0915115121172,,1470.6068470808018,
Andrej Nedic,1433.72149441509,1486.2416631716549,1437.6270878410887,
Aleksandr Braynin,1443.420381862113,1468.8289587586294,1454.472811738632,
Luca Staeheli,1469.3104418542114,1478.1379789703078,1489.0734804017873,
Alvaro Guillen Meza,1583.7094764231283,1461.363057569195,1598.8045461413262,
Bor Artnak,1471.345989195788,1487.106694221545,1447.4050247367863,
Aziz Ouakaa,1458.539751240328,1485.162762592928,1461.0437759246663,
Sebastian Dominko,1457.7650819068572,1508.3634383494305,1443.9725402099778,
Siim Troost,1471.8102858868947,1485.774088647771,1485.751100032977,
Johannes Ingildsen,1433.593370357431,1484.6699510438032,1441.4004643240578,1489.792187696817
Justin Barki,1509.122471356687,1507.9530902452962,,
Alexandros Skorilas,1497.1436002995945,1495.2678724184789,,
Vilius Gaubas,1621.9980633201235,1501.2870110524275,1601.715530281573,
Erik Arutiunian,1493.2743144239962,1496.5757237216835,1494.297209136314,
Alexander Zgirovsky,1483.0562766591286,1506.738962205343,1474.750952496967,
Murkel Alejandro Dellien Velasco,1632.722225171633,1477.969636667696,1608.158639546081,1479.163376193141
Simon Anthony Ivanov,1446.941142470526,1482.7063236630188,1450.8967195712012,
Sebastian Gima,1476.9691245077713,1477.814592410095,1471.6591151646214,
Henrique Rocha,1670.4226697250551,1550.4355174971918,1623.596596777939,1492.428549605085
Gonzalo Bueno,1549.744984391021,1478.5264533993443,1563.876520696447,
Ignacio Buse,1680.9748451951916,1546.9670945956125,1645.6137819294845,
Daniel Merida Aguilar,1534.559285386711,1474.924599531182,1518.1332705665131,
Diego Fernandez Flores,1481.8697040157606,1483.5625889841951,1488.6902657991625,
Victor Lilov,1436.51218936096,1465.6945587100122,1454.2948017655874,
Sebastian Santibanez,1451.9605760506845,1474.811858913381,1475.7427896290465,
Anthony Genov,1469.2440474060368,,1463.845256123788,
Mariano Navone,1776.6004684131085,1500.2001337189658,1847.1442970484047,1445.799932273903
Francisco Comesana,1780.898148996025,1618.1422170977007,1686.1726129078104,1531.4906522625438
Luciano Tacchi,1463.2231609552312,,1464.6230842157174,
Valerio Aboian,1519.39711593403,1477.6375951309924,1535.6086150239753,
Juan Bautista Torres,1686.0398386510126,1482.2850548886092,1683.460787875404,
Leonardo Aboian,1516.06744977063,,1509.3786174516044,
Enrique Pena,1412.6301005712735,,1409.9090349766348,
Philip Florig,1391.6577703049554,1439.026654142109,1434.6773661788336,
Louis Dussin,1481.9538475049476,1481.6311110266106,1492.5923117330592,
Alfredo Perez,1548.3082737475138,1542.6709733890268,,
Christopher Bulus,1481.589999992944,1489.6105716062905,1489.368153029136,
Facundo Juarez,1534.4734037005126,1476.2529130611017,1527.925975680819,
Adria Soriano Barrera,1524.5971656656511,1534.174772894385,1467.2383399356115,
Jeffrey Von Der Schulenburg,1459.7717984731491,1479.3005363922205,1476.866523635569,
Filiberto Fumagalli,1459.806606095516,1455.0005396991437,,
Mattia Bellucci,1865.7807962066936,1773.284322592955,1600.6929612625786,1585.740897363491
Francisco Castro,1464.7009986415076,1486.8374169100548,1474.583826389549,
Gabriel Debru,1629.869600958091,1475.7912133011575,1639.4416127564548,
Samuel Vincent Ruggeri,1641.734138633375,1582.484418398259,1588.296471593961,
Johannus Monday,1538.5176528933382,1529.880262522565,,1472.4298744993046
Peter Nad,1459.976139902939,1467.153088505098,1490.803991809399,
Peter Benjamin Privara,1477.3034135932471,1472.5285400683858,1485.274543435925,
Valentin Lapalu,1484.1078645418731,1483.1004967409406,,
Robin Bertrand,1573.33721119318,1557.4318571365734,1468.3346820445288,
Gustavo Heide,1715.5524730498068,1550.006519803342,1692.139676955917,1479.0
Keenan Mayo,1357.7822893079533,1377.9893949424256,1465.7940722397063,
Hunter Heck,1507.9893508554571,1505.6775165221743,,
Samuel Sanchez,1471.481663225004,1486.1772457285392,1484.9088177020742,
Lance Amaury Lage Castelan,1476.4447889579724,1475.487211290715,,
Fabrizio Andaloro,1492.6154310192476,1529.1996166335807,1456.8066118359018,
Gabriele Maria Noce,1456.4286763495031,1488.8700166611293,1466.772592525565,
Federico Salomone,1429.3459417478698,1461.8111096891075,1454.6997560919208,
Valentin Vacherot,1780.9190213505617,1683.3544149560491,1679.2665408717266,1487.4631710199296
Alessandro Pecci,1536.7799386770746,1483.7541824438774,1543.0670132983464,
Lorenzo Rottoli,1467.9193347828352,1471.875044160798,1472.9437123797654,
Jaime Faria,1697.4283376826393,1516.083221049358,1692.584136158442,1466.0868020876028
Francisco Rocha,1408.978045442025,1453.748456579804,1433.3553183671934,
Tiago Silva,1440.4634224680171,1476.899526098102,1457.2836535412143,
Andrey Chepelev,1514.4681070369095,1486.9328870810011,1509.112160551416,
Joao Victor Couto Loureiro,1385.2896623845245,,1386.1089768804434,
Federico Agustin Gomez,1708.599000688378,1585.2819524069314,1697.9589652288732,
Juan Manuel La Serna,1463.5676429237144,,1463.0668056112102,
Alejo Lorenzo Lingua Lavallen,1548.8654654100246,,1542.2058487549118,
Jeremy Jin,1490.0829233472757,1476.3167420724776,,
Philip Sekulic,1638.554788901595,1624.1433264614825,1478.9981183074426,1474.6325815043251
Hayden Jones,1453.6113572333527,1430.3802475681562,,
Zack Vialla,1485.1279210858906,1482.3883737284098,,
Aristotelis Thanos,1524.3441107574815,1506.4813859408114,1514.5932682033415,
Aleksandre Bakshi,1562.2988708137473,1553.7241647228343,,
Edward Winter,1453.571305935301,1431.34027106668,,
Sean Hess,1462.1262900786514,,1461.9873225990193,
Lorenzo Gagliardo,1471.1713946838925,,1470.9525345341294,
Charlie Camus,1437.2332607606793,1440.2675855375187,1487.1997885945648,
James Mccabe,1660.1998049979125,1623.0986202450847,1453.7319023561515,1492.3789593780205
Alessandro Dragoni,1481.291799306855,1485.965757947517,1491.22194007782,
Gabriel Roveri Sidney,1430.2175529870444,1464.164972736276,1454.1153940526308,
Mateo Barreiros Reyes,1511.4697957682265,,1510.577678153921,
Bruno Fernandez,1484.3578722110676,1485.9597535053406,1491.9385573377726,
Cristobal Castro,1421.0792275018357,1486.0243174324817,1432.8437202136413,
Ignacio Antonio Becerra Otarola,1439.7323982975531,1489.1365711490623,1446.1062950839478,
Juan Carlos Prado Angelo,1622.5625522815828,1516.0321518419323,1599.2320932276675,
Jack Anthrop,1524.3947492962488,1519.619629753318,,
Alexander Bernard,1500.7069035156696,1496.5884927849413,,
Thomas Deschamps,1433.6317122050928,1452.1101409045657,1465.685606233277,
Adam Neff,1451.6808922934442,1452.3353715242183,1489.2312583832506,
Karan Singh,1468.113050417832,1446.9443755012946,1513.239503352131,
Bruno Kuzuhara,1470.0036373072542,1436.1302188992186,1496.7442224252568,
Eliakim Coulibaly,1592.6586041598423,1550.7700333776766,1529.3612175149217,
Rodrigo Pacheco Mendez,1522.436639354458,1494.0404719470678,1484.3498876558915,
Alessandro Spadola,1458.0638890439657,1476.6298016368228,1472.2675792259454,
Muhammad Shoaib,1479.4110418559771,1490.4582726708718,1490.289531121104,1486.6106826025807
Edas Butvilas,1606.4599461572493,1563.6928100759983,1555.812032902514,1486.5797347198893
Stylianos Christodoulou,1500.0059123203707,1514.0,1486.0,
Ki Lung Ng,1487.4625086380736,1488.5434166689845,,
Gabi Adrian Boitan,1569.552311387199,1476.1299032161176,1592.0304765703524,
Charles Broom,1554.1333690259846,1489.480607142148,1484.2516557362972,1508.5351864891372
Murphy Cassone,1661.0211810228948,1639.9910404173147,,
Dino Prizmic,1726.9431691763552,1664.2130523359335,1637.7988734026694,1498.1134472424624
Paul Valsecchi,1475.4269667460462,,1474.9466075097378,
Kilian Feldbausch,1591.889115713449,1510.2940770966193,1574.8128661533915,
Tim Handel,1479.759898961306,1457.3798591101554,1506.519958091556,
Yannik Steinegger,1468.658830327498,1466.9158751549485,,
Maxence Beauge,1473.4641100657414,1453.5086283626945,1504.6815365067364,
Nicolas Parizzia,1476.5883749749244,1487.8587417391705,1487.6282318983233,
Mika Brunold,1587.09152191803,1559.9471976769587,1524.839926438272,
Blu Baker,1476.0637812018545,1494.4073113531429,1484.101580975842,
Luca Castagnola,1456.777141962902,1499.2284323486197,1444.4331814269651,
Ivan Liutarevich,1400.043922564559,1469.2556989834586,1415.3382638400797,
Pablo Carretero,1471.6692537358863,1477.7405923047786,1492.1315847327087,
Luka Mikrut,1576.498912084509,1490.6334321951058,1566.296258474511,
Max Alcala Gurri,1509.3473311819107,1490.528728775496,1499.7157136375106,
Jan Jermar,1474.3495078079748,,1467.952674812457,
Learner Tien,1838.5522030053264,1791.527254411994,1489.305381687762,
Aidan Mayo,1640.5530478140536,1603.8890386036794,1504.8993060483958,1502.7104537482878
Santiago De La Fuente,1483.9915213405584,,1483.3761533714376,
Rodolfo Jauregui Sainz De Rozas,1465.1073371780633,1477.8375601141304,1487.3310938965526,
Thiago Cigarran,1401.7892159392072,,1401.14118106895,
Tobias Franco,1416.0992028282546,,1416.8871148105356,
Sebastian Sorger,1459.446765379098,,1450.8782548261656,
Arthur Gea,1611.4656778065807,1505.5130038832458,1589.3391056823853,
Martin Borisiouk,1504.0709405194896,1518.9878996287366,1475.1362632487912,
Kalin Ivanovski,1520.5266751680322,1530.7288267521487,1465.8511808565936,
Nicolas Villalon,1427.775787805958,1488.8017808133077,1436.2448404003903,
Liam Gavrielides,1494.0824014749414,1456.871324387617,1518.3775545315723,1486.0733539161129
Saba Purtseladze,1475.3092449197427,1497.8140131019318,1416.0264779571744,
Mykhailo Mossur,1472.1017474162734,1487.3148614590857,1486.0086695174457,
Benedikt Henning,1479.884614234116,1489.0654901035066,1488.260195969836,
Youssef Labbene,1475.4380701488578,,1476.4011036049196,
John Sperle,1443.9150783809996,1490.1558685682016,1439.7505833999608,
Giorgio Tabacco,1461.0620599362353,,1449.9607476302424,
Terence Atmane,1743.2430384183149,1700.6431570657849,1629.2949348931274,1481.0088909050562
Peter Fajta,1478.466240854464,,1478.9646722805137,
Giles Hussey,1513.403273222621,1493.5869838946303,,1450.587802919502
Oscar Weightman,1498.2830244559775,1509.804000033094,,1479.070901104001
Daniel Little,1463.4617839549248,1489.2832388849715,,1462.2475533214756
Toby Samuel,1515.9901739035174,1516.8119895675804,,1472.7796605097303
Massimo Giunta,1459.519198283132,1474.231795537466,1475.489731894915,
Cristian Campese,1469.0268977916342,1477.7022130239138,1486.0221849582658,
Joshua Dous Karpenschif,1479.7113882312565,,1478.9751430534718,
Fausto Tabacco,1474.5591009470904,,1461.2022618198969,
Bautista Vilicich,1460.8411563279533,1473.8024841364322,1486.8439491252636,
Julian Cundom,1485.418157565821,,1485.4245531785907,
Benjamin Denis Alarcon,1485.9338543473723,,1485.8276689322824,
Lautaro Midon,1560.4805889658444,1511.3777256097346,1544.306349620121,
Alex Barrena,1554.8375047141203,,1540.4382238598796,
Luca Pow,1466.4087741507406,1492.5067928229066,,1435.9604055046243
Lorenzo Joaquin Rodriguez,1493.8087142059248,1487.1179435454874,1498.7046225993763,
Nicolas Eli,1479.6186418135123,,1479.33369625739,
Marcel Zielinski,1448.8943494009789,,1446.7633555042107,
Dhruva Mulye,1477.4974186762392,1490.174856399415,1488.0,
Enzo Frances Tessari,1487.6673715668624,1474.3774381987982,,
Sergi Perez Contri,1483.5365982564635,1476.4355509436928,1486.4205333609505,
Alejandro Turriziani Alvarez,1493.2470551579747,1487.4444492651908,,
Andres Urrea,1404.2448414833066,1453.2189545051117,1442.4358547852794,
Abel Hernandez Aguila,1473.689346969181,,1470.958138113018,
Theo Arribage,1439.8681923038666,1460.9416163237793,1469.2195199579785,
Luca Sanchez,1466.9478224175,1473.120285327635,1489.2621934343836,
Amaury Raynel,1480.951117414921,1501.6346884194145,1475.7481503730733,
Daniel Salazar Martinez,1467.7287915188313,,1467.7504204905326,
Juan Sebastian Osorio,1446.819430541984,,1447.3132885557268,
Nicolas Buitrago,1423.9490241064618,,1423.388004094064,
Patrick Maloney,1532.5684401340995,1525.2052060731955,,
Gian Matias Di Natale,1469.3108702670806,1491.8918118792228,1473.6022001489423,
Max Houkes,1591.4012527197046,1482.6944633826236,1575.0573451561388,
Sidane Pontjodikromo,1489.0716877352224,1494.1083159917357,1492.2364660277835,
Ilya Snitari,1476.1369257011586,1499.5890048953916,1471.796902775958,
Tudor Stefan Gheorghita,1477.4429737788278,,1477.5606459464043,
Dali Blanch,1505.3316600397698,1484.3967475642842,1518.9070286095125,
Peetu Pohjola,1468.003081396006,,1467.368511895251,
Pietro Pampanin,1482.8728254841735,,1476.037825264401,
Karl Kiur Saar,1464.1747355839425,1463.3148938570278,,
Aliaksandr Liaonenka,1504.6580961375637,1502.9554859620828,,
Maxim Shin,1485.149225561221,1484.1607511690524,,
Arslanbek Aitkulov,1485.6458631044256,1481.750804731486,,
Aidan Kim,1463.2380446618313,1467.3303827129816,1488.0083600821472,
Nishesh Basavareddy,1799.407178390949,1759.501024718448,,
Juan Carlos Aguilar,1499.4546426906234,1467.538424680269,1522.1272028593796,
Marko Stakusic,1420.0748504713474,1415.5414328224938,,
Sid Donarski,1441.3399812486505,1440.590148029546,,
Andres Martin,1547.3541186335794,1531.17806021118,1494.567657927106,
Benjamin Kittay,1472.792068488946,1471.5400779895808,,
Luis Carlos Alvarez,1517.3502709568857,1504.8609795830223,,
Colin Markes,1445.570959617526,1448.0275172742704,1468.15895286024,
Matyas Cerny,1480.2811599422485,,1479.6346536688086,
Raphael Collignon,1798.4101599638343,1670.769921707193,1678.99268657541,1504.286974732384
Tom Gentzsch,1504.5189317467716,1486.5740239775148,1504.795656115357,
James Tracy,1457.0427358769352,1460.5636469909514,1487.0923459543849,
Alejandro Jose Gandini,1465.9587905663996,,1466.208042508301,
Daniel Baquero,1467.7657110405912,,1466.62229643839,
Olaf Pieczkowski,1533.052292271493,1500.5483640544862,1523.5759737516507,
Tomas Lanik,1463.4196716760302,1484.273237599769,1476.6487502602545,
Martyn Pawelski,1453.1802231717818,1449.640994978761,1485.6379882667875,
Drazen Petrovic,1474.5726962817948,,1474.2114866951108,
Krittin Koaykul,1472.284288920066,1470.192757506373,,
Bu Yunchaokete,1853.6140057552536,1795.9927568630928,1534.287087941525,1483.2803860084882
Yuttana Charoenphon,1484.5450072934052,1481.6063096748164,,
Thantub Suksumrarn,1469.801982867849,1468.512835885366,,
Ethan Quinn,1676.9010140537555,1655.0044438690045,1459.3460723797289,1506.468891955684
Credit Chaiyarin,1413.4954016523418,1423.3421481399982,1487.1292492499454,
Abedallah Shelbayh,1641.037381600161,1618.531038772437,1579.9809179493077,1503.7397448746665
Anapat Timangkul,1477.1155555121652,1477.279340456582,,
Rocco Piatti,1450.8816523029166,,1449.0897810122776,
Imanol Lopez Morillo,1578.6761056119649,1486.0417440252972,1587.0494140794824,
Tyler Zink,1477.9302288162696,1478.3581383008782,,
Pedro Rodenas,1492.3792922892476,1487.1538561240377,,
Mac Kiger,1452.2948955804402,1459.8369680531118,1486.361229797965,
Shunsuke Mitsui,1481.2397356884242,1478.3444756673546,,
Ryan Seggerman,1546.3829178705005,1502.6198682117165,1565.1930206008344,1487.534624766458
Rishab Agarwal,1490.8906417704843,1490.583786274969,,
Jaycer Lyeons,1467.06690943825,1487.9363245432955,1477.8623987947014,
Tuncay Duran,1463.076349987274,1460.0719587951437,,
Viacheslav Bielinskyi,1494.9508336150711,1491.7332116380535,1498.4857554671,
Daniels Tens,1447.19105349006,1445.945906950158,,
Osgar Ohoisin,1504.960812183981,1498.836805373866,1505.4805636930196,
Mark Lajal,1719.2849816263476,1673.73556235025,1445.9008965531154,1563.1386960376212
Matic Kriznik,1495.3728981001834,1480.864709964132,1513.3781864890052,
Isaac Becroft,1493.6716755742916,1491.9420672800204,,
Elmer Moller,1734.5631832295091,1589.621115312529,1692.9893892266125,
Cesar Cruz,1443.8096093314196,1471.3794560059457,1470.4458572028536,
Michael Bassem Sobhy,1472.115885504255,1485.5627423611577,1485.0265656570157,
Mihai Razvan Marinescu,1475.4479080536405,,1475.5715055362857,
Hudson Rivera,1474.2591493150028,1470.6580649565556,,
Constantin Frantzen,1464.4368705198983,1471.5504422477793,1490.0697502274516,
Preston Stearns,1474.953175969742,1475.9915206925689,,
Simone Agostini,1455.9553042689029,,1454.9051604569504,
Petr Nesterov,1534.7682053339852,1503.9543099062184,1528.1961017826286,
Alexandre Reco,1523.4206086989952,1514.759850792232,,
Alex Michelsen,1960.6299225899536,1906.07600420268,1528.8604713997368,1583.0866417185189
Alejandro Manzanera Pertusa,1470.3648515667635,1472.1896389797191,1489.1151176960864,
Rafael Segado Esteve,1478.3130220814237,1478.7612949602467,,
Darwin Blanch,1439.874313506498,1461.3865083696162,1466.6324921144728,
Martin Landaluce,1754.7345919837217,1677.061224955359,1586.228938329578,
Woohyuk Sim,1478.4923722352096,1477.8384189906403,,
Seung Min Lee,1476.9829017287152,1476.0185627660255,,
Matheus Cury Bueres,1439.0431331786167,,1437.772854660587,
Nicolas Zanellato,1505.0513140475396,,1499.157444461909,
Mathieu Scaglia,1481.6231826596345,1493.1960837154952,1487.6784108745712,
Mikail Alimli,1485.993919554221,1482.9773647228665,,
Rafael Tosetto,1417.2270278966057,,1417.714861895343,
Woobin Shin,1513.9715496710803,1511.190589380558,,
Noel Larwig,1480.1816773459573,1477.9666521248,,
Gilles Arnaud Bailly,1545.0803913893633,1514.681193672052,1500.34164632875,
Alexander Blockx,1740.5777942099555,1685.2551344253466,1542.6158453259598,
Andres Andrade,1623.1127848522672,1517.9927016577371,1632.9054289052106,
Igor Gimenez,1490.7462531449692,,1490.5431919218208,
Tristan Mccormick,1470.665566206069,1451.243478835277,1482.9241818791716,
Suk Ann,1460.429612871403,1458.1621907590172,,
Mitchell Harper,1451.0299495141246,1450.131092195188,,
Zaharije Zak Talic,1460.9499666056752,1459.9577473896838,,
Antoine Ghibaudo,1557.183327162636,1553.806386132835,1471.2173996343502,
Matt Hulme,1484.7019843592225,1481.7816714417645,,
Sam Ryan Ziegann,1474.2727895603375,1473.7815441471332,,
Rimpei Kawakami,1498.8897778035248,1503.634728317341,1489.1194715092809,
Taketo Takamisawa,1476.760019552476,1476.188886952071,,
Keisuke Saitoh,1468.9166368062645,1463.4503132254697,,
Hikaru Shiraishi,1477.5821003966014,1471.1924155860536,,
Takuya Kumasaka,1495.7530986230263,1490.1101824230063,,
Chris Rodesch,1561.1815345302666,1553.4933425127526,1492.2922614818756,
Arthur Bouquier,1538.3467789372569,1532.7588466721877,,
Koki Matsuda,1505.328254687787,1504.2161741824004,,
Yusuke Kusuhara,1467.6253749363173,1465.2190917308928,,
Shunsuke Nakagawa,1484.2539007790913,1480.2395677330182,,
Kentaro Otsuka,1481.0104766389304,1480.3060412918355,,
Keegan Rice,1453.7669983075484,1450.7434656523685,,
Joshua Lapadat,1471.1884659771724,1465.0771888270508,,
Jan Kumstat,1470.141893775051,1487.0577370948265,1476.2190021018955,
Jaden Weekes,1456.9466025712354,1454.5707924932317,,
Joao Fonseca,1881.7668367132649,1784.4519946319008,1643.5347136956295,1477.9963837853802
Joao Eduardo Schiessl,1472.8431576948678,1499.167604709519,1469.5925474465496,
Roko Horvat,1475.6090541399235,1491.9652709520983,1481.1400111229368,
Kareem Allaf,1478.07574176496,1475.5112485397883,,
Oliver Okonkwo,1466.9448347705766,1463.683856229721,,
Kenta Miyoshi,1558.3092451518062,1550.7443878715492,,
Otso Martikainen,1472.832822790428,1471.5615319674782,,
Luca Fantini,1496.2780027783836,1489.90369965265,1505.0245478475072,
Ignasi De Rueda De Genover,1478.2962010946694,1488.8148298106814,1488.9550073349787,
Leonid Sheyngezikht,1440.5618943056456,1464.444757002632,1465.944937462753,
Svyatoslav Gulin,1555.6132541545694,1498.278474976721,1544.685735654579,
Maik Steiner,1488.600003403863,1489.274498767821,1499.351778661865,
Niccolo Catini,1455.36025314546,1485.7711447238896,1463.9098963714898,
Guilherme Valdoleiros,1453.7607273744534,,1454.427523638928,
Joao Silva,1468.306442158213,,1464.0039787592932,
Lucio Ratti,1466.8335656450386,,1465.8820660389897,
Aditya Vishal Balsekar,1484.0420662933625,1480.1846058525084,,
Manas Dhamne,1498.6277286662037,1493.878876596301,1497.4131417576837,
Stefanos Sakellaridis,1495.518037471866,1457.8767368335266,1503.4195591940015,
Luciano Emanuel Ambrogi,1560.3907460744838,1474.453148420847,1595.110259200573,
Jisung Nam,1496.4963060477182,1492.4988911530445,,
Maximus Jones,1485.970522988545,1488.088265596382,1485.984803620217,
Gillian Osmont,1463.808486551219,1463.4009418478545,,
Tiago Pereira,1437.543650664186,1462.457833738519,1449.127520076368,
Derek Pham,1489.1948767700658,1487.5464149849151,,
Tibo Colson,1479.4508208217696,1469.4439252584473,1503.0458109038157,
Alejandro Bancalari,1451.9118178385954,1487.5768463847444,1463.4053670646065,
Victor Ernaelsteen,1495.4223115065397,1494.6465601335688,,
David Jorda Sanchis,1611.4603150319874,1534.3725053207852,1544.339812223502,1484.4783387837222
Yaroslav Demin,1425.7535847084218,1426.4670147800643,1474.068500518583,
Miguel Garcia,1481.5197317892307,1475.837999883336,,
Blake Bayldon,1441.1624610833303,1460.5613850707748,1477.0986866009198,
Thomas Braithwaite,1462.7859014175,1461.8232220123127,,
Rhys Searant,1487.6230645386722,1487.5565029543457,,
Matthew Woerndle,1486.1784713525735,1485.7365173916564,,
Leanid Boika,1484.6921675279036,1484.3174055816696,,
Joshua Sheehy,1423.326937297987,1437.090490084981,1475.4563618743873,
Amir Milushev,1495.2430456162738,1493.9101218217704,,
Andreja Petrovic,1498.410857576113,1497.521234158976,,
Pijus Reklevicius,1489.1756794780697,1488.606188791363,,
Antonio Muniz Hidalgo,1491.8120280780734,1490.7613367788776,,
Liam Krall,1494.736097546161,1492.8127863243074,,
Dinko Dinev,1478.0391345646476,1500.5827379103096,1473.3421233863455,
Anthony Popyrin,1474.6179312868408,1475.8451718987983,,
Oges Theyjo Jaya Prakash,1490.8471278574495,1490.6983833447573,,
Bharath Nishok Kumaran,1477.9433977111178,1475.261927914939,,
Cooper Williams,1488.4632043419535,1469.0078247935578,1499.6148698724655,
Keshav Chopra,1473.582540471944,1471.6665124307683,,
Manish Ganesh,1472.812831894436,1466.184455305959,,
James Van Deinse,1497.9572268919194,1497.0201923503855,,
Chirag Duhan,1492.4834415814578,1491.6184765547234,,
Arthur Weber,1511.4709739936625,1502.5618474072742,1471.63751556103,
Dylan Dietrich,1539.864576609345,1496.3007343704471,1537.4423040465647,
Andrin Casanova,1454.0286032309357,1469.8486250466924,1479.531165246636,
Timofey Stepanov,1492.7138792181358,1492.2954832631835,,
Matias Rojas,1475.6280874107647,,1475.5292530606223,
Rafael Kis Balazs,1485.9352668901795,,1487.9808629071144,
Gabor Mathe,1483.5296374069644,,1483.3557103720775,
Martin Zeljenka,1490.6189728445274,,1491.5202431607445,
Matyas Fuele,1482.172843797107,,1480.4030755478557,
Attila Boros,1484.0596245449506,,1484.1539294042684,
Maxwell Mckennon,1533.9164354499255,1528.213103880461,,
Jordi Garcia Mestre,1486.977579599818,1487.1899296963286,,
Bruno Pujol Navarro,1478.892440365378,1476.2248941099888,,
Davide Pozzi,1486.956299866751,1486.8619989068775,,
Adrien Gobat,1509.4906606736738,1508.9409059055563,,
Patrik Jurina,1493.8680713332835,,1491.5305328861996,
Nikola Basic,1487.4326065230823,,1487.1956962133622,
Jonas Schaer,1487.5261304408318,1487.732949812047,,
Noah Lopez,1461.3909466291063,1471.5829784384064,1488.7163627269183,
Nicolas Kobelt,1489.330172113233,1498.6051245070782,1488.7664299476835,
Gabriele Moghini,1489.3353917757174,1488.7033147269185,,
Noah Regas Luis,1485.7127181761612,,1484.5592967808927,
Nil Regas Luis,1476.8543060393172,,1477.5846702927076,
Gerard Campana Lee,1572.04441491959,,1553.6860940634065,
Jorge Martinez Martinez,1499.1105825786165,,1497.192194852346,
Walid Ahouda,1477.281495678807,1484.1885717907512,1491.483648799154,
Reda Bennani,1511.642324640984,,1495.5352881062165,
Younes Lalami Laaroussi,1480.837737239935,1499.2752450994635,1477.9590169997352,
Benito Massacri,1456.3400828894312,,1454.3088182936017,
Jibril Nettles,1486.2858954259282,1491.0188187691786,1493.0673673979727,
Lawrence Sciglitano,1492.514307203716,,1492.8083595815708,
Josip Simundza,1466.0447498185033,,1459.8264767433764,
Duje Markovina,1480.224613735764,,1479.1533149004945,
Vito Tonejc,1495.445709287977,,1489.6311613159023,
Gustavo Ribeiro De Almeida,1467.587171589786,,1463.5425417612191,
Kyle Kang,1473.2871140387797,1465.266183086059,1501.2250428333932,
Kaylan Bigun,1474.9213968416027,1454.5549610534583,1506.353719068244,
John Bernard,1493.2134476194262,,1490.5148106257425,
Pedro Rodrigues,1491.356174179157,,1491.2811269312483,
Ezequiel Simonit,1487.3785506627262,,1486.93611560913,
Gabriel Schenekenberg,1474.6578865700033,,1474.651785821109,
Yunseok Jang,1479.1275738062152,1477.3617225286257,,
Hynek Barton,1619.6140744730078,1520.0875279012707,1597.616479397378,
Jiri Barnat,1445.1439707438851,,1438.330664432328,
Seon Yong Han,1489.443478225391,1488.8886788652153,,
Jan Hrazdil,1501.3430275728756,,1496.9621787294352,
Federico Bondioli,1433.6805807875576,1472.7393800819202,1441.5591639949205,
Julian Gimenez,1500.0631313955555,,1500.0474919141698,
Cash Hanzlik,1487.509738332902,,1487.509096746234,
Lorenzo Carboni,1457.2627098272812,1474.1166668614037,1471.0801983747845,
Lorenzo Sciahbasi,1480.6676449401712,,1480.3810479429455,
Matthias Ujvary,1452.8786031481409,,1445.3410730442624,
Jakub Filip,1488.8556530596602,,1486.604336156077,
Antonin Bolardt,1494.2112281045104,,1493.0282088081713,
Petr Brunclik,1476.8161957649068,1492.491637376335,1481.5531204030733,
Manuel Lazic,1473.4840728480683,,1470.8526628859795,
Branko Djuric,1533.548804885859,1526.2587035964573,1498.5072490895452,
Skander Mezouar,1493.302358991798,,1490.4781134829452,
Rayen Hermassi,1489.979929814771,,1489.9161191941064,
Andrea Gola,1504.8875338415507,,1503.905384355953,
Gorazd Srbljak,1490.5925687032518,,1489.9017599163956,
Berk Bugarikj,1487.256531257041,,1485.807098012174,
Obrad Markovski,1498.5746274304522,,1497.215404971198,
Yanaki Milev,1488.9986206254546,1470.822061388115,1489.1250922552033,
Besir Durguti,1484.5949582704477,,1485.343527989946,
Edoardo Cherie Ligniere,1493.122618886744,,1492.485982979489,
Michael Zheng,1541.35224130419,1536.826446398638,1488.3800059069197,
Gabriele Brancatelli,1487.9748537916169,1487.8218849453058,,
Thijmen Loof,1461.4556460901558,1476.5989597442965,1487.501908950966,1482.6893370880437
Noah Gabriel,1495.1133900927205,,,1488.0143103469995
Gabriel Evans,1492.8992063375656,1492.4986805147514,,
Mae Malige,1461.7186819621893,1481.6740246376378,1464.2488534238878,
Tom Paris,1496.2268086238048,1472.5351071252053,1513.7192202868448,
Michal Krajci,1486.6502447050484,1488.425410816726,1491.5902534348736,
Filippo Moroni,1510.721583390269,1493.123490658411,1516.144425329102,
Borys Zgola,1489.5461821105298,,1489.1209466291955,
Tomasz Berkieta,1457.699374838623,1490.991186404534,1456.0662390810278,
Iliyan Radulov,1507.216336287826,1495.465802991769,1504.9865867809613,
Miguel Tobon,1465.0219309546114,,1463.449264085427,
Frazier Rengifo,1481.7640670881854,,1478.6051309592865,
Johan Alexander Rodriguez Rodriguez,1467.8922895047135,,1465.0111240046176,
Emilien Voisin,1503.6067272769685,1505.5650055867654,1489.6081069822342,
Felipe Santamaria,1488.320102332516,,1489.106414164783,
Luca Parenti,1486.7669232381386,,1483.0556990959194,
Lucio Carnevalle,1479.721892663589,,1478.0181686171125,
David Fix,1482.4820668482123,,1480.635866085555,
Ozan Baris,1508.4166260962554,1503.4381762372911,1493.6884702282252,
Justin Engel,1535.0758112489125,1551.1163639349818,1456.939220593678,
Marat Sharipov,1540.2249583907808,1531.6231582074108,1496.365911906027,
Paul Inchauspe,1482.56902635226,,1478.1086512521365,
Manuel Mouilleron Salvo,1499.230118536112,,1499.163419904672,
Francisco Pini,1488.0,,1488.0,
Francisco Faigenbaum,1487.5265712112869,,1487.5265712112869,
Nicolas Hollender,1486.7438762648733,,1487.1504795146425,
Rocco Valente,1471.1914303995636,,1471.1355479439876,
Gonzalo Zeitune,1476.815986025551,,1477.207150798769,
Jonas Trinker,1489.3019438891654,,1487.5473545742457,
Niklas Waldner,1480.1522366946751,,1479.484549409981,
Peter Buldorini,1456.3932062334106,1510.7896153177733,1439.2570230924837,
Jacopo Bilardo,1476.3217516118416,,1475.4850003892711,
Marc Majdandzic,1488.6505610280462,,1487.557383762315,
Dragos Nicolae Cazacu,1478.786127373137,,1480.0234593771302,
Matei Cristian Onofrei,1475.6557105760307,,1474.198282452595,
Quinn Vandecasteele,1464.0739850268317,1466.3659043770217,1487.8525681437493,
Vesa Ahti,1481.4720891164789,1491.006288913514,1488.4874472641543,
Oskar Antinheimo,1489.9325941899938,,1489.5153172109533,
Oren Vasser,1486.8064355095853,,1487.2401021982532,
Leonardo Rossi,1499.5186187117802,1493.3403102218829,1504.68954874961,
Sergio Badini,1487.5126445873111,,1487.2133443523255,
Giammarco Gandolfi,1489.309837134423,,1490.7561144607246,
Linus Lagerbohm,1490.0659118542758,,1489.1427879408338,
Max Dahlin,1492.6671701872394,1493.064453099224,1494.8470741469762,
Niels Visker,1499.8889638640037,1506.7680458696698,1483.9991608177825,
Fons Van Sambeek,1476.450463998398,1489.2513438924248,1487.0802224516056,
Stijn Slump,1481.3765933028335,,1482.140061397719,
Sander Jong,1492.2631635779055,,1491.6716115579927,
Gabriele Pennaforti,1447.3536028895644,,1446.3367937755438,
Jerko Brkic,1483.8203721876955,,1481.839322901228,
Evgeny Philippov,1490.3480847454764,1493.010851106377,,
Egor Agafonov,1534.0167833229125,1530.2080919711152,,
Ilia Simakin,1567.0616445180433,1561.317611381382,,
Aleksei Mokrov,1486.9925971606822,1487.0401747906917,,
Semen Voronin,1486.3419012063734,1486.263753137696,,
Mustafa Dustov,1487.3166156709472,1487.031348745346,,
Siddhant Banthia,1470.9572121968192,1481.7035298001822,1486.0405415626176,
Orel Kimhi,1479.0586659112273,1472.7419585462642,,
Miguel Larrea Sicco,1480.6060583620665,1487.5404662259136,1490.6518413520523,
Francesco Giorgetti,1485.825530313148,,1486.151634035391,
Justin Roberts,1493.5398072690325,1501.3956234049515,1495.6313364653042,
Noah Schachter,1467.027220886975,1450.416882966587,1511.7436862122108,
Andre Ilagan,1550.4185090316544,1540.0308656454808,,
Karlo Cubelic,1490.7056527299278,,1488.75464460248,
Niklas Koch,1489.0854755373452,,1488.664014853046,
Aaron James Williams,1487.478627192923,,1486.6476268614904,
Enmanuel Munoz,1475.0164354613291,,1474.6828533528965,
Stefan Popovic,1469.6223099078315,,1465.790564473687,
Radomir Tomic,1487.6810311303225,,1487.661185632762,
Aj Catanzariti,1488.8490726681598,1489.144664580956,,
Abraham Asaba,1457.0754959009469,1492.8014457917538,1463.6228003174474,
Marcel Kamrowski,1480.3519432579126,1477.6544024257053,,
Filip Pieczonka,1492.3511402131342,1493.1281392697906,,
Yi Zhou,1535.9335691656197,1521.0866378597148,1487.7436873547958,
Xiaofei Wang,1469.4606375838364,1468.637775005841,,
Jiayang Dong,1459.4921017581632,1459.392150058282,,
Zhenxiong Dong,1427.494597941571,1430.066363683561,,
Sebastian Rodriguez,1499.9666551857838,,1499.6250523055269,
Trevor Svajda,1491.4580866262695,1489.5913752012143,,
Linang Xiao,1497.0284890529315,1484.802382381792,,
Linghao Zhang,1426.5749759815371,1425.6973258089618,,
Daniil Sarksian,1490.0760404410555,1489.7313626245827,,
Ivan Ivanov,1472.8884685850544,1479.0889186573042,1488.4374131920972,
Javier Molino,1488.0282476908671,,1487.6829257231898,
Gabriel Elicha Navas,1464.9088309415274,1488.0,1476.8377691238245,
Paul Werren,1491.233631556895,,1488.5714229063915,
Syl Gaxherri,1467.0125828339844,,1462.1310052490633,
Gianluca Cadenasso,1501.4713364447618,,1496.3083253653892,
Filippo Romano,1497.431958636666,1488.5504445795427,1502.0429398941026,
Valentin Faure,1488.2695577704128,1487.9854020460175,,
Pierre Antoine Tailleu,1483.690637196206,1484.9821434584424,,
Esteban Davila Gasser,1466.696803625027,,1466.477928876476,
Daniel Berdecio,1485.289656508395,,1485.3951861634068,
Raul Garcia,1478.425005090768,,1475.7499736245925,
Qian Sun,1468.403989396951,1469.3654730834933,,
Yaojie Zeng,1486.085976060929,1486.6799500563536,,
Xing Dao Chen,1464.4430198485747,1464.963133268689,,
Jimmy Yang,1452.290450894782,1453.5371394314277,,
Robin Catry,1506.2305101579543,1503.64539811462,,
Patrick Brady,1527.0204131427372,1523.9736297375568,,1487.6785761544718
Bohua Dong,1481.468137694313,1480.5349179366538,,
Mustapha El Natour,1514.0,,1514.0,
Daniel Azar,1486.0,,1486.0,
Martins Rocens,1484.3024932488445,1483.9726219593042,,
Nicolai Budkov Kjaer,1533.9576273098407,1516.2859973727311,1500.4990285959573,
Diego Duran,1499.742321181371,1512.9113426865836,1486.0,
Conor Gannon,1487.6796796670894,,1485.3404580052804,
Yassine Dlimi,1492.6971541221235,1498.9519240207603,1486.9122831497257,
Freddy Murray,1514.0,,1514.0,
Jose  Flores,1486.0,,1486.0,
Joaquin  Aguilar Cardozo,1502.1831427867812,,1499.6031001141373,
Nikolay Vylegzhanin,1539.0216248414072,1545.7057726301016,1482.4291253224596,
Rares Andrei Golescu,1468.2167078347798,,1468.7550040754124,
Ryuki Matsuda,1527.069466128929,1520.2418664291015,1487.8962086617755,
Jan Kobierski,1476.668383836659,,1475.5377342655302,
Alexander Stater,1486.5690345327816,,1485.8308410129362,
Miguel Angel Cabrera,1479.1239760069964,1485.9375628526238,1487.4281223425207,
Axel Nefve,1436.133324643896,1452.1967402896785,1475.8675307015496,
Bryce Nakashima,1482.4816527084497,1481.1841429587032,,
Wenfu Li,1475.730179639696,1472.7887577844915,,
Adit Sinha,1467.7786290467034,1467.39247310526,,
Rodrigo Fernandes,1466.389490864397,1474.9044065879048,1486.393742240328,
Evan Burnett,1481.647525070071,1478.120104737514,,
Jefferson Wendler Filho,1486.8783072445697,1484.4253391357458,1501.750696348359,
Enzo Lima,1491.0638480355058,,1490.5060051977573,
Benjamin Martin,1488.6169949242642,1489.8503945211564,,
Sheng Tang,1462.0598744053464,1459.5188092415078,,
Ezequiel Monferrer,1478.715610061044,,1476.868755390896,
Maxim Mrva,1481.4514370973236,1491.807198528737,1489.684757355793,
Kris Van Wyk,1539.7923131977848,1525.2690090240008,,
Charles Chen,1471.2545880635312,1466.7034009207389,,
Tomohiro Masabayashi,1467.4942040587084,1465.4469763584907,,
Jinpeng Tang,1487.0592399409738,1486.835444479015,,
Sebastian Eriksson,1471.1504739785903,1469.1133044098876,1495.328522767347,
Jakob Schnaitter,1480.5741688928729,1494.65334211358,1481.4261592727482,
Lautaro Agustin Corthey,1479.6436836614453,,1478.9148793468444,
Ignacio Novo,1489.706829379552,,1489.643265102014,
Agustin Mastri,1487.196353165155,,1488.2735376756002,
Andrea Bacaloni,1491.2459553672384,1489.4384353974742,,
Luigi Castelletti,1493.2306206306168,1492.9493730422248,,
Pavle Marinkov,1510.2837201332422,1503.8779925027916,,
Jacob Bradshaw,1485.8275596986014,1478.3995815361056,,
Pietro Fellin,1490.504452318788,1490.1556645023145,,
Samir Hamza Reguig,1490.0129547944553,1488.0,1499.2619790807564,
Niels Villard,1488.6297148390342,1487.0128899641593,,
Vitek Horak,1496.1523248385545,,1496.0577939024774,
Enzo Camargo Lima,1458.0155185770896,,1454.356577052208,
Ryan Augusto Dos Santos,1461.5987583966546,1486.3635108666504,1475.7638874994027,
Kaua Lorenzo Santos Gava,1488.7632286597243,,1488.6899773066707,
Thomas Nicholas Gadecki,1481.4288529177916,1479.8577278187229,,
Gen Nakamura,1488.5521292331568,1487.6007087186345,,
Markus Molder,1485.9877479215058,1483.3663938303832,,
Jonathan Sorbo,1492.0755649099028,1491.625999311606,,
Kaetan Mehta,1488.656299751559,1488.295861384457,,
Drew Van Orderlain,1466.0970445842802,1480.1288640342432,1485.0763338755978,
Luis Jose Nakamine,1480.9639920723798,,1478.5572259432902,
Alberto Odiseo Alvarado Berrospi,1477.1823815098714,,1476.7354446190982,
Alexander Kotzen,1519.638422162256,1517.852645103305,,
Benjamin Thomas George,1530.779994095053,1526.6138682745072,,
Rei Sakamoto,1581.4778609593268,1571.866934612052,1489.27858389757,
Federico Aguilar Cardozo,1471.209386817906,,1469.316646967466,
Henrik Bladelius,1496.6498174940862,1495.5968953046577,,
Junghee You,1499.8379789042706,1499.7990554497678,,
Trey Hilderbrand,1529.5741404248058,1515.8303555967934,1503.613356508998,
Kuang Qing Xu,1485.3802146043486,1485.5101406982214,,
Eloi Roux,1478.4200213571226,1477.078249434088,,
Leo Vithoontien,1465.2480160649352,1463.0112220473968,,
Evan Bynoe,1488.356218891194,1487.8600554005425,,
Nicolas Oliveira,1477.1684718130928,1488.27451660107,1488.1003464132991,
Benjamin Ignacio Torres Fernandez,1452.516427401712,1488.079682640047,1463.5384902564988,
Shogo Sanada,1486.155882247772,1486.2749477621082,,
Petr Iamachkine,1461.810584938999,,1463.8668614618473,
Martim Simoes,1481.8416089035957,1480.291145437698,,
Diogo Marques,1455.0499002760992,1476.7919518711524,1475.6949753480344,
Casey Hoole,1520.3188862955908,1517.7246564402974,,
Chak Lam Coleman Wong,1497.6600640656295,1494.7643820543706,,
Jack Loutit,1527.0263300937654,1523.4533682734752,,
Vito Antonio Darderi,1488.6697175178283,,1488.3216292119232,
Alexis Gurmendi,1491.7356950225858,,1490.887481622102,
Nicholas Godsick,1478.825937722755,1474.7311925480728,,
Jacob Bullard,1490.2722808506069,1489.559922246861,,
Elijah Strode,1488.393178398151,1487.5691067337905,,
Martin Estevarena,1491.4910021039382,,1490.616507052343,
Siwanat Auytayakul,1493.222425774086,1492.4022876371414,,
William Jucha,1492.4095856424012,1490.44315218868,,
Petr Bar Biryukov,1522.992854423649,1517.6145610706917,,
George Goldhoff,1467.0292687304493,1487.9282726450351,1475.4917019285178,
Jack Loge,1495.278480397929,1493.6260274572185,,
Marcio Eduardo Silva,1488.3530922611212,,1487.954644576516,
William Grant,1473.9990877805683,1492.0775017731194,1477.543294472726,
Kokoro Isomura,1532.5495439407453,1523.2832295413143,,
Corban Crowther,1462.7001619793557,1462.3050062101656,,
Luke Sorensen,1488.0177867307657,1487.655603530913,,
Mika Lipp,1490.8244726393198,1486.3836354819298,,
Davis Rolis,1470.14344204334,1470.9740354672058,,
Heve Kelley,1491.2191161189671,1488.935723991236,,
Juan Carlos Fuentes Vasquez,1498.3469795219153,1514.0,1485.0224182292895,
Matavao Fanguna,1486.0,1486.0,,
Hamza Karmoussi,1480.5582877552902,1486.0,1494.1955576110552,
Benedict Badza,1514.0,1514.0,,
Kwok Shun Dasson Chan,1486.0,1486.0,,
Daniel Vallejo,1507.5192614101825,,1499.784936037366,
Michael Agwi,1557.5856895872446,1542.3660317366907,1510.5587210852907,
Ioannis Xilas,1513.7491582774155,1513.7386240864882,,
Luca Preda,1486.0,1486.0,,
Henry Searle,1512.6675027634494,1474.0972742295098,1497.1326113309124,1491.9382985741356
Hamish Stewart,1519.2335000708983,1524.077720084316,,1475.3009657803502
Gabriel Gomez,1490.823394171378,1487.537861350912,,
Lohithaksha Bathrinath,1487.3119693653523,1487.62474841021,,
Ishaque Eqbal,1488.360218532836,1488.089777687126,,
Mason Naumovski,1486.3821269550008,1486.3525039055796,,
Charlie Robertson,1526.514931961821,1524.2747991631345,,
Elyas Abdulnabi,1489.8725106398635,1489.6471008924796,,
Marko Nikolic,1494.002049655394,1493.081341660075,,
Ali Habib,1489.6948822128868,1488.3470695099202,,
James Davis,1486.3912400350182,1486.5228756215618,,
Yusuf Ebrahim Ahmed Abdulla Qaed,1497.290400892669,1494.543450888245,,
Thijs Boogaard,1496.7653809648427,1495.2514925886562,,
Buvaysar Gadamauri,1519.263464863412,1511.5060104057347,1500.165206542977,
Florent Bax,1528.2277116257972,1496.2728337754754,1525.8325692643568,
Maxence Rivet,1470.6035666650855,1478.0460828730036,1489.5296316534866,
Parth Aggarwal,1488.9437139657373,1488.4049492957922,,
Ernest Habiyambere,1479.9505162984244,,1473.9840912471966,
Alessandro Bellifemine,1487.1633201385598,,1488.8315981099704,
Junior Hakizumwami,1484.2328782384538,,1482.953377928268,
Joshua Muhire,1474.9288410382649,,1476.197698480485,
Parikshit Somani,1484.519477825991,,1485.992841793833,
Takeru Yuzuki,1480.7587601996142,1489.4281669350887,1488.6144425486896,
Sai Karteek Reddy Ganta,1442.6613959288811,1455.1727232307128,1488.0025867487702,
Patrik Meszaros,1491.642032486919,,1490.6635573295289,
Botond Kisantal,1491.518563296289,,1491.1133683287906,
Kolos Kincses,1489.3830541883492,,1488.9272696926998,
Benjamin Torrealba,1478.9008880641925,,1475.581407469623,
Vincent Marysko,1489.41923105025,1498.207304783219,1489.426323974271,
Brandon Stringfellow,1496.2751117728585,1494.2289454737745,,
Oliver Ojakaar,1508.776999643679,1491.0251483930274,1513.3504667161706,
Sina Moghimi,1498.5381120270488,,1498.2226306167004,
Pablo Martinez Gomez,1490.9060133376104,,1490.5588752317788,
Matej Dodig,1626.075388135074,1527.195492659319,1589.797851007236,
Mark Wallner,1503.9721490380225,,1503.7994546784655,
Nikola Puntaric,1488.7288836563546,,1488.678520830617,
Marino Jakic,1492.2946370898253,,1492.0387367249589,
Lukas Rohseano,1488.9343306111284,,1487.1681003611425,
Pranav Kumar,1457.8041184854271,1467.9342648085849,1487.5027036528122,
Emiliano Aguilera Guerrero,1488.7558851836063,,1487.257377018277,
Gustavo Giudici,1488.1449207056187,,1488.0795334744887,
Santiago Padilla Cote,1467.7160011477388,1478.6702522570718,1486.4463851491616,
Joaquim Almeida,1478.991677655604,,1474.3679825305414,
Joao Vitor Goncalves Ceolin,1486.387732485375,,1486.8918437343848,
Fabrizio Karol Pio Osti,1491.0274725924603,,1491.1052559436966,
Karim Bennani,1494.233097421907,,1491.6913498160834,
Diego Bustamante,1489.0706751312132,,1487.4787280470068,
Mariano Tammaro,1487.813069784856,,1484.2337195408145,
Ian Luca Cervantes Tomas,1489.7476489593384,,1490.836478839705,
David Naharro,1490.519766093899,,1490.121061498509,
Alexander Frusina,1465.0060066808774,1488.9664298720922,1475.818012250727,
Joel Schwaerzler,1579.4748282275812,1509.4994117894755,1552.8668464069517,
Yun Seong Chung,1504.1993556196742,1499.9456847100532,,
Seokhyeon Chu,1490.7395150149555,1489.9314122649978,,
Hoyoung Roh,1488.3178360378788,1484.2008747231848,,
Rafael Jodar,1473.9301570549885,1487.6869683025973,1487.6244437901976,
Alejo Sanchez Quilez,1519.046670163218,1506.871574321133,1508.1651802559206,
Daniel Lara Salmeron,1492.8744990229577,,1492.7162762698306,
Pablo Manzano Lapuerta,1492.0946786435695,,1492.6643894001782,
Yannik Kelm,1467.0987356609614,,1467.2705241024987,
Henri Haupt,1491.0809841598168,,1492.4704505960071,
Alexander Razeghi,1488.6049920590765,,1488.0829020344445,
Roy Horovitz,1488.2453562561927,,1487.1910566903082,
Justin Lyons,1489.8123086729672,,1488.6620038016551,
Maximo Zeitune,1487.731894261487,,1487.5728499542154,
Nikos Lehmann,1495.2382657477983,,1495.3450299385142,
Mateo Del Pino,1488.7082908988727,,1489.5008610607497,
Lucca Guercio,1476.9901578617653,,1476.5648228880618,
Romeo Arcuschin,1486.7030553966365,,1486.5656529015982,
Jose Fernandez,1482.4814678554892,,1482.6801252491512,
Santiago Ruiz Velasco,1485.335117067788,1485.5927017363656,,
Gabriele Camilli,1488.8199024253888,,1489.375332882911,
Federico Cina,1527.9922386872968,1534.2354704717827,1472.1648785194704,
Amir Omarkhanov,1492.8773497021734,1496.0539014824749,1496.2527084540354,
Lautaro Agustin Falabella,1512.0000315259392,,1513.5878385327069,
Matt Kuhar,1492.897149358529,1502.6422134723605,1487.729060342962,
Filip Kana,1491.950540365077,,1491.6473106329092,
Jiaji Wang,1492.8899846099132,1492.589038284038,,
Victor Hugo Remondy Pagotto,1476.359678293977,,1475.1712035535706,
Samuele Pieri,1472.849831918515,,1472.584790187545,
Zijiang Yang,1491.6497633806268,1490.51588128955,,
Lucca Pinto,1475.1341197638076,,1475.1221632150348,
Aryan Shah,1487.0005779938656,,1487.0411028933256,
Luis Felipe Ferraz Sandoval Carvalho,1487.6691449950015,,1487.6162932810555,
Daniel Bagnolini,1488.0885399762976,,1486.2934035818196,
Federico Campana,1486.9534177268647,,1486.9961860207266,
Youssef Boubaker,1492.4873879739976,,1487.5049940126555,
Anas Bennour Dit Sahli,1493.8714979361116,,1488.3941954143252,
Omar Knani,1489.1685849548287,,1488.6774024852048,
Denis Constantin Spiridon,1493.5624015909896,,1493.2869353311442,
Kai I Wang,1477.289959461893,1476.4507027397865,,
Yan Cheng Chen,1487.2483302465985,1487.108654260462,,
Amar Huseinovic,1485.5682242442087,,1487.190674634472,
Luka Pavlovic,1570.7621838627986,1486.062685794133,1577.9241343932313,
Diego Dedura Palomero,1511.1596777653403,1499.4026427619272,1500.4516383194352,
Aleksandr Lobanov,1481.8248217521302,1496.671037490979,1483.3335841763542,
Aleksandre Shvangiradze,1487.8660689889994,1487.568170750944,,
Pavlos Tsitsipas,1484.2448106064303,1494.770785877536,1488.8684710129492,
Giorgi Giorgadze,1490.02357194948,1489.071155115921,,
T. Farquhar,1486.3660674680082,,1485.1797230665463,
Rudy Quan,1566.7724796943369,1553.1424618083856,,
Theo Papamalamis,1485.5732000356277,1482.84199479002,1492.2948657822378,
Ilgiz Valiev,1501.9868393287766,1501.8411806908305,,
Lovro Maricic,1489.5906202030428,,1488.7197924037423,
Lasse Poertner,1509.4553877660423,,1505.4219241298388,
Juan Estevez,1488.7063599114451,,1488.4056513030544,
Felipe De Dios,1485.7654642171167,,1486.2832619253231,
Gonzalo Ariel Karakachian,1488.463404183856,,1488.7527153221815,
Valentin Basel,1465.1658553606417,,1462.7457429784956,
Marcos Lee Chan Baratau,1476.435140324602,1493.0911839093596,1479.6122843229414,
Pietro Lavoratori,1491.7755634897203,,1490.801080361387,
Pietro Genovese,1491.480503617889,,1490.691471356411,
Joan Nadal Vives,1485.297809791905,,,1469.4918964832204
Emile Hudd,1533.9042761637484,1528.2028404817731,1502.4379767923804,
Rafael Botran Neutze,1487.7341036060204,,1488.0737487997828,
Agustin Eduardo Cuellar Lorberg,1489.126986458021,,1488.9254582200892,
Carlo Alberto Caniato,1477.9133761131634,,1475.2075479915572,
Thomas Faurel,1490.9749281437803,,1489.175400352617,
Fryderyk Lechno Wasiutynski,1481.104278397538,1491.2817480903368,1488.1651184273708,
Oliver Bonding,1493.9500917599637,,,1490.007334596313
Michael Alejandro Beltran Rubio,1487.4768090415828,,1487.509091525596,
Salvador Price,1460.500842805894,,1460.526321305486,
Mateo Castaneda,1486.6860269671367,,1488.020933904129,
Samuel Heredia,1499.2961222756246,,1498.0654832347805,
Ioan Alexandru Chirita,1496.1291540885752,,1494.77957730076,
Tanguy Genier,1466.645285516178,1476.5753933999167,1487.5903331462328,
Jonah Braswell,1487.914793744506,1487.65122484094,,
Alex Bancila,1490.6618263986188,1490.317097086967,,
Max  Sheldon,1487.8045687182114,1486.1550433752163,,
Rares Teodor Pieleanu,1487.0815206359791,,1486.5447459664765,
Roy Stepanov,1475.6444261127688,1486.632310469657,1488.8888306816743,
Mihai Alexandru Coman,1481.1429964064237,,1480.0371437714844,
Filip Gabriel Bara,1473.5687504076425,,1472.5101032770765,
Gabriel Ghetu,1487.591408112487,,1487.3801815881325,
Alejandro Mateo Berge Nourescu,1485.4266731567238,,1484.2955852478383,
Micah Braswell,1628.491076196302,1615.0105556596045,,
Hugo Chapoutot,1488.0579018181754,,1487.460125817625,
Arthur Bonnaud,1488.6141148181246,,1489.2464173624796,
Leonardo Taddia,1489.4612710191395,,1488.8367936002624,
Ludovico Vaccari,1489.0700660468376,,1489.3401422137626,
Mats Hermans,1488.972437499826,1487.490289308668,1501.4129109770904,
Dusan Obradovic,1509.287016964463,,1507.2446668080097,
Alvin Nicholas Tudorica,1477.5074601824242,1474.5482082325434,,
Eduard Silviu Schipor,1487.42034373948,,1487.4886493849904,
Radu David Turcanu,1488.0810518179917,,1487.8777744005386,
Daniel Uta,1488.5843068639506,,1487.5781508819723,
Nico Hipfl,1496.6263581862224,,1496.4098824253456,
Albert Pedrico Kravtsov,1493.9469467617312,1496.0086674876711,,
Carlos Diaz Ruiz,1487.877638476628,1489.44126528034,,
Miguel Cejudo,1486.9621863172306,1488.6640979079946,,
Alejandro Lopez Escribano,1488.864148980042,1487.2536353758394,,
Adhithya Ganesan,1489.3760663765606,,,1483.9815341325111
James Mackinlay,1475.1309293096888,1475.2629057183997,,
Saveliy Ivanov,1508.4414665659044,1508.0875732308298,,
Vitaliy Zatsepin,1488.682636166009,1488.806887897195,,
Jakub Katuch,1485.1918449175816,1485.0937581123735,,
Maxim Zhukov,1505.2722253268323,1522.5598526561048,1476.187811730366,
Iliyas Maratuly,1488.0,1488.0,,
Manvydas Balciunas,1492.593079430212,,1490.9015137093097,
Filip Jeff Planinsek,1481.1225277208132,,1476.3732006524597,
Nicolas Arseneault,1489.454272085438,1483.8931437401825,,
William Rejchtman Vinciguerra,1496.0837085392511,,1484.9809603401989,
Rafael Ymer,1488.6779088904686,1495.1411480758568,1490.3122960107562,
Henry Bernet,1547.5874290246663,1513.1379315647184,1523.1443619171507,
Raul Teichmann,1491.223359266937,,1490.4857163586344,
Nikita Filin,1491.8127604791234,1488.627129221443,,
Nate Bonetto,1496.232060147499,1492.8056753662188,,
Alex Martinez,1568.3547577430968,1559.6679828957788,,
Ivan Perez Martin,1489.352708252762,1490.7265222772342,,
Alberto Bronzetti,1489.2985317104512,,1489.384063651017,
Daniele Minighini,1493.8254851966958,,1493.5118635940837,
Jonas Kucera,1500.2912363413425,,1500.6124035020637,
Denis Petak,1486.085279281799,,1485.5514453980145,
Max Schoenhaus,1479.4577661595213,,1478.3950606613623,
Joao Graa,1491.2752290762865,1488.7158291225917,,
Tim Ruehl,1504.4024030428538,,1503.937343975378,
Fabien Salle,1490.387759415665,1489.201609348805,1500.4283899332484,
Max Stenzer,1486.4533032469976,,1486.872740004093,
Pietro Romeo Scomparin,1489.6262319794794,,1489.4202214216753,
Lorenzo Berto,1488.161194499536,,1487.8796042075933,
Joan Torres Espinosa,1495.7272585136534,1493.15812878665,,
Anton Shepp,1495.280106630617,1492.00320911266,,
Colton Smith,1611.5694424108665,1602.1013114225514,,
Nikolay Sysoev,1491.7640832584093,1489.5860157704667,,
Samuel Alejandro Linde Palacios,1486.1546858695451,,1485.851377186426,
Jossting Cruz,1490.8984913351785,,1486.5661461918826,
Iannis Miletich,1495.8288294208205,1497.4204727155304,,
Pierluigi Basile,1512.136989834507,,1511.7033874931565,
Edison Ambarzumjan,1504.5343156438262,1504.6440195664743,,
Gabriele Vulpitta,1478.3119028426904,,1477.6667976147753,
Daniele Rapagnetta,1487.5418948171605,,1487.263112656677,
Braden Shick,1496.4259115590576,1495.5316421551304,,
Logan Zapp,1494.5901479536603,1492.588426421127,,
Patrick Schoen,1493.507743616122,1494.123702313502,,
Alan Bojarski,1486.5828866863271,1486.942671016215,,
Ryan Fishback,1485.7339357730227,1485.8717526047992,,
Yuquan Jin,1492.1121131947314,1490.719138246435,,
Nikolay Nedelchev,1512.7342662853928,,1511.5848698365803,
Viktor Kirov,1480.120473976957,,1479.361242791781,
George Lazarov,1486.9576554506848,,1486.9275645282082,
Renlong Pang,1488.049295892571,1487.906673334381,,
Zekai Li,1490.382780208431,1490.7835061878454,,
Jack Kennedy,1493.4311095634607,1490.3800153051377,,
Jia Hu,1485.968094535934,1485.3943251179246,,
Joao Portugal,1485.42192531292,,1486.0718370867223,
Rafael Izquierdo Luque,1487.214298278884,,1487.1117794808429,
Naoya Honda,1493.2600804528597,1490.4591614905191,,
Nathan Trouve,1485.4665762453867,1486.8355850032738,,
Tommaso Redaelli,1489.068514151988,,1488.0781893849555,
Matteo Morazzi,1488.8905683781386,1488.8242367502296,,
Matthew Forbes,1487.8888095974596,1484.7334454009583,,
Pengyu Lu,1479.181145080473,1478.1553631602894,,
Cristobal Quevedo Brea,1485.387586106889,,1485.3478894458815,
Gregor Ramskogler,1488.6136695596374,,1488.6375548688047,
Damien Salvestre,1509.130555875691,1509.689470389198,,
Savva Polukhin,1501.9640723550658,1502.48891853799,,
Cemil Duran,1487.3696885145316,1487.1066720258416,,
Leo Raquillet,1483.7094051615857,1483.907507019502,,
Pablo Trochu,1470.9360235018337,1468.1218965957512,,
Dorian Juszczak,1490.0885010586062,,1489.341122026059,
Kacper Knitter,1493.0928851238275,,1491.576214988111,
Krzysztof Plewa,1488.1997219449383,,1487.4226563983614,
Mitsuki Wei Kang Leong,1535.759645055772,1532.5156867830767,,
Zhan Zheng,1474.7903969364204,1474.5533268027364,,
Georgi Georgiev,1499.3937208013383,,1498.9554363261536,
Sasa Markovic,1488.3628413597892,,1487.466388480908,
Spencer Johnson,1499.6933298480708,1500.30032261824,,
Faris Zakaryia,1492.1707705910658,,1490.2367380334845,
Jack Cheng,1492.0032735987518,1487.380683038991,,
Liova Ayite Ajavon,1512.7721592312782,1512.702498110356,,
Yousaf Khalil,1490.3177197281962,1490.0420010859343,,
Demetris Azoides,1525.5081610635036,1522.3421609180914,,
Calin Teodor Stirbu,1490.4010759081254,,1489.9883720262358,
Juan Esteban Trujillo Hernandez,1486.4257679560903,,1487.5071732838835,
Alejandro Arcila,1486.9551097879,,1488.0000238682296,
Evan Sharygin,1485.7436115846267,1486.4427380414993,,
Joaquin Leon Macchiavello,1488.5495331950042,,1488.1988816878516,
Victor Braga,1484.0145656762263,,1483.6323975543028,
Breno Braga,1474.5308959583724,,1473.9652600852728,
Diego Ortiz Gamonal,1489.1145563322066,,1488.8435894580562,
Anders Matta,1504.1314673879265,,1503.5041073923092,
Benjamin Zuniga Garcia,1487.8137111604813,,1487.5941614345008,
Henry Lieberman,1489.5422957667288,1489.1467562211162,,
Natthayut Nithithananont,1489.4105552351848,1489.206037741765,,
Carl Emil Overbeck,1486.0462205998706,1485.3817723378188,,
Mees Rottgering,1487.0144446463116,1484.6990805814803,,
Martin Sabas,1504.7479062457453,1505.5976392873602,,
Andres Santamarta Roig,1507.10517452645,,1506.4575639476975,
Mihnea Maftei,1489.944499994584,,1489.2671741079623,
Sergi Fita Juan,1492.139446573033,,1491.50266988489,
Etienne Donnet,1529.220129418644,1525.3475670780274,,
Fernando Cavallo,1489.3772937319432,,1487.6193482270835,
Max Basing,1535.917182998283,1532.2792568264642,,
Tianhui Zhang,1547.9141435186818,1547.486026354828,,
Leonardo Mazzucchelli,1490.1611699286468,1489.3924721193275,,
Qiulin Wang,1489.5707648506502,1489.394018683303,,
Nikola Slavic,1493.6281937997012,1489.1284823655697,,
Victor Barrere,1492.9755597376916,1493.130337730951,,
Moise Kouame,1490.307326842367,1489.277041101029,,
Matteo Mura,1492.6230698570866,1491.122950767727,,
Adam Farag Cao,1486.11329073765,1487.2769483848208,,
Mikael Arseneault,1488.5912107814174,1487.0766656722565,,
Emilien Demanet,1497.0798356440168,1495.4196733056758,,
Massimo Pizzigoni,1488.3805981704809,1487.789269766261,,
Matteo Vavassori,1493.0184140405936,1489.2582636221916,,
Enzo Kohlmann De Freitas,1486.8074516575205,1486.283805076322,1494.1724450370402,
Cooper Woestendick,1518.7236067998472,1516.0272480470685,,
Hong Lin Fu,1486.7146717504834,1486.4512244403602,,
Chun Chien Hou,1489.973417187298,1489.8051845246991,,
Siphosothando Montsi,1499.7723694398037,1500.1337470667809,,
Maxwell Exsted,1488.3287383663674,1488.3952421170557,,
Sungbeen Sim,1495.4247632829065,1495.7872084522376,,
Hugh Winter,1478.0584940225156,1477.536947920346,,
Cruz Hewitt,1494.245864929905,1493.9150626182272,,
James Watt,1485.6476008675706,1485.224737300291,,
Hayato Matsuoka,1462.428112915777,1462.159830642832,,
Seonyong Han,1488.0494136527957,1487.3377202566337,,
Cooper Kose,1484.725781538269,1485.2851713762884,,
Yuvan Nandal,1494.8411797125016,,1493.7161536617014,
Matteo Covato,1513.1520758207996,,1515.175910919327,
Juan Jose Bianchi,1488.16566699267,,1486.3988707286042,
Dev Javia,1512.97070746212,,1509.943546615933,
Isaac Nortey,1484.0355213493322,,1485.489089137804,
Chun Ming Yam,1489.5147555699466,,1488.434627387117,
Cheik Pandzou Ekoume,1488.2952328824117,,1488.4336525006074,
Angel Veliz,1488.7406146551352,,1488.483375951893,
Riku Takahata,1489.483254805576,1490.4656186321447,,
Yuhei Kono,1489.5180038930691,1488.9960856085986,,
Rodrigo Varillas,1491.7885815725656,,1490.495685569557,
Jeri Lassila,1488.4483817781174,1488.6291533088895,,
Oskari Paldanius,1486.539922786798,1487.161675509619,,
Marko Maksimovic,1493.1769715644136,1488.967479185792,,
Jose Garcia,1489.865649278957,1489.489702821882,,
Loann Massard,1528.4994270067928,1520.474760476926,,
Matisse Bobichon,1491.4890341528085,1492.1489292697545,,
Noah Karma,1490.9881869989426,1488.994820866033,,
Valentino Aliano,1491.518546341712,,1491.3227082856138,
Matthias Uwe Kask,1488.134724194461,1487.502269298492,,
Jeremy Zhang,1492.105551865294,1491.5157519966504,,
Viktor Markov,1489.2600646626674,1488.6892617439971,,
Gabrielius Guzauskas,1482.7660816228204,1482.5001558865576,,
Mathis Debru,1488.0108728230755,1487.703614055832,,
Lucas Horve,1490.2038793854765,1489.951854549092,,
Tyler Bowers,1501.122982267215,1500.6953917911474,,
William Mroz,1491.3673788320698,1490.345165149266,,
Joao Pedro Gomes Leme,1487.7104532423418,1487.3175775043974,,
Lucca Acioly,1490.2158645698005,1488.0482628864982,,
Lennon Roark Jones,1494.666106573654,1493.9319333301712,,
Ryotaro Taguchi,1510.438350897129,1506.9727907328715,,
Kohei Hayashi,1491.6979427240992,1491.2832165823884,,
Alan Magadan,1523.6286844398778,1520.1091446637238,,
Rodrigo Alujas,1487.269728821747,1488.3628436631875,,
Iker Sevilla,1488.3284590768192,,1487.983439526091,
Rafael Alfonso De Alba Valdes,1492.4103278175928,,1491.8069452830568,
Alberto Morolli,1487.855852223023,1488.2897294623829,,
Pietro Marino,1492.2635155953587,1491.9496666874743,,
Santiago Ledesma,1487.646635044338,1487.6079564895072,,
Shion Motoyama,1487.678530409356,1487.6138189528458,,
Yua Taka,1495.942178819777,1494.6855456440992,,
Tomas Curras Abasolo,1486.088412092688,,1487.9441176352536,
Jamie Vance,1490.0984803891772,1489.8487996951146,,
Guillermo Delgadillo,1488.2229215323996,1487.6135338465654,,
