player,elo_global,elo_Hard,elo_Clay,elo_Grass
Lleyton Hewitt,1748.6950332602275,1772.418600194614,1600.9159259286553,1682.8851682450077
Jan Hernych,1560.1634195271986,1616.4154667376724,1530.0395789490278,1568.93134598256
Philipp Kohlschreiber,1708.044656131671,1788.4040408989003,1669.412334250575,1593.5660023602522
Chris Guccione,1507.062766626997,1525.85712135789,1476.6329202707961,1513.922140971384
Andy Murray,1807.6249471653591,1831.764745886355,1903.827644220408,1771.1281988682122
Paolo Lorenzi,1466.454119399293,1587.9479379284805,1524.735485464092,1358.6814611254918
Tomas Berdych,1886.5704841609045,1913.3138507472243,1882.141070166099,1744.3630053115053
Agustin Calleri,1522.6074065705598,1520.7491983203422,1560.8861594013567,1460.099951103114
Mario Ancic,1774.3838392631128,1759.4034226222925,1650.5230273167258,1668.979764068638
Arnaud Clement,1647.2611606337646,1666.6071941136931,1512.7990863191485,1549.8412289232435
Xavier Malisse,1702.2461183241614,1644.7980991481813,1565.7877290709466,1712.8718802749622
Peter Luczak,1468.7721108775052,1513.8350172615437,1552.9052822862106,1496.6976012755824
Andreas Seppi,1647.6693314735076,1669.7987126595128,1567.6996144787822,1618.0415080438208
Boris Pashanski,1492.6855803079159,1421.9645127854808,1548.1996396817644,1493.8456549951763
James Blake,1748.9506169437982,1761.770163901488,1609.352670125755,1533.1202013590841
Alberto Martin,1591.7672910052393,1510.3341155960784,1600.8853322613932,1482.681023971911
Jarkko Nieminen,1717.9278179342477,1714.0558978408762,1698.8123917354753,1543.7951420308063
Paul Henri Mathieu,1629.1600545756617,1615.2035053430657,1711.1793986777843,1558.135160999268
Florian Mayer,1607.8499525710163,1640.5033048848786,1620.9001700011893,1633.9515291948262
Juan Monaco,1812.8148708506571,1767.6529262306576,1816.9923620355362,1522.5685101603121
Florent Serra,1564.0246270804935,1639.7806467557696,1515.629646504623,1518.0958047379972
Michael Llodra,1702.6624639638742,1689.6740365525807,1674.036519953552,1598.5574516135955
Tommy Robredo,1470.8858690236998,1554.835587587882,1502.4621113723001,1511.178539402628
Jurgen Melzer,1629.195830368859,1752.9889485975702,1598.2930577425934,1557.8802380446234
Ivo Karlovic,1685.590371795358,1709.6837009464964,1613.0968140758616,1571.7612234624828
Juan Ignacio Chela,1682.1922579930583,1619.094463534017,1734.583885023817,1437.3260638423978
Kenneth Carlsen,1398.6118959418336,1443.4069981290038,1448.0433013927734,1482.4758005328724
Gregory Carraz,1437.272474005953,1463.179619113624,1474.9665632616816,1505.8108934465743
Mark Philippoussis,1450.3223357571876,1505.9502279647684,1496.6581960866793,1512.0905840700177
Vincent Spadea,1396.1565788764403,1456.6551581754372,1480.6763308578663,1487.588183398692
Dominik Hrbaty,1503.912512065628,1520.212195707621,1513.0097861836593,1487.031981796106
Rameez Junaid,1308.0322145199216,1469.2818290161706,1488.0039323737308,1504.0393731112545
Ivan Ljubicic,1814.4347191102393,1746.0784496846538,1772.3934358160727,1563.174018539679
Guillermo Garcia Lopez,1497.7843943265939,1569.4333699809608,1546.551800349758,1492.38263902847
Jiri Vanek,1444.8905123112268,1467.9347640431038,1472.804399309383,1454.344232412868
Vishal Uppal,1451.1690319873148,1461.7053571046804,,
Rohan Bopanna,1422.1728088401537,1496.0098439975463,1493.4799514213576,1531.0825102452059
Cyril Saulnier,1459.2529469458668,1511.9171415870992,1503.610245505639,1494.0226457848648
Gilles Muller,1734.6773114522118,1735.5318879004724,1649.573814907175,1728.082534719667
Razvan Sabau,1276.180787735342,1496.051262358027,1478.2171656663934,1497.1180191638941
Paradorn Srichaphan,1471.5704640346949,1484.4983558436404,1376.251497491135,1491.4041766249159
Ramon Delgado,1573.9483755615524,1630.04833874246,1581.5575124040088,1502.8787592814856
Marc Gicquel,1644.4099595395492,1676.7446975740916,1609.0630751372983,1575.4030322325425
Hyung Taik Lee,1520.9965381516347,1562.8040789645243,1515.2460241449899,1495.2163571712977
Kristof Vliegen,1581.9428312200162,1584.1298222062692,1585.905602396558,1518.7417331585862
Jimmy Wang,1507.2155241243875,1547.4025150362565,1445.9400800271967,1574.6216301757418
Rainer Schuettler,1639.3189607348265,1636.5423166035341,1426.4873534269045,1620.236948340604
Fernando Vicente,1431.3473854675713,1469.021639932154,1439.1372068324204,1514.7749843530162
Bjorn Phau,1614.7082479155617,1705.3900568129732,1549.9133784215626,1433.687276574892
Bobby Reynolds,1595.1014491849905,1617.1734851110784,1531.2747990838554,1584.2675208383616
Michael Berrer,1643.106518365383,1713.5998476876994,1544.6354091205142,1520.2352758392487
Lukas Dlouhy,1302.7928362550924,1495.4611284236064,1463.1330059052175,1490.5025520747001
Justin Gimelstob,1435.5566918249108,1431.4601633596164,1457.0694120747733,1509.2636328852384
Alexander Waske,1474.9537330757582,1513.1199124459029,1479.2995249764315,1471.9944067886142
Carlos Moya,1633.5343121007775,1603.4649705274535,1630.7571391042814,1482.734107920727
Dick Norman,1533.7896702281917,1533.3702297242503,1454.0618751301172,1539.9732182460984
Tomas Behrend,1433.174509936809,1446.1899270725364,1494.2868085183343,1489.5
Marcos Daniel,1608.8080891197287,1401.053082551926,1694.7841201622962,1423.3863711781755
Thierry Ascione,1538.28601992533,1557.6974994596578,1591.4286013650474,1467.9224111592914
Simon Greul,1572.4500367388084,1488.1800980867197,1603.8544576894196,1490.561741944282
Prakash Amritraj,1542.8125047913813,1600.7321954666127,1464.1586324794762,1522.3209874222637
Ricardo Mello,1597.1914658506041,1624.5182010252092,1634.655611313563,1492.7786395711194
Radek Stepanek,1945.481840945594,1892.070791565583,1786.6752178576787,1633.8577846103724
Ivan Navarro,1520.2340792915431,1462.1106663937146,1572.1727394933475,1498.8969440819121
Roger Federer,2169.69223684719,2207.8546019735436,2044.9790750825534,1972.5016466704415
Ivo Minar,1442.6757441676384,1504.7778290976955,1521.2779828713412,1472.8745975106372
Fabrice Santoro,1684.1346873222437,1631.760569159403,1443.9289729726659,1627.1421963693474
Oliver Marach,1309.9150594377365,1473.3681117954322,1490.3329010025798,1500.0212492248666
Marcos Baghdatis,1749.9267022939825,1761.7916602354842,1546.7238051496686,1595.0190535815275
Sultan Khalfan,1448.0999261728286,1471.6590734792767,,
Feliciano Lopez,1590.027032458995,1631.281534974549,1563.274892098558,1575.083079474483
Victor Hanescu,1604.3938873266006,1690.274071138964,1643.0291388727271,1457.4869716007693
Tim Henman,1595.263666374011,1575.6049479194253,1465.4650904165694,1538.6938842570137
Richard Gasquet,1705.1039189914477,1717.2611859347903,1685.5642970321164,1605.2702105448486
Tommy Haas,1705.6485731627013,1700.5616985502618,1725.0734488224969,1616.3380239980252
Stan Wawrinka,1790.4628559258529,1811.1404298577704,1777.1602317468253,1613.6724510051156
Mikhail Youzhny,1680.6473111957453,1708.6186068085615,1577.158447267731,1620.6035785283764
Jonas Bjorkman,1615.3053179299452,1553.6260016634326,1495.0051519957792,1584.9039722880777
Davide Sanguinetti,1393.4865920677933,1492.8230263235027,1476.942798720678,1463.9856722361535
Olivier Rochus,1579.400492583301,1599.832941681145,1526.5542113305946,1555.9841620528437
Gael Monfils,1983.4070197258902,1971.9368962152873,1727.298932162574,1631.4422732309265
Tomas Zib,1476.0760864564604,1530.3452092438345,1450.4601649206436,1523.8955170683034
Wesley Moodie,1472.1568889696978,1492.7637390482118,1451.2232030065811,1529.2081819665186
Max Mirnyi,1496.7868018317818,1490.5197384190922,1427.1004210141055,1515.5099881200151
Dmitry Tursunov,1622.1724464457377,1658.9127270320278,1579.3675314035588,1489.428765650235
Janko Tipsarevic,1717.2587484520216,1716.9203533588936,1700.4984565905331,1515.4399549773598
Younes El Aynaoui,1587.6820178244127,1511.818900420295,1610.8166092135673,1513.6770378078713
Sebastien Grosjean,1525.2588846156243,1499.917775622741,1513.019966798182,1485.1136840115241
Potito Starace,1637.7702156564642,1549.8778058206426,1646.7061203771812,1401.993416560225
Igor Andreev,1563.243987356015,1616.8395399283527,1572.5620212907413,1488.3295284194753
Filippo Volandri,1606.806608884344,1356.6622674768414,1631.5570942999075,1430.697604114318
Nicolas Mahut,1649.350588163068,1633.7980813364798,1618.4530537361707,1616.022237176954
Robin Vik,1508.5442390940154,1505.7617711928037,1532.7711681662156,1477.52021181108
Andrei Pavel,1516.5002711892105,1517.2405637641127,1549.1222740769904,1463.1194513387707
Nikolay Davydenko,1755.3188091014179,1793.0011110524026,1651.5925053649084,1507.987733069998
Christophe Rochus,1509.9734817689184,1453.592254552179,1574.8141040344037,1449.140695418653
Gilles Simon,1676.5552765256705,1721.991019040939,1578.0519048707783,1556.5050484029118
John Van Lottum,1483.2791282278472,1485.0208330481514,1507.8045813273548,
Michael Russell,1608.0244440040897,1684.6454010692503,1487.5658891093265,1495.2008476543165
Michal Tabara,1439.3062455382708,1484.345108526318,1464.7295615472435,
Stefano Galvani,1465.4472795494917,1511.0182324186742,1518.432982443345,1502.2485120324884
Lesley Joseph,1371.9162029918582,1422.2400042583822,1486.094942511676,1484.877037290229
Uros Vico,1408.8496977457874,1463.078425675852,1474.674733952839,1501.8097405969565
Kristian Pless,1365.7042872864554,1463.3332285441759,1454.0645318362106,1484.5208627961824
Melle Van Gemerden,1435.2363221380429,1486.9528844758984,1481.8072280805868,1502.1235217133801
Wayne Odesnik,1606.7682102556664,1652.8114233910057,1578.026321315841,1552.561466839239
Dominik Meffert,1483.916065978021,1485.8719058946049,1543.9801327012256,1493.4385772474031
Philippe Frayssinoux,1421.1115398020174,1491.6,1480.6689069818935,
Pavel Snobel,1425.7925154831823,1485.6483047310044,1469.7860332864154,1516.453747021692
Michael Lammer,1455.799145249953,1470.530743784852,1513.6573969468595,1482.6110036268938
Yen Hsun Lu,1612.9431588495604,1657.2419645267094,1485.347403059387,1583.302923837266
Nicolas Thomann,1395.2662290901071,1430.6111885692721,1461.2344277270115,1477.8154874167071
Amer Delic,1548.3133400230317,1615.7614627358284,1471.9628243311563,1461.0654155645864
Filip Prpic,1481.0322921791717,1513.3667972846156,1484.2452410205594,1496.9663966719695
Mathieu Montcourt,1647.047597467304,1533.4865367956352,1637.9612765868246,
Denis Gremelmayr,1547.4413790437443,1566.7432731914214,1589.1949356209836,1443.4564679228529
Alex Bogomolov Jr,1606.4694204872694,1656.220875000636,1538.7870595704512,1460.0940491083493
Norikazu Sugiyama,1380.908533157679,1432.2691997856818,1482.9361696714586,
Paul Capdeville,1520.8683480923373,1585.68368360547,1593.7292701091226,1429.2284523123553
Pierre Henri Guillaume,1488.0,1488.0,,
Francesco Aldi,1360.345445578402,1502.6119124463976,1445.3228578003325,1477.905314497381
Jan Mertl,1443.474355535453,1501.1143425766186,1511.8299589914645,1478.7862980055213
Giorgio Galimberti,1376.6149729239644,1469.4873841130325,1423.5623906541953,1473.75
Luke Bourgeois,1405.0701812682828,1441.8156838513416,,1485.9680751680503
Rik De Voest,1481.687831805024,1547.535150382503,1409.7948486596385,1554.6207222138892
Lars Uebel,1359.7133453837534,1461.983660547934,1500.6192038827685,1491.1052770810788
Jacob Adaktusson,1290.1335634775726,1479.4296776587878,1485.7471630803152,1498.6705365936798
Lars Burgsmuller,1377.9631371140872,1404.0945117886924,1503.8100240475717,1483.2279705444657
Carlos Berlocq,1516.1636166507583,1669.2535256652843,1574.085468142569,1397.5277643805694
Emiliano Redondi,1488.0,1488.0,,
Alexandre Simoni,1461.2248556193385,1500.0206674233093,1479.9794266456197,
Luiz Miotto,1448.0287494476217,1494.12,1474.9725078169547,
Andre Ghem,1466.0958123945863,1579.8321398993508,1530.782174073047,1424.433401848555
Damian Patriarca,1354.7419381528282,1478.350017617359,1438.6917473364101,1490.8873335537464
Sergio Roitman,1490.5874665123486,1388.5076019963192,1509.6279004967537,1441.8018448464386
Lucas Engel,1375.379445673739,1475.2137863726769,1461.2911501579329,
Thiago Alves,1450.8037751772758,1520.2774573264737,1552.2477947121338,1477.974738697167
Rodrigo Grilli,1392.045356454045,1475.1969691630236,1478.7893821146736,
Diego Hartfield,1441.3221741521902,1509.8740029633952,1481.0084201118216,1489.2147855301296
Bruno Calabro,1488.0,1488.0,,
Martin Vassallo Arguello,1496.4482231858515,1426.6542788126314,1528.6047956988118,1481.2542498305277
Franco Ferreiro,1472.3198891663833,1491.4217397316204,1535.0215622390442,1487.3525741869205
Julio Silva,1450.055096353101,1494.2804880821775,1551.2380693436696,1461.7642145826194
Marcelo Melo,1279.1659815749358,1483.4648588987584,1491.0953834155196,1509.5841841890701
Giovanni Lapentti,1439.090389957816,1490.9451415362184,1517.790143060604,1473.2146507224977
Joao Souza,1480.003366985863,1531.833247283537,1563.353311115698,1411.3481818317948
Eric Nunez,1313.0709818853297,1469.3397924336527,1464.0674545782306,1497.004722579606
Dawid Olejniczak,1453.959258991545,1493.6435301513368,1480.5967112208605,1537.6646363839634
Jorge Aguilar,1403.9349141765651,1511.7795542719427,1477.1567115464331,1476.8387913617785
Alejandro Fabbri,1286.3156578554851,1485.541016916983,1456.9439646867104,
Dusan Vemic,1395.1412883852577,1466.3700494192067,1482.8163114602314,1496.0406079713405
Vasilis Mazarakis,1451.4178404602264,1494.5931962289433,1480.8925297804506,
Ivo Klec,1259.0272534989163,1457.0005318206777,1432.542148741181,1488.1427403054993
John Paul Fruttero,1194.2177309079736,1444.676226977332,1480.1827283810385,1498.9256216101794
Diego Junqueira,1491.205857488428,1499.4997610930982,1528.6536529686352,1486.7626176283836
Henry Adjei Darko,1454.701776764677,1479.8040790775053,,1476.6956699523907
Maximo Gonzalez,1556.7578760353472,1566.6422569323497,1609.8572543938017,1407.7140942835667
Bruno Rosa,1458.3009648836155,1494.12,1497.6893367197742,
Flavio Saretta,1370.793066117033,1483.3929046960382,1457.3584709536003,1493.1072072249572
Malek Jaziri,1323.5080840579112,1455.3610577034644,1480.610079988058,1465.4875505982368
Fernando Gonzalez,1755.6427470351427,1705.3589982570754,1793.0912838400536,1593.694200616649
Luis Horna,1595.0582360646235,1464.6816001330035,1625.586108773061,1444.975001328787
Mark Nielsen,1454.6085279280778,1508.6172083658514,,
Robby Ginepri,1596.6608019269433,1601.6899141967974,1596.807157382943,1432.8514117235407
Daniel King Turner,1454.398396011303,1491.3430683286304,1486.3145055439238,1500.7107527338567
Paul Goldstein,1574.2682862416145,1552.8474740113484,1559.7444755355818,1452.842895777554
Jose Acasuso,1665.787704397944,1542.0311461534916,1684.2258251703104,1477.5241794867245
Nicolas Massu,1397.5302423080163,1519.7713880938568,1438.5070512275288,1456.9471350735557
Albert Montanes,1595.7644525457592,1558.8772644206788,1656.39166812051,1459.2393329091642
Raemon Sluiter,1537.9617847031927,1483.047887433576,1578.6796908761185,1564.0307757192325
Daniele Bracciali,1317.6180594872585,1505.534822280165,1461.0218098836092,1502.6003062776706
David Ferrer,1894.5939266220691,1909.5921095401086,1868.604953811853,1631.2023219572893
Federico Luzzi,1508.3187999187462,1502.98163120314,1556.18383004948,1517.04597222378
Juan Carlos Ferrero,1813.8001454417572,1732.76738016343,1789.9284590442762,1613.2392891699565
Taylor Dent,1745.9364614644594,1710.9272706249465,1494.1495924859641,1562.1766689071433
Fernando Verdasco,1525.852278812933,1633.2048825714041,1577.8326922307756,1533.7543628399894
Denis Istomin,1412.4064658085972,1471.1521781935946,1532.0001975053124,1497.9013396963223
Novak Djokovic,2285.3608317425933,2329.0047582974757,2171.5290158468206,2081.984220193953
Zack Fleishman,1293.0393993771552,1398.2368687958246,1475.8140639635365,1491.7703553952852
Nicolas Almagro,1643.427406385761,1706.8340808884961,1673.6290710845649,1548.2234357515658
Nathan Healey,1391.7132620540026,1485.0889278912744,1415.95472028975,1514.2863950010887
Kevin Kim,1338.2842076362151,1481.740864690989,1465.5332836147147,1503.2921278928936
Harel Levy,1516.4660447415824,1528.3141707671293,1506.4208016986777,1534.3228382826428
Nicolas Kiefer,1665.5612413649303,1688.8292239931159,1584.7179875199054,1525.178693309933
Wayne Arthurs,1608.860435130228,1475.5688616955636,1517.4481358683818,1636.1489635532607
Jean Rene Lisnard,1522.0127240589077,1553.561124316815,1481.8581826017257,1512.4169208698056
Juan Antonio Marin,1379.995397761256,1478.0939200118519,1408.6633813632993,1477.517062531936
Guillermo Coria,1377.996197144425,1484.4267112953785,1449.340347855949,
Gaston Gaudio,1550.861743308357,1424.5643732751146,1579.819399186495,1500.0
Jean Christophe Faurel,1451.0481421004386,1461.2510993143624,1505.9079533515426,1487.8411332084347
Marc Kimmich,1445.8681465691013,1471.6705280637032,,
Mariano Zabaleta,1509.1583187109727,1452.7102049748778,1539.1913991386864,1483.746610098865
David Nalbandian,1895.5483907274163,1851.924388783557,1837.258819629139,1609.6713729166893
Danai Udomchoke,1451.0193268872672,1501.0558610365133,1476.7835955738833,1491.615031991182
Thomas Johansson,1579.5562303459478,1553.9482640827932,1475.7535289334785,1457.6359751107345
Bjorn Rehnquist,1466.5337248768296,1511.8042565165078,1488.1147230692795,1506.9737900153216
Julien Benneteau,1837.1562487185533,1811.1239677595152,1633.4071829004104,1620.4648806617856
Oscar Hernandez,1436.9469661074834,1511.3099563673682,1489.713892172866,1444.5789129966986
Andy Roddick,1981.396479093899,1935.9189458668345,1612.2165491584997,1754.4601437704123
Todd Widom,1416.7542101766137,1454.8206871568088,1452.145913149082,1429.571817107276
Tomas Cakl,1426.4986733573066,1479.7124863297106,1488.4150166420104,1492.2656817175289
Frank Dancevic,1538.2222443671783,1567.1528642880749,1535.3806991290232,1531.7982305011733
Olivier Patience,1433.3738545660567,1448.131653008292,1526.868248987084,1471.6634134485796
Robert Smeets,1378.7994011249787,1432.6076823580277,1437.4441315408424,1447.1948182174235
Gouichi Motomura,1411.1662602827414,1451.3249692531424,1492.0291499182454,1495.8388306893949
Dudi Sela,1414.2754493394682,1483.4530488266596,1467.3763783983238,1504.5848159944537
Kyu Tae Im,1486.081987672458,1537.2911567052129,1453.8688518440758,1486.008603308697
Ilija Bozoljac,1469.8810944342436,1526.273333531536,1489.1816071978317,1508.805423309759
Florin Mergea,1264.2711164071761,1475.4629808278887,1481.4881454665754,1502.4731886038253
Rainer Eitzinger,1382.695800040764,1484.9159135218765,1421.6231553811956,1490.776648621405
Adam Chadaj,1302.3224686232618,1466.1599390040885,1459.0650423358557,1494.6618472675493
Jeff Salzenstein,1412.0509172274349,1434.3209807488345,1489.7964855609437,
Frederic Niemeyer,1485.3310563194195,1525.3700999443486,1464.827907257322,1476.5522710271705
Rajeev Ram,1557.1156418766973,1593.6355656082517,1530.9718919128559,1528.9084039812383
Stefan Koubek,1599.5539504175904,1659.3256207267518,1503.02445682751,1487.4215340548074
Simone Bolelli,1720.087123600314,1684.7371021970487,1767.5085543637729,1628.6040913395207
Go Soeda,1409.434931806668,1494.6978095776435,1458.3419593174838,1521.5275520410084
Steve Darcis,1704.6722231861163,1755.019996880807,1663.2452752559977,1542.5991378014357
Todd Reid,1506.1760933998587,1506.1760933998587,,
Sasa Tuksar,1415.2122463398457,1473.6469488848543,1472.0822196243685,
Glenn Weiner,1470.5646124352722,1504.420641697316,1488.8490213432485,1484.8918776585194
Yuri Schukin,1460.7984231240475,1467.9125148601754,1521.2947538241103,
Michael Ryderstedt,1408.3864720510671,1474.8481981486952,1481.632452670599,1472.5504563829911
Francisco Fogues,1480.2548688331378,1480.2548688331378,,
Antony Dupuis,1369.7445096698928,1474.9974159658912,1495.6216699571826,1508.5521212946066
Melvyn Op Der Heijde,1369.0463779289469,1488.673599919387,1437.229258663655,1481.6264384234512
Vladimir Voltchkov,1402.56091321272,1478.0063420082104,1489.9511136763208,
Marcel Granollers,1796.4299739793469,1732.151557914419,1651.7475732339879,1641.1655658264908
Takao Suzuki,1276.2852539922603,1459.7409986384937,1502.1744533499595,1495.640286804588
Ivo Heuberger,1407.7093575261208,1437.8597386819554,1516.0740449412353,1515.0697080002099
David Marrero,1225.026820404836,1467.640016797319,1474.926520701638,1495.442046416678
Adam Feeney,1355.6636897241901,1450.9241742298236,1493.3067488133374,1483.9941805746494
Peter Wessels,1458.915566234797,1502.8652497027795,1481.9548025180625,1507.7221263461224
Carsten Ball,1443.3738063737671,1509.0388560886258,1522.2760247645895,1492.7525813732475
Travis Rettenmaier,1296.8931217135464,1436.8117180296686,1484.9187468589623,1509.045350732375
Alun Jones,1501.7560761479097,1511.3527392435058,1418.8099419796258,1533.0854179803089
Jonathan Marray,1354.2524627548382,1474.9167938027033,1492.5786461384619,1457.1044690425113
Adrian Ungur,1544.5771044425223,1533.5950930315253,1561.6045743760064,1420.3504949235535
Michael Kohlmann,1331.185243920386,1463.1433941367034,1483.4048452850252,1485.3799934799658
Slimane Saoudi,1293.8386141350802,1492.1408385595414,1434.467696835113,1494.6442976058981
Victor Bruthans,1429.0152967526078,1460.6458159191377,1456.466073436569,
Nick Lindahl,1391.312275381227,1463.6706463028117,1493.4534227080799,1498.499160144583
Satoshi Iwabuchi,1356.8712656329924,1423.200114001953,1497.0193264292109,1516.8381852741113
Benedikt Dorsch,1421.685388960897,1527.9731387746453,1464.3936301020976,1470.8554220055207
Victor Crivoi,1468.1963782835223,1476.6452378873441,1532.3721165260338,1456.5620416457905
Raphael Durek,1418.7581161004757,1494.816207382143,1490.0216507469802,
Jan Minar,1409.5238043117502,1501.6730723846176,1476.2642658328016,1494.0945761913079
Gabriel Moraru,1268.3402113070817,1497.2766969141774,1439.5110056384356,1489.9534157103656
Richard Bloomfield,1298.5204619608153,1465.785797640757,1498.2062544849782,1454.9336036723241
Jamie Delgado,1373.001937028971,1456.901542272876,1491.3081095200582,1444.5899349696551
Harsh Mankad,1394.5169881603647,1431.1893885249858,,1515.7839763094964
Flavio Cipolla,1488.8278635827548,1563.1804870360206,1498.7486421276135,1502.3902386555608
Stefan Wauters,1427.1114478888467,1499.5093461325198,1425.0403192972067,1484.4115623053294
Joel Kerley,1465.9407525112442,1465.9407525112442,,
Eric Taino,1408.7847281885768,1465.480908479658,1513.170868406389,
Adrian Garcia,1398.9175532199813,1490.579762919862,1494.628433584781,1498.2997387463943
James Auckland,1481.0382056838885,1510.5820390968356,,1476.8697754721932
Yohny Romero,1366.6596567954823,1485.7275933737033,1502.4316239892603,1493.2406082524888
Scott Lipsky,1220.4645194459663,1473.0526207585872,1494.3418829928394,1493.9487863153224
Cecil Mamiit,1345.6120466383206,1441.0067957825515,1456.522021191446,1492.3346789158625
Andrew Coelho,1278.2535627338468,1426.6074232839078,1476.6726020835877,1477.9833223479052
Jakub Herm Zahlava,1474.0334177094642,1484.632939910043,1502.2170116761574,
Arvind Parmar,1445.792395183937,1452.162314471143,1482.3502671532415,1496.9211962770949
Andreas Vinciguerra,1506.4264203813325,1515.625371417692,1508.8921787132235,
Noam Okun,1476.4367674712942,1521.2043879221428,1477.8288903919388,1530.8997667910635
Sergiy Stakhovsky,1554.8054873839621,1598.3546347692848,1614.4783027263206,1574.6601504044254
Daniel Elsner,1527.040961209969,1486.205812272724,1543.773665042824,
Joseph Sirianni,1455.9259201231669,1493.1099129081422,1441.3577597146434,1534.05188846374
Sebastian Rieschick,1440.5449929574813,1538.6137622091787,1482.5186461904289,1456.8841788732461
Michal Mertinak,1450.2426750272252,1523.6091850272269,1502.0143312252226,1486.4663983620692
Grega Zemlja,1562.9988291128323,1605.3039429038888,1598.9898141422784,1512.947330406826
Sebastien De Chaunac,1526.0814989261698,1566.2450120146016,1479.6148982355792,1491.173314197442
Marco Pedrini,1413.7087588459683,1484.704602536254,1455.4217556169515,
Guillermo Hormazabal,1349.974438664887,1494.0730542591082,1464.2369780505549,
Juan Pablo Brzezicki,1545.5059224843167,1511.145570234353,1593.2740661417135,1501.2086251753603
Andre Sa,1177.6001873675625,1465.6546219046793,1481.6814415521628,1499.9713741159442
Daniel Gimeno Traver,1387.2829002207525,1456.2847412045933,1482.032907960422,1440.5775199670825
Santiago Ventura,1525.984403884302,1490.1057943509372,1554.8574680763509,1453.1645098804177
Tomas Tenconi,1412.7402676216184,1486.9459381238287,1457.9095492575211,1479.0
Ruben Ramirez Hidalgo,1411.2045401544208,1534.0133327863243,1491.8795875828887,1436.336191131161
Phillip Harboe,1488.0,,1488.0,
Juan Martin Del Potro,2047.8357379235852,2112.4280454179047,1927.5737066601491,1737.7511312522117
Santiago Gonzalez,1296.0997502798534,1477.2824147999254,1466.6454393108468,1508.8589095170541
Gorka Fraile,1404.9636209169191,1477.0049858594307,1533.6006982421359,1492.6748247304358
Alessio Di Mauro,1496.8647812793627,1463.2465416210466,1572.5759934979042,1457.77628151918
Hugo Armando,1439.2919223621395,1405.6532466348604,1466.907044175168,1503.649879681173
Nicolas Devilder,1522.0756228302207,1430.2385357321782,1612.349794363923,1489.477042699379
Felipe Parada,1392.3546357983043,1495.4970901579138,1448.2271160041942,
Jan Michael Gambill,1352.0128392480765,1467.7182998881021,1480.2396764241373,
Tobias Clemens,1405.8594086459143,1462.4890564707655,1508.8240820192514,1487.2135824674936
Brendan Evans,1493.02057058553,1418.0240527007443,1447.0762359456892,1613.5928726023535
Jeff Morrison,1541.9677415071053,1549.8168186786718,1477.6949357828994,1515.4625257357623
Benjamin Lankenau,1487.973655653978,1487.973655653978,,
David Sherwood,1487.2457351805226,1487.2457351805226,,
Jamie Baker,1539.9690112725962,1525.4407842695234,1502.8819870143088,1512.827356472416
David Guez,1506.3932585225089,1576.8788236295563,1472.4057749310828,1457.3144117650315
Stephane Robert,1322.650608216886,1482.6132219080785,1485.1042461881914,1529.3142554415456
Gilles Elseneer,1440.716855097601,1486.0134329061584,1488.7709496094312,1492.0646693772367
Michel Koning,1434.9652311500854,1441.5972420669725,1502.4299705670148,1509.7340606469334
Jean Michel Pequery,1412.7970346038367,1470.727097134245,1484.842291891391,1484.3559228531617
Alex Bogdanovic,1474.9468602854593,1545.1535678872738,1462.9627175309984,1484.5762136364892
Martin Lee,1396.6941724559274,1389.0475004921054,1511.973342712992,1476.03445376756
Lovro Zovko,1339.3657434466245,1488.7288006830088,1436.287244856382,1488.3874557323118
Edouard Roger Vasselin,1643.9828558742652,1630.478768973883,1609.7617801826743,1524.0620453678182
Igor Kunitsyn,1577.8581808961978,1603.4814606320924,1419.4607834745038,1473.654536916112
Jerome Haehnel,1517.2073239793663,1546.9293184743553,1492.7284607323643,1492.0055216998521
Albert Costa,1484.0812411261081,1488.0,1494.8213253781485,
Alexandre Renard,1381.720983299549,1490.151380689887,1475.4511732051035,1500.8571192040854
Daniel Koellerer,1535.3443087635696,1536.8654616165388,1594.9912735615014,1435.4629025563625
George Bastl,1256.8899074949045,1472.0230074927767,1426.7602990454725,1451.3708374954394
Evgeny Korolev,1432.5166115173536,1511.8505148706226,1515.1943731143954,1498.887102432797
Lukasz Kubot,1631.0823125000077,1614.6875132826924,1621.7542809456181,1555.1198091612266
Stephane Bohli,1564.4999434263955,1559.2390182427835,1497.7339002642018,1518.8082191357223
Irakli Labadze,1462.2469848319163,1432.3944679869248,1517.8904321212995,1527.2429094367405
Arnaud Di Pasquale,1493.9682578725096,1482.8451073938154,1518.4798162837144,
Artem Sitak,1276.8094663149168,1468.7452172670469,1498.2391605556961,1497.9921885162785
Andre Agassi,1571.507992983732,1548.0501620751334,,1512.1200126520446
Sargis Sargsian,1474.5907636538566,1474.5907636538566,,
Robert Kendrick,1550.145246145933,1576.4840725409113,1500.2808796150655,1554.4458332564118
Mardy Fish,1836.4722685037943,1798.4542365194739,1645.4896104202444,1695.6404201341352
Marco Mirnegg,1482.1746092477613,1488.7805758042257,1519.4673450679716,
Joao De Nes,1455.5826325895305,1484.709235600753,1491.6,
Diego Cubas,1450.514037789373,,1465.5077959924704,
Cristian Villagran,1469.1336037821886,1491.4851098907375,1507.6231067586382,1459.8170731592568
Alexandre Bonatto,1429.0155246966135,1491.2863079956117,1490.4360716352421,
Caio Zampieri,1459.2693222331272,1511.0396655391628,1538.7362972635847,1499.1190808722492
Roberto Sirotsky,1453.632209269164,1481.4334227074912,1491.6,
Rogerio Dutra Silva,1587.4581258549383,1675.7507159845354,1634.1567301702846,1423.6789631819222
Fabio Colangelo,1354.4857608204588,1483.7915352687542,1477.274591191136,
Eric Prodon,1552.067741117988,1470.899985939387,1627.3330990708944,1448.0286479745212
Fabio Fognini,1782.7162621444854,1662.8907097410101,1833.6726976225664,1613.4335199055588
Marcio Carlsson,1488.0,,1488.0,
Agustin Tarantino,1462.6774283720356,1481.7219643328772,1493.4806991268335,
Juan Martin Aranguren,1425.8621015207605,1492.4804249630356,1495.4856621617928,1488.6765685944729
Bruno Echagaray,1454.115754977797,1522.9929189257953,1475.3813433220964,1485.8862636311153
Gustavo Marcaccio,1414.4329811717005,1476.2017240670648,1467.6569256774185,
Leos Friedl,1375.4580921157874,1504.0104352340118,1482.193810210755,
Carlos Cuadrado,1484.6300115983267,,1485.6332808886177,1502.4106362161576
Albert Portas,1518.1786234613533,1471.2910549963055,1571.4163380112261,1462.0699657223088
Jasper Smit,1394.1028164791014,1491.8872672725074,1527.079819108473,1494.6334247954255
Lee Childs,1474.96717358624,1449.590248399082,,1525.7697824836962
Stian Boretti,1332.5700642363543,1475.0231732928062,1466.2381731913624,
Juan Manuel Elizondo,1300.03306157324,1469.5515352407253,1488.953911239491,
Shannon Nettle,1493.4019229822431,1508.420198846046,,
Martijn Van Haasteren,1329.9098919286528,1520.3448046491455,1450.820088719619,1496.6822263273348
Atsuo Ogawa,1488.3820365378162,1488.3820365378162,,
Timo Nieminen,1260.3368691337216,1440.244649010094,1432.5194581115072,
David Martin,1320.5638953487476,1456.7090843058847,1491.9253780528072,1498.9191155862918
Vince Mellino,1488.0,1488.0,,
Xavier Audouy,1433.525147057153,1474.4917604399877,1489.7327314447589,
Sadik Kadir,1318.7833802863631,1457.879689554935,1496.2384412946467,1498.6388250360114
Andrew Anderson,1485.9623868959916,1534.9198880817714,,1483.039831686797
Konstantinos Economidis,1365.8532927885133,1465.3626396588295,1518.7522110103043,1495.902812380943
Brydan Klein,1437.5671207533778,1505.8095997529192,1443.8003876890568,1497.5583265414173
Phillip King,1327.0837783761058,1456.2542703678432,1492.8125396986936,
Andreas Beck,1579.9833015920894,1588.071743727236,1641.553526977369,1549.7763721530698
Donald Young,1418.5263002785646,1491.1043867366848,1484.2562410280946,1509.9810688093796
Benjamin Becker,1606.2521048870042,1670.733617933528,1529.4979500204304,1550.767810106192
Sam Querrey,1691.8664439395657,1607.1871641681826,1660.132030776416,1663.5807950638732
Orest Tereshchuk,1438.4413879145964,1445.051992692391,1521.2752745335538,
Jan Masik,1404.5801390231727,1491.6447381185264,1455.1978292956073,1485.2989924640963
Pawel Syrewicz,1444.7050936183482,1471.595449522434,,
Michal Przysiezny,1477.3775207248507,1519.2311795190838,1460.7438985349445,1539.6871978875752
Mariusz Fyrstenberg,1334.434884200308,1467.1670287152938,1499.068884696794,
Igor Zelenay,1219.356760074379,1497.3246774166491,1478.8637102234595,1499.4374078072024
Ladislav Chramosta,1379.36751189356,1485.7832064699926,1461.2577066886581,
Jeroen Masson,1368.772656572006,1476.7573548393473,1443.903491360306,
Marcin Matkowski,1348.4570427176661,1479.0595073426173,1504.755875750052,1501.71396931672
Hee Seok Chung,1480.8451125252416,1491.09091537063,,
Woong Sun Jun,1239.500338995241,1440.056697876157,1493.418876152241,1498.8014281580076
Rui Machado,1469.9481185177367,1515.8498331790227,1504.6456232763903,1445.5376844682648
Laurent Bram,1297.8863878213272,1453.5136341230711,1514.674052358864,
Frederico Gil,1361.4072699225806,1491.8722184661483,1472.0331701676985,1494.6877578885121
Gilles Kremer,1269.0772740997995,1477.3591750400515,1493.1352039417484,
Goncalo Nicau,1455.0206515584405,1490.2,1482.5,
Ivan Miranda,1457.8589353831103,1495.0254791182358,1513.2245689674194,
Aisam Ul Haq Qureshi,1270.4456960150267,1500.1728493372825,1500.8727526831838,1498.6457788362375
Ti Chen,1374.4050487617662,1442.8218900606612,1470.032334063506,1454.018775985069
Aqeel Khan,1319.9514385878442,1522.165543526041,1499.1648367459447,1506.1317489122598
Farrukh Dustov,1382.4408436836165,1502.4610707726551,1455.613922449929,1496.1619208763273
Sonchat Ratiwatana,1183.6614299740504,1469.818979692954,1498.5114083363414,1491.0562834757982
Sarvar Ikramov,1195.8173525413492,1458.110804133637,1478.948904733435,1489.5478345838678
Sanchai Ratiwatana,1157.290012008262,1450.305045214103,1497.9283043110217,1489.5769767068468
Jose De Armas,1369.5211081897005,1475.7728952031375,1464.9010729257423,1489.0730156478671
Miguel Gallardo Valles,1319.9279444895858,1481.8676598116228,1485.9124750969281,
Jimy Szymanski,1485.5166294245107,1486.0,,
Jhonnatan Medina Alvarez,1376.5045809159901,1450.457968947802,1503.7399667043192,
Jean Julien Rojer,1327.322890383522,1516.1983174119414,1500.508605248982,1496.679839098494
Israel Morales,1500.5420594377424,1501.0831667761909,,
Cristian Paiz,1430.2253618291459,1479.9278403539408,,
Rasid Winklaar,1461.983426015494,1522.8279136124236,1463.3690874885083,
Alexander Blom,1395.3750969271691,1504.5595256418806,1524.7928886457908,
Emilio Daniel Baez Britez,1447.2147693073487,,1491.9198452110431,
Mauricio Estivariz,1329.2684113574396,1509.9508818151703,1443.3844190083953,
Jose Roberto Velasco,1399.4900220783775,1477.0068155617043,1471.2998400123756,
Juan Lorenzo Gonzalez,1514.0,,1514.0,
Carlos Alvarez,1486.0,,1486.0,
Juan Carlos Ramirez,1350.3428495324124,1496.3826788265053,1491.171760797407,
Alejandro Falla,1504.857090587425,1594.9987157642702,1577.6723491777725,1545.7095259051287
Marcel Felder,1389.3262980822053,1449.2884060897695,1510.890428949776,1503.4859993905206
Santiago Giraldo,1637.2307135734472,1661.7389928223563,1676.7612450555544,1457.257188758584
Pablo Cuevas,1556.5905044836552,1582.244767671875,1594.0421342310083,1485.7601933865762
Martin Vilarrubi,1448.913379412011,1482.603643604267,1514.0773098166108,
Pablo Gonzalez,1367.2653992839937,1481.2296756633964,1441.0652817147968,
Carlos Salamanca,1422.2266760495058,1490.9461166413712,1530.8716886943855,1482.500421805407
Federico Sansonetti,1438.061051453751,,1503.5835323804051,
Jhonson Garcia,1456.3570145596714,1499.3882547812918,1512.9995947993411,
Scott Willinsky,1472.5638282170028,,1472.5638282170028,
Victor Estrella,1493.6827860126011,1532.409623293143,1581.5413324589335,1465.2960806289975
Ryan Russell,1465.49024676306,1496.2559957884123,1490.2,
Henry Estrella,1439.7719290342632,1487.75,1500.8507887738992,
Elvis Henry,1486.0,,1486.0,
Jesus Francisco Felix,1285.6929472331287,1471.725890563005,1470.1433483668293,
Wing Luen Wong,1500.1447458452692,1520.7008371541244,,
Michael Leong,1373.7998841352464,1483.1457964194392,,
West Nott,1485.2509423112376,1549.0735801680419,,
Hiu Tung Yu,1383.9644531247413,1483.430346025246,1494.587467828223,
Juan Sebastian Langton,1259.5531582683384,1462.0150435944554,1456.9023735473809,
Michael Lai,1464.4285926131995,1498.4200381937574,1508.575,
Brett Baudinet,1486.0,1486.0,,
Suwandi Suwandi,1520.3239606568866,1530.8221574604872,,
Abd Hazli Bin Zainuddin,1324.2318550765451,1475.499833918855,,
Prima Simpatiaji,1437.4670882296482,1500.5145269461207,,
Razlan Rawi,1406.8080609606457,1477.9634575030918,,
Elbert Sie,1282.6982926415371,1450.3794643243914,,
Mohammed Faizal Bin Othman,1422.8946191691014,1473.255772441931,,
Faisal Aidil,1514.0,1514.0,,
Muhd Ashaari Bin Zinal Abidin,1345.1079880404614,1459.7472413204696,,
Mohammad Ghareeb,1407.867263545459,1526.8541059809422,1509.1110465350805,
Dmitriy Makeyev,1308.3254079409564,1448.037659419846,1489.3614297682882,
Alexey Kedryuk,1203.8900347161507,1430.3760323228457,1444.538041485309,
Abdullah Maqdas,1256.2987675125125,1466.3613382097546,1498.0797660128194,
Karim Alayli,1189.3026017053287,1449.9975519001061,1462.7220714141242,
Patrick Chucri,1447.1552804641346,1489.7771626721976,1519.5807388917879,
Jose Rubin Statham,1307.851110607075,1429.3470995615626,1447.90177444597,1482.98653423039
Wahib Maknieh,1486.0,1486.0,,
Robin Soderling,2151.4953650428974,2047.7440864233954,2021.3295863204396,1683.164013457299
Alexander Peya,1436.8373661039152,1477.4628617128762,1502.4042963786897,1528.090501934247
Ivan Cerovic,1291.1669500540393,1480.9773054749066,1442.6779738500595,
Marin Cilic,1819.3807427386828,1796.964671843831,1846.6801917513817,1801.7833351272275
Lukas Lacko,1450.172082023268,1536.0358237753098,1366.1941955614539,1519.7286208048833
Horia Tecau,1351.1407915537454,1488.7599283166903,1469.1660551930495,1476.7305622479598
Phillip Simmonds,1370.8904891539291,1453.0958082375992,1501.7313557142193,1495.1395214044041
Jesse Witten,1423.1877806615778,1529.2459271906694,1500.5241099057316,1500.2147487356167
Nicholas Monroe,1343.7700544413563,1495.552424877953,1490.3201447781212,1491.138572784206
Jeff Williams,1463.8157611416434,1477.8996246767476,,
Scott Oudsema,1351.201846295278,1423.7206766353934,1489.9451703035181,1499.9498416474776
Nathan Price,1488.9649974797699,1488.9649974797699,,
Rafael Nadal,2031.9023330009095,2026.515990449087,2143.841637364648,1855.9816786378583
Greg Rusedski,1423.1988358175474,1453.3145198399766,1492.9584877281584,1475.0936120879028
Alexandre Sidorenko,1528.108205859038,1590.1390590271558,1462.9801760336197,1504.7338035030584
Brian Wilson,1425.461563470453,1438.5845318376766,1479.8812045078573,1499.824490202905
Sam Warburg,1546.5165353178102,1564.12253754993,1444.6294382569272,1499.1333546801277
Joachim Johansson,1608.8343272771622,1617.4474760091439,,
Scoville Jenkins,1516.3086053181837,1522.3773736825099,1566.619624582423,1462.2508111026764
Jo-Wilfried Tsonga,1689.4098958089155,1774.7697926933324,1718.486313669437,1704.5444369089696
Jeremy Chardy,1763.0424824542906,1861.4034659105564,1675.5079116306988,1530.849546494821
Gustavo Kuerten,1351.7017482533493,1453.9120752659692,1429.1281325473046,
Alex Calatrava,1492.6352297904903,1468.216108240945,1516.5596605224591,1490.4664514767785
Antal Van Der Duim,1373.1989487268447,1475.4087007226035,1503.715576481349,
Nicolas Lapentti,1648.925091192463,1584.2805720598221,1675.635340508747,1443.7924104439712
Nicolas Renavand,1298.6566871818848,1436.5763638427857,1412.569282746184,1477.6589596005313
Julien Jeanpierre,1360.4671912760516,1454.3971519826023,1456.4501579787643,
Olivier Mutis,1408.7564148247532,1473.8741147955889,,
Torsten Popp,1436.1782478392226,1471.7738040180561,1483.8244211563403,
Gary Lugassy,1457.7834204813928,1486.5350875810275,1449.3342931452244,1433.2700241400842
Omar Awadhy,1171.017024934071,1468.0961865599588,,
Marat Safin,1764.6147562314861,1706.5703336157208,1584.4304483401272,1603.9774176582107
Brian Vahaly,1447.213562364045,1497.4079103854938,1454.137946958915,1479.6700921923373
Daigo Sakuri,1487.2330940615993,1487.2330940615993,,
Peng Sun,1431.2313170153802,1467.8972521907747,1497.6470199999999,
Yu Jr Wang,1433.7458808900226,1500.0846296344764,1495.198,
Quoc Khanh Le,1448.0153239792166,1475.8059400039483,,
Minh Quan Do,1402.535996943203,1487.0663500784622,,
Aaron De Leon,1488.946418897197,1488.946418897197,,
Diego Veronelli,1342.36005008997,1494.5326396199064,1454.8403242772774,
Chris Johnson,1488.412780708246,1488.412780708246,,
Michael Birzon,1486.835209949374,1487.186627862611,,
Dennis Van Scheppingen,1422.1049078707347,1495.0019448902717,1450.7816449781892,1479.0
Carlton Fiorentino,1239.073737926724,1445.2543369848747,1434.1009934919025,
Edgardo Massa,1477.5486491394274,1502.521021035816,1496.7029400999759,
Mashiska Washington,1476.8680427634258,1486.5338512437713,1500.6335646549014,
Dieter Kindlmann,1482.4374476396251,1544.9532384762244,1528.5494810003809,1494.3309456288694
Tobias Summerer,1467.2254415544676,1481.7818777990149,1511.4763883752908,1500.024237550519
Jan Vacek,1492.7328933353278,1501.4254195961066,1411.2189312250964,1571.3879368703692
Guillermo Celard,1487.678903689724,1487.678903689724,,
Aleksandar Cucuz,1486.9980094961068,1486.9980094961068,,
Roko Karanusic,1425.0516454920078,1527.8172462378361,1454.0174164070008,1540.112606030413
Massimo Dellacqua,1365.910785259067,1413.5960972639207,1468.3528907382276,1515.867422244056
Charles Robert Viale,1487.3181365224755,1487.3181365224755,,
Teymuraz Gabashvili,1432.8555234776532,1569.2291439552544,1411.0997066052284,1490.3024781037113
Alessandro Piccari,1425.603706010794,,1476.0019034713655,
Gianluca Naso,1443.7816968641034,1490.5700369600447,1494.250725581668,1485.5970151755694
Jan Hajek,1591.915288458987,1477.9463795618099,1686.190487649202,1460.7151217395847
Alex Kuznetsov,1634.0474229283016,1668.0386481500777,1502.6562647920732,1547.976401734994
Daniel Garza,1345.8161622301845,1500.09159400568,1468.1153274429566,
Daniel Langre,1485.3738715419697,,1487.0880544897755,
Hector Ruiz Cadenas,1408.6381097025608,,1461.377398597264,1487.239854363008
Martin Verkerk,1429.631255040943,1475.7757405694115,1495.655717193548,1486.2590240411123
Leonardo Azzaro,1316.4887906913104,1490.9667357619212,1401.7263632165998,
Ludwig Pellerin,1395.5358201711174,,1448.6327019592457,
Amir Hadad,1379.4299801442708,1481.6212986004168,1476.8123475769512,1484.4638481208333
Charly Villeneuve,1462.857275238026,1484.3932495613305,1491.3099895895361,
Jose Antonio Sanchez De Luna,1441.9652357857537,1494.1280005748376,1493.1648162806864,
Pablo Fuente,1489.1621637352646,,1488.1359523621084,
Philip Gubenco,1458.9372336203696,1482.6947038960093,1483.1226244192997,
Alan Mackin,1474.236424615336,1478.298596949401,1479.8504243680527,1506.1936459158787
Roman Borvanov,1367.3701173291076,1485.708287036951,1461.465272959042,1475.8888121123578
Pierre Ludovic Duclos,1463.5299941636697,1435.6134811068346,1487.3308421316817,1551.6021422916995
Victor Romero,1384.7560925324556,1479.215993587708,1490.9901379576884,
Alex Satschko,1255.3709722187007,1449.2848377955863,1390.391776486635,
Marcelo Charpentier,1436.0375576455635,,1478.6435741498706,1484.3098114485595
Andrea Stoppini,1499.0603835506754,1523.2520835779399,1481.8406855308103,1510.4724797487556
Christopher Kas,1401.0627579982229,1492.2222082020437,1513.0223540225306,1498.6720565685212
Stefano Ianni,1216.484960534021,1475.5542642809396,1466.8233620259957,1498.083876589301
Dejan Katic,1337.3523855319788,,1459.2905368915517,
Alberto Francis,1391.0185335040867,1403.0605923075723,1469.449265789743,1496.328908724356
Mat Cloer,1421.8162186268826,1474.2894105198898,,
Leander Paes,1456.3233632369013,1513.6694939093354,,1485.3566975270055
Carlos Avellan,1363.2667344220283,1467.4276510277705,1459.7836619535196,
Mounir El Aarej,1472.496178912831,,1502.8644441648041,
Mehdi Tahiri,1475.5039977838385,,1489.3101719157673,
Mehdi Ziadi,1223.7837867120443,1497.7940812499999,1438.493064513233,
Rob Steckley,1474.8180401424079,1501.9637894047173,1492.9173872002345,
Philip Bester,1371.6311855261054,1442.5982660323473,1498.4467798473074,1500.0315000195512
Toshihide Matsui,1168.0632734757353,1435.6044641253916,1493.9759018791256,1499.985079083048
Chu Huan Yi,1265.316071322791,1478.5438831779707,1488.814826401176,
Damion Johnson,1334.0947037222395,1466.6802569847423,1456.7843885104123,
Eldad Campbell,1416.0786032311423,1472.8331413920098,1464.1130911987657,
Antoine Breikeh,1484.874169606935,,1486.0,
John El Khoury,1408.541470872184,1476.3048254884222,1490.2,
Ahmad Rabeea Muhammad,1332.626474254502,1421.3523078114636,1502.3529800000001,
Georgio Bedran,1486.0,,1486.0,
Ibrahim Abou Chahine,1288.4920643418702,1453.5053570699886,1495.391393078432,
Yew Ming Si,1289.1340747607028,1462.8827939348052,,
Selvam Veerasingam,1471.4361717829972,1471.4361717829972,,
Jorge Villanueva,1485.4361717829972,,1485.4361717829972,
Rok Jarc,1443.026939644638,,1477.7685059930438,
Lamine Ouahab,1421.8545412482706,1492.4113873604692,1516.077434037188,1499.3087554583542
Blaz Kavcic,1613.7127666709753,1597.6672683442323,1649.774597272731,1444.5248348867292
Rachid Baba Aissa,1486.0,,1486.0,
Yordan Kanev,1475.72990998775,,1500.8531835798465,
Ilia Kushev,1504.9525010248296,,1505.1847363603906,
Photos Kallias,1282.1441864043056,1471.7990020365855,1469.8992773630516,
Todor Enev,1337.5338238660775,1476.9371724579735,1476.1338019217374,
Kevin Sorensen,1396.236989069992,1502.207944455782,1463.0417188443857,1487.75
Louk Sorensen,1535.1874103962434,1539.3562424230272,1609.0253516516868,1479.2842423230861
Juho Paukku,1187.0696626492397,1452.9121907289518,1493.4675719078484,
Predrag Rusevski,1336.1416381159806,1495.2005496554088,1455.6961634744655,
Lazar Magdincev,1410.4615925453552,1479.8922010223898,1477.6495559643413,
Alexandros Jakupovic,1247.9316255422666,1480.948811286688,1472.7096265959153,
Nikos Rovas,1486.5638282170028,,1486.5638282170028,
Paris Gemouchidis,1275.251721750191,1489.9679860118272,1450.912513779899,
Sebo Kiss,1376.750799116778,1482.400493045072,1498.3691252467868,
Karim Maamoun,1350.5153594655058,1464.7041626848322,1447.9828511077058,
Kornel Bardoczky,1398.1186199964623,1491.7670234300533,1495.226656350039,
Sherif Sabry,1290.9473336541462,1487.6327426997248,1475.2184325319822,
Mohamed Mamoun,1392.560597405062,1477.4510029934006,1493.9485966447185,
Jan Frode Andersen,1524.6783276461551,1509.8,1518.0644000213144,
Genius Chidzikwe,1467.6813183312188,1480.8645918702964,1499.2514913568546,
Gwinyai Tongoona,1457.985936984231,1489.8616545211255,1478.8654837115419,
Carl Sundberg,1524.7030731588095,1510.2095454872494,1517.5,
Francisco Rodriguez,1488.377061664116,,1488.459070550918,
Febi Widhiyanto,1527.45797735255,1527.45797735255,,
Jason Sankey,1486.5647422203365,1486.5647422203365,,
Adam Thompson,1324.4276064805445,1460.5677286969178,,
Igor Chaldounov,1486.5638282170028,1486.5638282170028,,
Vitaliy Pavlov,1485.4361717829972,1485.4361717829972,,
Serguei Tarasevitch,1485.9350354936603,1485.93569610479,,
Alexandr Zotov,1426.242316839137,1479.110760488259,,
Lionel Noviski,1367.219175276588,1496.8754590473047,1492.2955747826786,1501.9611683161054
Diego Alvarez,1430.9021927169513,1466.489534724091,1510.9324842030844,1485.3
Thales Turini,1193.6383575879652,1441.2413610223582,1461.0268655282118,
Renan Delsin,1487.9742959480209,,1488.0,
Eduardo Portal,1465.4106812225973,1484.4821265134024,1491.5911917792027,
Carlos Palencia,1450.876449064373,1491.329173024008,1476.6004529723223,
Lazaro Navarro,1470.9716019333296,1486.2844701328556,1499.3327144796244,
Juan Carlos Baca,1490.4892471277374,,1487.0128633693785,
Guillem Burniol,1396.2231293093812,1488.242574883089,1441.5628128749604,
Zbynek Mlynarik,1486.9869286918893,1486.9869286918893,,
Tyler Cleveland,1379.7353975196613,1425.0804533707367,1481.2642732175366,
Gary Sacks,1336.1066193911213,1467.7163900501644,,
Nikita Kryvonos,1329.127759947497,1462.84780059262,1488.3962795252726,1499.3462660435605
Frank Moser,1299.6542979476792,1482.903236220847,1498.4282546556692,1492.1995773138858
Philipp Marx,1311.0577501416792,1493.9530251382498,1483.3879192595098,1479.8755712078143
Matthew Smith,1437.0135079048277,1476.6486218538882,,1489.5
Josh Goodall,1283.5333647645564,1455.9948953761225,1482.3612521653426,1448.2071050726272
Andis Juska,1385.1339966574583,1466.5152819587397,1505.8932008298243,1499.9943202815098
Simon Stadler,1487.5222809652055,1545.9960868131068,1496.4390864531574,1514.9026414866514
Werner Eschauer,1427.6727821308966,1449.4309153894242,1496.31772239887,1506.031504635477
Marco Crugnola,1511.340878976143,1524.8236746105397,1541.7521481684053,1516.211673248231
Jean Claude Scherrer,1486.159240076466,1538.6346320982968,1474.948158055941,
Robin Roshardt,1286.7268571218285,1493.482500047862,1440.559939983394,
Sergei Bubka,1411.2501954113216,1472.17148194546,1455.5212207364789,1499.5719820554698
Marco Chiudinelli,1548.2845328234248,1626.155121502218,1414.7888165682994,1483.9963206896107
Aleksandar Vlaski,1448.1047016765715,1459.7151245617977,1488.0278839328128,
Navdeep Singh,1435.748002154345,1486.7473779585227,,
Karan Rastogi,1210.5320529832638,1464.9486696364504,1493.0408326341208,
Kiran Nandkumar,1476.0231360071805,1476.0231360071805,,
Kamil Capkovic,1361.367818854832,1484.8889564775293,1414.2692605956463,1492.3246106467918
Jesse Huta Galung,1511.599253969856,1533.7122251225712,1559.0801867933997,1504.1629818544181
Adrian Cruciat,1377.5012719420854,1493.2791210694186,1482.4476152903496,1498.2383124987655
Mustafa Ghouse,1424.9194735666833,1472.5859533369792,,
Herbert Wiltschnig,1324.8997233590014,1496.754967707278,1466.6697049345216,
Laurent Recouderc,1449.2370453569974,1536.892921037269,1489.2854649573846,
Viktor Troicki,1676.7375094725146,1678.8888707869348,1610.1472550850767,1613.7105223837511
Fabrice Martin,1382.9600384767637,1490.1926921860095,1480.5047628187,1500.7518836616816
Benjamin Balleret,1356.3885362153387,1493.0294136862994,1499.4886516833126,1499.3439388828433
Galo Blanco,1500.2105296032712,,1501.5890107130178,
Bartolome Salva Vidal,1450.9580210367894,1482.2612829191248,1480.2169345376558,
Andrea Falgheri,1353.4587091308458,1472.674915375347,1497.4665954010081,
Alberto Brizzi,1327.8856875591557,1494.8710216735333,1460.2427027767928,
Ernests Gulbis,1574.7704556691747,1590.316904249816,1591.594854718079,1545.9604881079933
Jonathan Schneider,1452.8969876112926,1484.0482269443066,1491.0203388607893,
Edward Ted Kelly,1490.134054893742,,1490.9045145754908,
Bruno Soares,1214.6858614298148,1464.1129888356745,1502.3139037577942,1498.1838366858608
Robert Farah,1453.0709884563535,1506.9923929755148,1522.501440938401,1501.0137622473094
David Skoch,1448.6548990875235,1496.2600444116847,1505.8271155780164,
Tomislav Peric,1401.381299726906,1484.3072735304183,1459.1012342156146,1494.523331765239
Amit Inbar,1498.2163188490836,1498.111189277763,,
Kaushik Raju,1487.9949579085526,1487.588024542172,,
Nathan Thompson,1370.8614317821925,1470.8569267184616,,1506.429155596381
Sunil Kumar Sipaeya,1400.521790519731,1462.674845355494,,
Nicolas Tourte,1388.3383098677664,1450.995479328125,1490.4643696680787,1484.300943694217
Kevin Mcduffee,1453.0262853251675,1488.497283968263,1464.646122080241,
Carlos Gonzalez De Cueto,1473.3034261321823,1486.4556777961095,1488.0,
David Diaz Ventura,1423.6919999230347,1490.5060291136847,1483.25514746666,
Narciso Reyes Rygh,1330.702361956812,1473.2078802506944,1477.770888373126,
Robert Dee,1487.2273879605455,1487.6080117791219,,
Wesley Whitehouse,1426.3951837283723,1516.0269147314652,1477.4479134734008,1450.86682726656
Evgeni Mikheev,1488.0036714126534,,1488.0,
Luka Gregorc,1431.5875469922728,1469.6094977081452,1501.2765490816394,1506.620938352816
Alex Bartlett,1415.778485882886,1463.3909451869101,1493.9169927126752,
Bradley Cox,1413.5627076012227,1476.1188322643206,1491.6,
David Luque Velasco,1484.528273820641,,1485.0666703255388,
Gastao Elias,1551.340310455193,1641.2207773339685,1582.7941867126963,1471.9011181212454
Didac Perez,1481.1284843967255,,1481.6456210271945,
Michal Navratil,1414.0920300817518,1492.8678700783203,1459.9337119780594,
Grzegorz Panfil,1283.1816246817505,1490.943516267625,1445.5742394541796,
Bohdan Ulihrach,1540.8299507868328,1519.2102156941523,1549.1957761976557,1528.5785602545536
Karlis Lejnieks,1275.801395039208,1436.0261859213108,1488.7297338323938,
Jaroslav Pospisil,1306.015822838281,1489.7076275599381,1475.7011407202615,1497.7207408040374
Matus Horecny,1444.4838120166496,,1490.137728329966,
Federico Torresi,1299.8591226011647,1476.0890589558935,1486.5890661333754,1497.7887507506043
Marco Viola,1488.1445499450597,,1487.854821657517,
Marco De Sanctic,1479.006197188458,,1477.1077069059936,
Andrea Roscioli,1488.9456469689433,,1488.9456469689433,
Darko Madjarovski,1364.6664300085151,1498.7430655728724,1444.2036826395774,
Marcel Goodman,1406.795006259556,1471.0558712788566,1434.7964810812807,
Rafael Puerto Jaimez,1487.3297529557267,,1487.4822400067726,
Nikolai Nesterov,1420.044351709457,,1474.5377754665726,
Radim Zitko,1512.150251439079,1497.9996225048685,1522.7315348131733,
Daniel Munoz De La Nava,1455.2592179317949,1550.261021494758,1510.9831462393774,1497.3823322633875
Oscar Burrieza,1352.712436216539,1455.523111557984,1490.219673690421,
Marc Lopez,1517.6287892600021,1515.7788390872715,1556.8078346129005,1497.9189787948612
Josselin Ouanna,1516.5952910053925,1572.681645219211,1507.0752285472176,1467.3367810019306
Nenad Zimonjic,1266.3782935521265,1458.9983763061982,1499.803376121653,1503.7586751274794
Pablo Andujar,1519.7635164917153,1574.3359000725907,1577.3911561093262,1435.1164623855525
Haithem Abid,1306.0204957620256,1461.8047375710214,1439.1026949366426,
Wael Kilani,1416.371177406811,,1475.4156005099126,
Carles Poch Gradin,1445.2609481855895,1508.462603255124,1466.8189987161004,
Simone Vagnozzi,1434.841510306836,1453.01052988876,1515.3800582531555,1484.190506003437
Hakim Rezgui,1484.1403518296893,,1485.0,
Evgeny Kirillov,1398.7388643594154,1511.0404356469385,1445.6778397801054,1465.1453383124895
Aljoscha Thron,1488.4919198721325,,1488.9184545906216,
Christian Haupt,1407.8406069384525,,1464.2194843975076,
Victor Schmid,1431.8604482720973,,1478.683950402762,
Peter Torebko,1494.3192993168047,1498.0270115774795,1537.2298827699506,1499.0529401540468
Dusan Karol,1398.4542424205806,,1459.024257456626,
Petr Kralert,1490.717128466069,,1489.2192132003172,
Mike Steinherr,1490.292746090475,,1488.445697873787,
Wolfgang Schranz,1466.2636795747374,,1479.3764598985326,
Jiri Novak,1536.6714048756824,1560.5147137371396,1471.3410890376044,1485.2985448745471
Chris Wettengel,1263.4922369472713,1475.4311508620708,1506.1009217309638,1499.187188684176
Jesse Levine,1680.4774390438868,1690.7164120947814,1568.9791615053216,1575.0008114532623
Michael Yani,1491.4882886106006,1549.5573074005988,1507.1557172095675,1529.0884242280767
Maxim Filippov,1420.4127061611648,1488.0199639293419,1459.6598834398264,
Mikhail Ledovskikh,1388.257320655391,1479.7591486321935,1472.7399367246232,1505.1443336257453
Dekel Valtzer,1353.992581663723,1413.819797259671,1475.9990644874342,1494.9216423641456
Pavel Ivanov,1479.4622466995324,1499.262331797766,1490.5354197010654,
Akmal Sharipov,1486.7106881413672,1486.7519674125103,,
Jean Francois Bachelot,1471.9408321096823,1487.9195028705997,1485.9912399506884,1497.0951745259138
Oh Hee Kwon,1401.6657348359201,1451.2427164981355,,1490.5952110604048
Murad Inoyatov,1308.1040394828813,1468.9146648384633,1476.2682279487326,
Jonathan Chu,1454.9760606180273,1528.209071525138,1493.928706806159,
Juan Pablo Guzman,1460.6851273520087,1482.2769058938093,1510.36074639656,1485.410783972885
Marco Sattanino,1371.8851028363786,,1472.9169531724144,
Alexei Milner,1477.185628635973,,1477.695847913916,
Ante Nakic Alfirevic,1431.0024187764736,,1488.1538626750316,
Marko Tkalec,1431.0488772586993,1504.3955603906545,1453.230671586285,1506.86
Petar Jelenic,1460.5625232688492,1513.3055353483082,1490.6981061541353,
Franko Skugor,1691.9701609866327,1690.2191013336246,1582.85685721064,1553.3393789218992
Bob Bryan,1473.8401410253311,1485.9419024702029,1542.8233611896137,
Hyung Tae Kwon,1447.0130941607704,1473.8876761794845,,
Jin Seo Kim,1488.4996753437326,1488.5374540993953,,
Hyung Kwon Kim,1454.8459298058133,1479.1734297386486,,
Chul Hee Lee,1488.0,1488.0,,
Hyun Woo Nam,1319.4462250714894,1491.8893043664616,1494.0837025658825,
Dong Hyun Kim,1490.4994805255556,1490.4715800474526,,
Frank Wintermantel,1381.5824093359179,1470.4955914213597,1495.3162245882943,
Dustin Brown,1583.7844487597083,1570.0790458332608,1678.5734235045418,1581.5418224092534
Jochen Schoettler,1488.9790066498483,,1487.585699413623,
Adrian Mannarino,1769.6493939305446,1813.8965652225677,1484.9092833475706,1624.986000901126
Andrey Golubev,1240.8548060351984,1473.1011905523735,1480.6074849903573,1482.2498654549122
Alberto Giraudo,1413.3221415025153,,1462.5322043989222,
Marc Sieber,1466.34625794961,1502.4800299184692,1560.3493788783414,
David Thurner,1297.2907019253007,1482.0229798967882,1482.0547461165213,1478.1380735512846
Alessandro Torrisi,1488.5353205837976,,1488.4107043000429,
Dejan Djokic,1410.3609404109095,1470.975003199378,,
Antonio Ruiz Rosales,1209.3369492866975,1470.014290906752,1498.6166395518367,
Robert Yim,1364.6934908189876,1454.5646403967323,,
Thomas Morton,1487.6011938244396,1487.6301946131998,,
Tim Smyczek,1658.9749069539198,1667.3215366637914,1486.933293975711,1537.917007372844
Adam Vejmelka,1317.7882029767195,1472.5927933081034,1427.9206679036517,
Miloslav Mecir Jr,1521.73072385657,1544.1548048596399,1523.8376714290112,1532.7352256155807
Juan Albert Viloca Puig,1491.7728154937638,,1501.9042098346222,
Julian Reister,1629.228431838388,1527.6841373517077,1667.7253995047786,1546.2608636328275
Tobias Kamke,1507.1512321803941,1599.3828056384577,1499.7029262057022,1524.1686271791045
Daniel Brands,1622.6650271970943,1622.5445228396507,1545.0844084968385,1602.9682835298802
Nicolas Todero,1449.0475817132574,1490.6262963711827,1459.9394921449887,1510.5245031762654
Jose Checa Calvo,1229.6218166529695,1447.8210825869658,1411.855143885731,1482.991319691104
Piergiorgio Platto,1487.1899986420174,,1487.9272007750928,
Michele Mangiafico,1482.3952686059351,,1483.514230144542,
Mischa Zverev,1437.9690606416525,1539.106324227188,1498.027999214096,1568.9347032709297
Robin Haase,1534.1945195268831,1588.9863232874327,1555.9991080561215,1523.0181003410373
Teodor Dacian Craciun,1238.2783791297586,1477.720357554437,1468.4049967438857,
Alin Mihai Constantin,1371.8253496291245,,1447.8585230301107,
Clay Donato,1487.3317492996998,,1486.8012970445589,
Catalin Gard,1383.3080470237117,1472.859545063176,1450.6112745144753,
Pablo Santos,1405.6477915722812,1472.6573547643761,1474.2366311603396,
Danilo Zivanovic,1425.8356488399131,1459.151447100576,1493.1520780097794,
Antonio Pastorino,1460.9797181339552,1487.574539100195,1474.3543089765458,
Alessandro Motti,1114.2859014982832,1484.0746948328363,1464.9171208307819,
Julien Gely,1518.824396881945,,1518.9769966424983,
Corrado Deglincerti Tocci,1485.468289208524,,1486.1705190797054,
Martin Klizan,1496.250821696985,1532.609660985859,1595.0610987820771,1448.889183504915
Colin Fleming,1285.4188169919403,1480.4746791319906,1491.5209433100433,1473.302587776335
Daniele Giorgini,1337.7751280648936,1473.7607724118457,1442.33123281074,
Adrian Menendez Maceiras,1460.0644600932599,1540.9019485877245,1484.2866147844397,1491.1792874647465
Jose Luis Fernandez Torrico,1484.8025155427313,1488.0,,
Ignacio Coll Riudavets,1305.7908301426585,1488.0462908617974,1470.995820947091,
Komlavi Loglo,1345.3949805302461,1482.202194403632,1488.0424623679571,
Nicolas Coutelot,1447.3309673146405,1496.2699150953842,1483.8467354158142,
Valentin Sanon,1432.33577423842,1481.9402234879383,1500.3465501267033,
Gabriel Trujillo Soler,1465.342613192543,1500.130730248893,1518.3286232349387,1485.748511973529
Ryan Preston,1427.4469324500399,1482.2383706277453,,
Ervin Eleskovic,1416.361159484217,1483.6862530676804,1501.994284732319,
Jose Zunino,1372.6668216286757,1464.6294019859552,1476.2462699977232,
Sebastian Rivera,1341.153524474164,1507.4814667979772,1467.030110180154,
Tin Dong,1475.7283710969332,,1475.6695869266364,
Francoise Castejon,1486.825699501731,,1486.8063754293303,
Brian Dabul,1528.7917312415736,1639.3190628132381,1521.2053742074852,1470.305592476806
Federico Ciarrochi,1416.6667733004106,1481.572539590787,1491.6,
Ruben Torres,1434.1850603403443,,1465.2303813127985,
Leonardo Mayer,1582.4404188920957,1690.720217796708,1627.716078804012,1480.1992226144928
Luis Fernando Manrique,1452.1215028247564,,1467.6519024069198,
Paul Downey,1485.888655552587,,1485.888655552587,
Petar Popovic,1449.2000305588356,1503.4593904582282,1482.3142864215731,
Roman Vogeli,1338.9543940846288,1469.2117418446296,1486.5639456345082,
Andrea Arnaboldi,1469.9056047606894,1522.4638976211959,1524.7596363325829,1525.6916281605131
Alessandro Accardo,1426.0402496580111,1491.0344971905886,1473.1975431355336,
Marcel Zimmermann,1419.715207794369,,1480.1132356716075,
Horacio Zeballos,1743.8927928052592,1675.7084416325106,1759.6965021385695,1424.970250264601
David Klier,1438.082146021156,,1485.5855764376286,
Cosmin Georgescu,1488.0,,1488.0,
Markus Hantschk,1488.1626606882437,,1487.5619971398844,
Filip Urban,1485.722961846104,,1486.7404942604592,
Robert Godlewski,1413.9542405450923,,1507.7767752925042,
Jedrzej Zarski,1452.7601892101045,,1499.3054453361108,
Artur Romanowski,1387.1804676200877,1490.4713516744937,1467.4075327479673,
Igor Sijsling,1377.6206950864562,1465.4139928295435,1512.7980594303588,1512.1995585995023
Sebastian Decoud,1458.0468501429923,1478.1548956675347,1491.3951159369003,1462.3319207332806
Matwe Middelkoop,1464.2501774451036,1567.0262954817276,1482.855053968246,1490.1176503879296
Nick Van Der Meer,1325.4293570738105,1488.9555127340386,1470.1342022645974,
Thiemo De Bakker,1495.6212786013837,1582.1547837080684,1576.447263095759,1476.364594643306
James Pade,1502.3209216235755,1500.405974354691,,
Ronald Agenor,1490.4581787622624,1489.0092494973474,,
Michael Mcclune,1487.9364387287344,1515.1930116137173,1496.9736027658769,1495.7780168742886
Brad Weston,1335.460537114387,1450.4623662660454,,
Alejandro Gonzalez,1441.1192947179757,1522.762298398329,1512.636089364768,1482.858843463098
Trystan Meniane,1460.1172774752663,1504.3184730034754,1477.7734526926974,
Sean Friedrich,1486.7034683343222,,1487.164767826271,
Santiago Villegas,1400.9687655787782,1489.035897209696,1467.1399694320837,
Marcus Sarstrand,1423.9282986586325,1475.6283234456894,1470.3936516418441,1480.683520651037
Adem Ozmeral,1424.9980234876414,1465.8502183602538,,
Orcun Seyrek,1489.8865602168855,1487.556688923367,,
Daniel Danilovic,1379.9383249578154,1493.5388959678703,1444.5920800027654,
Phil Stolt,1413.1844317633231,1475.0013112479255,1477.5,1492.65
Thomas Oger,1297.7317497934434,1515.8507591691248,1478.240642899196,1498.085387678059
Neil Bamford,1371.4045025592327,,,1429.4537232028706
Alexander Slabinsky,1348.534124182857,1486.396716835579,1492.8398574179437,1491.7232723269826
Ross Hutchins,1352.7498228085142,1474.2831857277097,,1497.5090049959476
Frederik Nielsen,1484.789653148393,1529.2026795880768,1513.4120836266188,1505.5707601696124
Philipp Hammer,1382.8034661254846,1501.5358192023418,1464.0537235829495,1494.12
Dmitri Sitak,1341.7364129112063,1467.9768050715768,1487.8906771392353,
Sergei Dergunov,1487.479046858354,1488.0583520894716,,
Andrei Stoliarov,1348.0345316176808,1445.6432013422386,,
Denis Matsukevitch,1333.8426669528797,1476.721778645102,1490.2059909617915,1499.7721493571528
Dmitry Frumkin,1415.5705262125557,1453.38128853373,1491.6,
Stefan Wiespeiner,1467.952643848372,1470.5261439509068,,
Konstantin Kravchuk,1464.8015583520591,1527.6638404913385,1458.286304097958,1511.7144260698028
Eric Scherer,1395.359080741988,1474.4273558970742,1483.7366365757948,
Kirill Ivanov Smolensky,1508.0879743819953,1499.6975233347523,1510.4951604231962,
Nikolay Marinchenko,1465.3678382594524,1476.8879472893761,1487.646983976575,
Mikhail Lifshits,1391.9686767823018,1448.4383749265369,1473.176143936095,
Alexander Yarmola,1363.202860783083,1470.9424761298947,1465.4324539845738,
Andre Wiesler,1408.2851058597118,1485.543231971626,1472.069145441727,
Alexandr Dolgopolov,1923.5733526018153,1917.5078732891868,1813.8093079391938,1583.807999209809
Gregory Gumbs,1427.6757023463358,1482.0,1492.1091955855695,
Morgan Phillips,1288.0847874704803,1494.5755854347472,1450.5303462168333,1479.2482687186985
Claudio Rizzo,1461.764303180813,1488.0,1473.6609848156563,
Daniel Vallverdu,1384.524443096144,1511.3158557200345,1458.0593668111303,
Andy Ram,1381.7394929307118,1492.8317812339,1496.961220694913,1496.1638187410977
Matias Silva,1447.1814603473374,,1478.4732223587287,
Julio Cesar Campozano,1440.0476341103367,1477.8774529760076,1494.8897870931303,
William Lock,1513.3597864600715,,1513.395946674568,
Juan Andres Gomez,1486.9577899595824,1486.3381378619642,1500.4125174014116,
Leonardo Ramirez,1486.0,,1486.0,
Christopher Koutrouzas,1406.4783825054888,1478.091872873364,1487.75,
Petros Baghdatis,1435.41654727582,,1466.2420935963717,
Pfungwa Mahefu,1489.2368272614444,,1488.6311054273929,
Conor Niland,1504.3170042384454,1526.2359639322929,1486.8844349356064,1520.062426060878
Stephen Nugent,1514.0,,,1514.0
Martin Rmus,1397.9609940386533,,1466.4670971238625,1490.2
Fritz Wolmarans,1373.0302475251308,1479.0986194212155,1467.7098281911694,1502.4937709045394
Izak Van Der Merwe,1429.7517326993861,1447.1598736597182,1486.931937014793,1566.2760894167525
Deniss Pavlovs,1373.2031455691097,1483.6689610021704,1497.736082723106,
Ivaylo Traykov,1382.3625041376197,1485.4306904517514,1484.3317994024233,
Denes Lukacs,1337.4117389625283,1480.2481257607128,1487.346329925827,
Abdelhak Hameurlaine,1391.840750878125,,1471.320089568803,
Lauri Kiiski,1358.0968078254966,,1482.2198071520365,
Erling Tveit,1439.6155821004647,1489.551476097092,1501.380295502114,
Dimitar Grabuloski,1240.7423012859574,1493.3943267443776,1469.1335880012932,
Lado Chikhladze,1351.095950320598,1488.553991353386,1479.3515331444457,
Rafael Farias,1488.3785284137193,1488.875969173166,,
Thomaz Bellucci,1403.0158367488725,1527.5979388105306,1487.7915421168873,1479.2953861605492
Ricardo Hocevar,1330.7227320674551,1475.2475934318156,1485.7867483911718,1498.5571703716369
Fabiano De Paula,1385.8717548271577,1499.2284087927121,1476.5437548942054,1496.47053
Guilherme Ochiai,1437.9928754944624,1470.7112156592727,,
Lucas Machado,1449.6689444142894,1478.1705213562532,,
Jean Francois Berard,1370.6198699130402,1463.1424006097552,,
Matej Bocko,1507.546078925958,1500.8254492944632,1502.3354972118775,
Jhonathan Medina Alvarez,1455.0824503304093,1491.6,1491.3434683359458,
Gero Kretschmer,1237.8530410671444,1468.714709140016,1484.1227099130083,
Peter Polansky,1389.8360041118042,1493.9485693392546,1448.0105272047226,1459.385743676444
Jakub Hasek,1473.4130509864322,1475.3627735480563,,
James Cerretani,1179.9153246761725,1478.915370202703,1464.869386026669,
Erik Chvojka,1406.9029112508883,1477.0570151404443,1468.3758960377756,1507.2609659713212
Andreas Haider Maurer,1505.920801447276,1577.9524253729483,1564.2457143537413,1439.2258221798072
Armin Sandbichler,1307.6902872783394,1484.5936811025617,1430.3789903415811,
Matthew Behrmann,1491.1223904028475,1491.996996417395,,
Ryan Sweeting,1537.1039975628205,1540.257540517462,1598.5413139079824,1519.4232048431097
John Isner,1792.1934027848824,1781.5129841685502,1840.137972985301,1709.326434996159
Tigran Martirosyan,1525.6008579209597,1566.5259573877977,1483.6552242170462,
Jeremy Wurtzman,1489.3712857463036,1490.219299564122,,
Holden Seguso,1486.328656838322,1486.725199037967,,
Kevin Anderson,1703.8879460177184,1682.970986008979,1769.5573951492715,1704.4640444808902
Daniel Yoo,1206.824848573314,1427.453531791536,1495.1691828450578,
Giuseppe Menga,1323.896758514417,1496.7866187767058,1479.4641422077596,
Julien Maes,1320.0847498597482,1460.674419073566,,1497.0755854132456
Alex Miotto,1487.8513217001455,,,1487.8722186460645
Tom Rushby,1444.129425539315,1482.5348015917518,,1459.3685894427067
Paul Baccanello,1572.1218943737608,1595.2387719995438,1469.637334264369,1502.8575203430833
Rob Searle,1488.430679055462,,,1487.6054053837474
Jan Stancik,1441.5428224379775,1467.8014259031484,1520.4771103374544,
Andrea Aloisi,1500.2224120432354,1501.674338590787,,
Tommaso Sanna,1485.046070824241,1500.457696263558,1488.259537154349,
Robert Gustafsson,1381.9716380663215,,1463.9260028867343,
Tuomas Ketola,1488.0504944503907,,1488.0461338441585,
Fred Hemmes,1450.1627011976364,1493.673030257117,1472.8558899242098,
Mikhail Elgin,1314.7112950076237,1441.6271705139575,1509.1108435972778,1498.8073757752907
Mikhail Gamrekelidze,1487.320452037584,1488.5353705863695,,
Luka Belic,1393.808918733572,1506.591718803688,1469.9409041237832,
Pedro Braga,1489.7337345868168,1489.2304522274455,,
Julio Victor Casarotti,1485.5038805894137,1487.1483945129341,,
Mikhail Kukushkin,1671.2609319429844,1678.9633883978279,1627.122335511879,1590.7074828025466
Alexey Tikhonov,1482.5895045036705,,1483.1320095718818,
Alexander Kudryavtsev,1469.4916662023643,1547.6444074718615,1412.04831482236,1510.8969952871612
Manuel Jorquera,1427.4489877574736,1505.7928610069878,1490.6376880781675,
Artem Isaev,1409.0069578172363,,1467.324995961469,
Eduardo Hernando Celada,1489.6481431781556,1488.0,,
Javier Genaro Martinez,1378.0471011719892,1499.2330472301012,1441.4156443098761,
Quino Munoz,1431.568589224715,1481.8269575465556,,
Leonard Gullan,1487.1794685833893,,1488.0861381886252,
Victor Ionita,1299.4652262381012,1479.8267355295384,1461.034776196533,1494.3125723369049
Raian Luchici,1411.804961212175,,1484.617482561391,
Dragos Cristian Mirtea,1381.0522989663841,,1462.9036095722897,
Alessandro Da Col,1362.882821297832,1464.9151188624242,1453.2257728469635,
Andrew Dottino,1412.8714340449872,,1466.448113787188,
Enrico Burzi,1339.1948599886791,1489.3900901478191,1454.3050230913882,
Jeff Miller,1488.7239822672616,,1488.65763549602,
Somdev Devvarman,1486.1936906355697,1535.857800797389,1588.2338047701398,1402.1736495711853
Michael Venus,1400.1938779878412,1489.7945707211734,1501.6857000750304,1497.1490121776217
Daniel Nestor,1490.8484024150537,1482.8412277239136,,
Rodrigo Traldi,1483.4256702290743,,1484.624900308627,
Moacir Santos Filho,1487.6246738598622,,1485.7137606021035,
Martin Slanar,1455.926088876456,1500.4256011083748,1478.4415792700288,1495.1751624565675
Gregory Muzil,1499.0497145676604,,1500.8608358691804,
Yury Shirshov,1484.5587394547415,,1486.3723609257531,
Valery Rudnev,1401.3075650320466,1500.1202482193955,1483.2567213882485,
Antonio Baldellou Esteva,1465.7268330911563,,1466.1318650503845,
Hugo Taracido,1489.204979054891,,1489.6792387419225,
Pere Riba,1448.2010231877957,1503.523576603135,1511.4663614212209,1468.5019087555518
Rahman Smiley,1487.1313855167768,1486.8529791556587,,
Pablo Galdon,1463.2251735091806,1498.872700894523,1516.9553421751746,1488.056411954395
Peter Gojowczyk,1568.5026921272658,1622.575698490534,1530.4764162974723,1547.06998927354
Gerald Kamitz,1374.99819058142,1493.2325738833554,1473.2451729519355,
Martin Fischer,1600.9865617383325,1575.0944818648725,1626.60602346678,1617.302275363437
Patricio Alvarado,1182.6529336155215,1444.1836100113335,1475.6871138798147,
Pierrick Ysern,1422.328173756589,1477.2101929858657,,
Sergio Ramirez,1462.3317151883364,1499.4073837962915,1485.0,
Gonzalo Escobar,1393.4732583712962,1530.8481741914748,1496.6681898399506,
Alexander Reichel,1431.5196192207452,1493.7721486057746,1500.1944255506958,1486.494152260068
Miha Gregorc,1482.14876356952,1484.3528000084657,,
Juan Martin Paredes,1487.9170887492116,1488.6146030987454,,
Sergei Krotiouk,1258.2140314336614,1479.0593292312649,1484.0919144028692,
Syrym Abdukhalikov,1410.433111102468,1459.194089894189,1501.9440078956268,
Sun Yong Kim Jr,1337.943079563204,1439.2810997687386,1500.113193316397,
Vaja Uzakov,1105.7050366823337,1450.0787859891432,1482.5641458954974,
Illya Marchenko,1498.2643666323058,1570.6110714766132,1496.0698539860978,1458.7017691865083
Gafur Ishmatov,1487.2416627893763,1488.0,,
Sergei Demekhine,1432.7316600958561,1481.7523199475725,1501.6916805768615,
Ervand Gasparyan,1313.9956005106765,1443.9797955289084,1480.088599525708,
Xin Yuan Yu,1347.0094303153041,1446.5226133153074,1492.562278858822,
Sobir Ochilov,1409.4901454564815,1466.2877216069514,,
Alexander Sadecky,1386.6482329469998,1493.8115653689385,1514.7668565593615,1489.1795078078126
Olivier Charroin,1267.4699749280182,1445.7254977328257,1481.3033425223753,1486.3078382135457
Miguel Angel Lopez Jaen,1411.0731785214955,1461.6878600490782,1503.8359588955152,1492.3548040862543
Francesco Piccari,1384.5817199911644,1484.1143898982725,1471.8041794493595,1492.6363309806086
Luca Vanni,1502.2419025630838,1558.7621977796205,1498.5457238759454,1473.880561298804
Stefano Vukov,1488.4001929595745,,1488.3145888454162,
Augustin Gensse,1551.8745901512393,1529.1413671739622,1615.9680350457293,1496.8930975189119
Jerome Becker,1499.313049328614,,1499.8686258061691,
Jochen Matschke,1427.330672166096,1490.5117291735153,1456.820364017564,
Matthias Bachinger,1479.6675573895686,1568.2842750959862,1495.0351373176406,1510.6966718733613
Julian Kurz,1488.0,,1488.0,
David Novak,1467.7539827162382,,1487.510562508684,
Jiri Kosler,1427.7381461484931,1493.2500145546335,1480.6786555681829,1482.346066869831
Pavol Cervenak,1464.7821892868442,1459.879908194803,1529.072574410424,1447.3681911773836
Luka Ocvirk,1488.0784421595647,,1488.6258405931974,
Ryler Deheart,1507.570762697774,1529.5159033617065,1496.616796040483,1492.5898948585445
Marcus Fugate,1434.3402732622046,1465.643171734318,,
Artemon Apostu Efremov,1427.047617188607,,1494.4134014062588,
Oliver Zsok,1487.4835961943322,,1487.2186563316839,
Markus Hipfl,1482.7288115171048,,1483.2825373379071,
Dmitry Vlasov,1384.9801340768283,1464.7324898411464,1497.912556833925,
Mikhail Karpol,1430.04480196594,,1457.8607598426424,
Philipp Petzschner,1496.458419251213,1554.1434280309486,1507.991806828578,1517.9593865018633
Vladislav Bondarenko,1487.9671867434718,,1488.0,
Oleksiy Zhornyak,1399.8473235997203,1472.8651196801904,1473.596753267729,
Kiantki Thomas,1429.5080975018768,1485.2343672423956,1481.0761984565258,
Andrei Gorban,1316.505330373084,1459.1617924734421,1484.5380187759074,
Kevin Deden,1387.6765724116833,,1473.928711058634,
Mark Joachim,1471.6718246678477,,1494.7886351229708,
Oscar Sabate Bretos,1371.4179200857657,,1447.8595680870862,
Benjamin Ebrahimzadeh,1489.070929262541,,1488.0,
Tommaso Cafferata,1487.8820580900879,,1488.4690382384294,
Guillermo Canas,1618.80053701796,1549.8550135337618,1643.7387942605592,1529.4260350179939
Cledson Carvalho,1488.108913783845,,1487.643143706651,
Adam Fass,1434.8322407574012,1485.0,1481.4877190766238,
Hicham Arazi,1477.8029080163449,1489.537393423092,1504.8036605020077,
Alejandro Vargas Garcia,1483.9378687879591,,1484.5468165208295,
Agustin Boje Ordonez,1253.1779063105998,1497.2550353087056,1463.2611024493888,
Lukas Rosol,1515.6070359985997,1556.9964677812795,1524.6451406343106,1538.414838739088
Ivan Dodig,1660.2457690099332,1620.857227386288,1693.3679049122952,1592.4954105481645
Igor Racic,1455.0894646331453,,1480.197968906373,
Zlatan Kadric,1488.0,,1488.0,
Nikola Ciric,1374.4501628152404,1475.528802361197,1494.9069531716311,1486.209024808309
Goran Tosic,1386.311197769302,1482.4738896116137,1484.7858248685336,
Aleksandar Maric,1379.62828261882,,1469.1374960489443,
Giancarlo Petrazzuolo,1410.686700902803,1446.5411181294846,1467.302355672646,1477.73893406128
Bojan Szumanski,1339.8214679937676,1496.2732236896688,1475.9471329953321,
Jason Marshall,1420.7053244468066,1475.3136555044327,1500.345436546046,
Marcin Gawron,1357.8662229536114,1494.757863313666,1473.1984389359689,
Marc Fornell Mestres,1352.894012435364,1492.285603065926,1490.9588664680484,1490.6902245813808
Daniel Ramentol Garcia Atienza,1487.104013192783,,1487.0957499712995,
Xavier Dejuan,1488.8670906932045,,1488.7236026104028,
Asim Shafik,1480.2810512670703,1481.7110361431512,,
Rabie Chaki,1400.323923673925,1490.321395783769,1486.0672276158296,
Pedro Sousa,1605.4391217451143,1452.9324448909524,1639.3243355226564,1475.8456213454529
Piero Luisi,1338.287966839767,1476.5508304876034,1483.6454406437595,
Jose Hernandez,1484.64938008957,1482.504024514456,1584.1355688017186,1479.8106922690722
Anton Tsymbalov,1518.1127881997218,1518.073460049823,,
Paul Hanley,1262.8242893054087,1465.6371407927977,1486.3596208754338,
Andrej Kurtis,1424.1648920744203,,1475.0182741370177,
Jiri Krkoska,1422.0462980480922,1485.0,1489.8146865795416,
Alexander Somogyi,1442.8638849971903,,1473.975299048425,
Ladislav Svarc,1477.4612608490172,,1498.0684652800148,
Attila Balazs,1517.558390291006,1499.3175190250497,1539.48083222201,1498.829415184708
Giordano Boza,1488.159223111566,1488.3390451150692,,
Marcos Felipe Arend,1489.5004550365543,1488.991410690395,,
Akash Wagh,1278.3949182653841,1455.2044776093674,,
Frantisek Cermak,1272.6995378916095,1478.1381202540356,1462.3527438161111,1500.6162458365363
Vladimir Obradovic,1284.9372372152802,1461.2548707655546,1474.1150195624045,1482.1869330847092
Greg Ouellette,1347.803396695465,1474.821296317803,1473.4336660956087,1483.744535850181
Stephen Mitchell,1488.5540102778095,1488.6557201087492,,
Bart Beks,1439.5825223729794,1482.0451925371237,1483.1866857042871,1501.27788804366
Michael Quintero,1202.7052880910876,1498.4416155981826,1427.8878241422149,
Tetsuya Chaen,1468.8643479727261,1503.4489678876205,,
Arnaud Delgado,1488.3825018680943,,1489.5719931768306,
Jonathan Zipris,1489.82276458473,,1488.3754241500096,
Paolo Beninca,1489.1940202397984,,1490.0627500671478,
Anwar Elkamony,1490.9360272361912,,1491.5196204018218,
Cristian Lopez,1487.5640743844424,,1488.6612575988727,
Juan Sebastian Cabal,1444.8939501444213,1450.6042490201874,1532.4889467888895,1496.203608988313
Marius Copil,1507.9445009022427,1624.9380978802353,1470.788457474159,1552.5102523634612
Olivier Vandewiele,1487.8439449662712,1488.921958900074,,
Kallim Stewart,1490.9009113094048,1491.5782463318046,,
Martin Pedersen,1350.533961461775,1487.8585109250998,1488.7651020871135,
Rasmus Norby,1444.1687555962676,1505.6873389411023,1495.3503006078784,
Jacob Melskens,1488.9344194428531,1488.9131322389828,,
Eduardo Schwank,1476.741599065987,1477.0659928681864,1545.9252264638951,1405.5389017770501
Niels Desein,1463.1180223180759,1565.670575084868,1458.7431019920916,1469.1498057215545
Tim Hewitt,1447.4891620145972,1473.9894628046409,,
Eric Hechtman,1383.6324643390797,1464.3656735803959,,
Trent Aaron,1488.1872522879783,1486.5164246165825,,
Jae Sung An,1350.5881960193278,1451.3456481541089,1491.7302326147524,
Gustavo Ramirez,1335.5974284841113,1510.136165237506,1463.8007694737853,
Emiliano Massa,1486.2457571347047,,1487.3214646988758,
Marinko Matosevic,1590.9248116968342,1639.561836786938,1578.4599236124434,1544.9768456395818
Johan Brunstrom,1298.0432907683057,1503.1588892771988,1502.4821134581512,1488.975
Sam Groth,1601.4184274620593,1548.6924989577894,1540.2000154711695,1661.408935359808
Ryan Rowe,1480.9066551382778,1508.8724984344192,,
Kei Nishikori,1925.609252383089,1939.2713655391453,1873.8755134983355,1658.2309899785987
Jean Michel Durango,1459.6503881155684,1483.7352790663283,1501.629732518124,
Roman Recarte,1370.910165342841,1496.9462027470645,1477.8553887239239,
Niklas Bucht,1487.6142997625884,1488.481967005126,,
Dmitri Kotchetkov,1453.2994353857678,1491.3192519639401,1483.5213457155646,
Harri Heliovaara,1362.4973177627717,1494.1563374097439,1469.111754505856,1499.853305743075
Colin Ebelthite,1334.9330090302767,1469.2245427633416,1503.79387723222,1492.9915657090526
Miles Armstrong,1392.787625857498,1473.6891425043723,1500.04810124928,1493.8184756205833
Peter Rispoli,1487.74205185348,,1487.7644979179283,
Gabriel Montenegro,1484.6693011208072,,1487.4885858216014,
Diego Hipperdinger,1462.6129584975026,,1478.5591243917497,
Erik Corace,1466.8091894173745,,1477.0463403914075,
Leandro Savelli,1502.5695260618004,1501.8083736438653,,
Ricardo Chile,1486.3322056189668,1486.5824221288171,,
Daniel Evans,1778.1630318881992,1812.0538907242042,1631.1135147168725,1577.382036762797
Ikaika Jobe,1500.5429809106,1500.8191387811337,,
Mikael Maatta,1488.0,1488.0,,
Michael Calkins,1488.5623630376567,1488.8482964619907,,
Christopher Lam,1435.2594893429196,1463.9824938471206,,
N Sriram Balaji,1325.7141674358618,1482.2289352910163,1496.6253699317533,1515.5828240321825
Stephen Amritraj,1449.8459590358273,1481.6328305281888,,
Ashutosh Singh,1403.1916543570153,1460.500554527906,,
Ravishankar Pathanjali,1487.0709938633365,1483.5295159385444,,
Vishal Punna,1383.7299956424517,1461.2392379878343,,
Guillermo Alcaide,1435.0712009060578,1438.2102932408097,1492.399741677995,1523.9401959812908
Julian Knowle,1449.5188042333746,1521.5391773433128,,1510.4561022740768
Musaad Al Jazzaf,1496.1405638140423,1497.2284006887335,,
Abdulla Hajji,1390.2785854011322,1463.8540850836232,,
Jamie Murray,1351.0473095606837,1497.2386337879004,1496.499488273291,1489.866885547676
Jaroslav Levinsky,1364.419974649027,1457.0521261037982,1490.8125,
Nicolas Santos,1351.5536634427792,1494.3611999114398,1513.314531312605,
Eric Gomes,1395.1600871474157,1433.7121407258273,1478.7164474133808,
Diego Cristin,1414.001099573049,1493.0343634191083,1493.643489687514,
Austen Childs,1450.2050977105293,1508.7100723587716,,
William Ward,1415.0138922213964,1467.843307637668,,
Martin Colenbrander,1340.8240933628429,1456.8646990603124,,
Matt Simpson,1382.2671504156976,1478.5351489862842,1485.6346861608113,
Mikal Oliver Statham,1356.471889185237,1487.635810330966,1489.3161270395287,
Alexander Satschko,1401.5259681789166,1509.52594666253,1486.2938742048073,
Joshua Crowe,1376.0974167756435,1459.5186678841897,,
Adrian Voinea,1450.3175982006733,1475.6600855218066,1471.5576319690667,
Matthew Ebden,1575.2831236241886,1581.4041733973972,1435.2265755753222,1599.274886923176
Greg Jones,1448.2528362935902,1509.2375977162515,1498.3562599261866,1481.1718639049232
Borja Malo,1391.647094768762,1479.8025400325555,1457.470990078332,
Heinrich Heyl,1441.4872159817826,1473.290145834409,,
Hans Podlipnik Castillo,1457.833875673417,1441.9125878945842,1542.6199285659034,1460.8014020531773
Bastian Knittel,1542.8537773148225,1505.677852527933,1523.810680946981,1545.009563869562
Ian Flanagan,1475.733578390074,1492.572669180952,,1499.4852700276429
Edward Corrie,1507.1702544782177,1523.8881212274732,1495.4812239664361,1501.2565245466094
Chris Eaton,1414.7201460837084,1472.071521272585,,1491.628750713136
Alex Clayton,1393.8809662873734,1448.1976330728198,1486.875,
Olivier Sajous,1398.5680291354581,1507.2288619268568,1456.2657096898163,
Andrew Roberts,1451.925575708509,1474.3528889205768,,
Takahiro Terachi,1464.069050303006,1491.366942104475,,1480.9422504599909
Troy Hahn,1448.7366776029137,1466.82438180816,,
Robert Haybittel,1486.3306947229942,1486.7149604945655,,
Michal Walkow,1485.9113982049257,1484.8363183022761,,
Yuichi Sugita,1457.6759345492223,1533.4491567152893,1470.8670247965752,1511.311945114501
Mauricio Echazu,1268.326662649439,1494.9082710060147,1460.3031592784632,
Vivek Shokeen,1405.8479884332207,1452.6902063702375,1476.4783440795627,
Rafael Arevalo,1276.0740041198274,1454.2459216884795,1511.0171431572571,
Marcelo Arevalo,1498.4963123695907,1532.9402942441177,1530.3565240756052,1487.2488587239745
Benito Jose Suriano,1496.2085368706735,1482.0204865575965,1514.0,
Nick Van Rosberg,1328.2322062476035,1471.7749567635192,1474.1688605917636,
Henry So,1480.1698509744447,1481.2103415963497,,
Christopher Rungkat,1366.0759187104218,1494.9469058688387,1500.6835708801327,
Ashkan Shokoofi,1476.8505161085172,1497.2045709436723,1482.5,
Shahab Hassani Nafez,1464.97128440039,1466.7821262655623,,
Ali Ismaeel,1434.3252732796275,1468.572376289215,,
Edgar Hernandez Perez,1468.7186749578914,,1470.8276085638822,
Favel Antonio Freyre Perdomo,1473.148715167865,,1473.358230327823,
Jalil Khan,1434.573205663351,1491.9180725008912,1503.5378537109582,
Patrick Tierro,1252.804117494333,1459.631902422282,1501.082306853135,
Yasir Khan,1173.675114196441,1472.2540194045782,1449.2194108130755,
Daniel Dutra Da Silva,1474.049111437386,1504.5132314966957,1500.0566040840342,
Pier Marco Pieracciani,1481.762292059362,,1482.823385190224,
Fernando Romboli,1164.1057917215912,1472.285654349183,1441.5789960139407,1499.8441105334691
Helio Sileman,1486.861419126557,,1487.369164893507,
Marcelo Michelucci,1417.8917598261844,,1471.8339051068433,
Tiago Lopes,1237.1346473264127,1473.7685500812336,1505.6168511616222,
Stefan Borg,1391.6624548297934,1485.1735154818448,1494.2665584743568,
Rodolphe Cadart,1439.8690766326754,1471.1041110941687,,
Jonathan Eysseric,1289.4957217294184,1440.3333639528794,1494.9135274344144,1498.5564351727533
Vincent Millot,1570.4430170356975,1622.4204776269441,1526.0277796209473,1548.9294395738846
Guido Pella,1736.6721259607232,1721.065048249155,1678.9491121067674,1572.7995946859712
Johnny Hamui,1475.4607932446318,,1475.6715398673255,
Eduardo Peralta Tello,1343.8310307950235,1467.4519833035968,1477.0714227142278,
Ahmad Rabeea,1483.3066135872505,1484.0623228386225,,
Hamad Abbas Ismail,1487.0293844216717,1486.6092346268815,,
Robert Raguz,1433.4564501555517,1487.4815808401672,1485.3576027180927,
Ivan Zovko,1368.3979570021238,1463.987598683612,1464.8177402438496,
Thomas Fabbiano,1551.7717956236847,1634.411452488979,1558.383123837824,1538.464099211988
Petru Alexandru Luncanu,1302.6343335096049,1492.1197842774561,1486.2939509196137,
Pavel Chekhov,1321.359312465248,1437.7791511422122,1482.853952812751,1484.6370498564866
Jordane Doble,1471.4714456058812,,1504.315707195769,
Anas Fattar,1280.429089317198,,1428.954935183204,
Reda El Amrani,1489.6501178366711,1491.2775583607877,1578.2390882271213,1493.8098619442462
Sven Swinnen,1458.7627594331766,,1472.3722972543576,1485.0
Cesar Ramirez,1135.1576370239995,1436.4111333272253,1491.8337247418326,
Vincent Sapene,1487.497243074872,,1487.6881113101124,
Baptiste Dupuy,1345.82076124791,1486.6350235919208,1458.25671785382,
Felix Mantilla,1557.005105368749,,1559.0413257419846,
Lester Cook,1450.4201846526908,1507.0514043262312,1427.3830937605433,1465.3305080060834
Manuel Sanchez,1243.2820096936437,1475.7332727319772,1468.734574048494,1499.8728331738407
Ilija Martinoski,1389.3067643209179,1462.4637194509744,1497.1553285319337,
George Chantouria,1497.7902182537946,,1491.7361686834922,
George Khrikadze,1395.918082552676,1484.8911571264523,1473.4720805652241,
Luis Javier Cuellar Contreras,1485.9378075910108,,1486.0,
Sandor Martinez Breijo,1485.2537254715023,,1486.0,
Anoosha Shahgholi,1270.815238050859,1468.045002771374,1483.9548628375717,
Rouzbeh Kamran,1418.891151061336,1460.2839267707277,1509.8,
Gilbert Wong,1420.7669378144074,,1472.3122218098072,
Mohamed Redha Ouahab,1483.0339359456507,,1484.9560869136951,
Guillaume Couillard,1386.0128767550452,1496.1223063834177,1486.9898508212952,
Mehdi Bouabbane,1486.0,,1486.0,
Jonathan Igbinovia,1443.667192041885,1462.80725560177,,
Abdul Mumin Babalola,1435.3382508084555,1457.9782011432883,,
Frederick Sletting Johnsen,1424.37178477948,1479.5206475045616,1478.5106850456884,
Adam Kellner,1376.7562542408916,1475.181977141298,1471.8538095368294,1484.7409655381
Philip Riise Hansen,1486.0,1486.0,,
Luis Delgado,1399.731841210279,1492.2163493770436,1504.6670301891997,
Martin Alund,1561.0786825645152,1445.5278022125797,1601.1699359814172,1475.2102642477673
Dylan Sessagesimi,1468.9533512302944,,1471.9929250835266,
Travis Parrott,1356.360878727184,1476.037993390905,1489.3738353317958,
Theron Cole,1484.2201076430483,,1484.591355936613,
Evghenii Corduneanu,1427.8006757244673,,1464.8519009652518,
Lars Poerschke,1491.4579576135152,1489.0811318654976,1532.8710292626001,
James Ward,1513.7975721866703,1534.3977058039065,1495.2111829037206,1474.6158547432253
Miquel Perez Puigdomenech,1430.587569320234,,1486.2931667676341,
Bruno Rodriguez,1404.849758938502,1471.2982362346997,1515.3051070718489,
David Estruch,1296.754779107559,1498.1083527727508,1455.091891290365,
Christopher Dekker,1485.0,,1485.0,
Adolfo Gomez Pinter,1437.3022157998553,,1474.0641012043357,
Antoine Champagne,1482.6219313767729,,1484.6293273466329,
Jordi Marse Vidri,1479.9548047337462,,1480.9839920428522,
Albert Ramos,1633.878735565444,1640.8907910752512,1670.1408394681584,1407.1868336890652
Antoni Gomez,1438.4516627855737,,1467.5032615164546,
Benedikt Eger,1480.384567181822,,1481.3570426847855,
Roberto Bautista Agut,1923.4125469614823,1867.4379219049965,1814.58959736868,1724.0097672456634
Alen Bisevac,1478.0730149847002,,1503.9825901880758,
Adam Davidson,1488.854682274378,1489.3942888452414,,
Thomas Drouet,1433.198312735331,,1467.8787112182533,
Daniel Smethurst,1414.308461339986,1499.951399695243,1494.6057264321246,1477.403118668451
Javier Garrapiz Borderias,1490.0136221832236,,1488.9338902245468,
Younes Rachidi,1217.526388106943,1503.3539463435484,1433.1116437393393,
Mohamed Nazim Saber,1331.0997222436283,,1464.4820478673919,
Andre Miele,1294.9161239960604,1491.6170473162422,1514.2515163573507,1499.6443401461486
Jose Pereira,1455.026447499513,1500.575452876854,1525.3416916357723,
Marcelo Demoliner,1341.4871085657817,1482.243259450682,1505.2024127709979,1498.6887589012422
Rodrigo Guidolin,1432.6680867310042,1478.1046535241624,1527.5869072404234,
Guilherme Clezar,1449.891225216689,1513.850516660965,1531.8751691227042,1463.8794992098726
Leonardo Tavares,1354.4327873434697,1486.4870680631843,1461.7398327513515,1491.8916869356249
Tiago Godinho,1446.460603539244,,1474.788751260177,
Sergio Betancourt Riverol,1488.8093580559012,1489.085856847094,,
Maximilian Abel,1343.5951243634029,1488.7250947761934,1450.058629743398,
Patrick Taubert,1354.3861882511849,1490.0934640592552,1434.2696114816538,
Marc Meigel,1422.383900457238,,1470.4290239756242,
Martin Vacek,1449.1358151330494,1488.9377932440107,1492.510169702584,
Antonio Veic,1569.2017650014495,1468.539653517513,1638.2230760224015,1420.9707790052503
Jonathan David,1436.5586720079941,1489.9418750908355,1491.2696951450555,
Jiri Placek,1489.5416166190412,,1490.6211382722004,
Alexandr Kotora,1488.968127164681,,1488.1329638966663,
Dusan Lojda,1332.4428766121428,1485.2089211931113,1471.9310524815025,1478.6261026369123
Alexander Perfilov,1389.2325261945361,1459.8582984618138,1493.5990370569573,
Martin Durdik,1462.0540437197776,,1464.7902688953634,
Jean Baptiste Perlant,1482.2669289123614,,1483.9689215873232,
Nikola Mektic,1456.193708889458,1498.437240164706,1555.3109553583297,1485.429500990425
Vjekoslav Skenderovic,1372.9793823538755,1439.469460043081,1434.6693016330767,
Mike Bryan,1461.440708426566,,1471.671795104841,
Philipp Oswald,1426.2643101114306,1509.5773552665516,1520.6791910839206,1491.893717262481
Nicolas Reissig,1328.2604707545725,1476.9128766160213,1496.5175847443893,
Pascal Benz,1483.7005466038975,,1483.8537996444716,
Amir Weintraub,1411.6972587040468,1499.7725270377043,1484.1410882625048,1443.724021013069
Marsel Ilhan,1342.1523856891292,1496.0692117504193,1505.988219973005,1497.7605267185245
Michel Kratochvil,1408.5898850087663,1460.2944155374921,1439.3176236225875,1464.2537398623226
Dennis Bloemke,1382.7395574886189,1476.6225207158345,1513.783785501846,
Mariano Puerta,1502.8225040620227,1474.5332600170566,1542.1355979684918,
James May,1504.3352387396042,,,1499.5064461982647
Sean Thornley,1311.3938179274107,,,1446.447013980672
Matt Seeberger,1352.553399118361,1449.2491002517093,1481.7382008107138,
Vitaley Pavlov,1488.4331924971284,1488.4707637238596,,
Mateusz Szmigiel,1402.1321412944149,,1463.8965951266628,
Christopher Koderisch,1486.4290872382435,,,1483.8012802631845
Patrick Eichenberger,1348.0836689152638,1485.6259530097143,1475.5390877113507,1477.9176917515645
Franz Stauder,1516.684629641453,,,1513.3691516725535
Daniel Lencina Ribes,1502.505527110758,,,1500.1702454231652
Gunnar Hildebrandt,1485.0,,,1485.0
Todd Perry,1420.8516293879968,,1481.25,1478.9440384929226
Tristan Farron Mahon,1487.3909584648686,,,1483.862385834746
Jan Henrik Langhorst,1479.9916985127609,,,1481.4510179598997
Marek Semjan,1255.9775031662325,1483.043579986721,1486.7222062987444,1490.322729439105
Michal Konecny,1298.7795706144805,1460.4045953716784,1467.263452082587,1478.4656962945962
Iain Atkinson,1476.6577005439199,,,1480.1606326060848
David Brewer,1460.3291691586785,,,1460.4247194520235
David Rice,1322.455084309886,1468.0050700343206,1488.4561343262149,1477.2662759691655
Richard Irwin,1455.9643313950658,,,1457.9534994545434
Daniel Cox,1532.4409595892007,1564.7195344110005,1502.0553148393485,1490.1783397789889
Yves Allegro,1431.0223597035329,1485.4971945115592,1497.725250983038,1507.6474623842332
Jim Thomas,1363.7915558144332,1426.0562657203657,1468.6408095374452,1472.5780356409323
Roy Bruggeling,1485.1618682125707,,,1485.127612522207
Jordan Kerr,1290.795595019422,1462.5745315714262,1494.131507702637,1491.5486783099013
Xander Spong,1479.1109989186502,,,1481.25
Alexander Nonnekes,1456.5182683900575,,,1481.0305157931737
Thomas Schoorel,1488.6606988291019,1530.457366593887,1528.772897302143,1493.3364798709101
Wouter Standaart,1485.0,,,1485.0
Artur Chernov,1349.5791181534428,1422.140828741786,1503.7341932365798,
Daniel Alejandro Lopez Cassaccia,1331.9228069328688,1513.1855282248869,1450.6216799197325,
Thomas Knights,1487.90560895942,,,1485.6285734472187
Ben Dunbar,1484.365970491397,,,1484.4649192350823
Tom Williams,1484.333007429768,,,1485.0
Graeme Dyce,1471.8006624731079,,,1471.5912369441482
George Coupland,1362.3860269608729,,,1452.241689930505
Ken Skupski,1244.3646919567684,1466.6061497246276,1484.0226750522602,1485.7512121925627
Daniel Cottier,1485.0,,,1485.0
James Prescott,1484.7443265414743,,,1485.0
Lewis Barnes,1484.006092456205,,,1486.6844247721642
Robert Chambers,1485.716419349409,,,1485.9045808330966
Boris Obama,1484.2850887144023,,,1484.3328822088135
Chris Harfield,1482.605990355979,,,1484.2902662131462
Paul Doucas,1487.7656787655044,,1487.8683512570544,
Ivan Sergeyev,1392.9451876921262,1505.1621549708757,1506.9758945524682,
Will Doucas,1486.2876857849394,,1487.4816665633944,
Laurent Rochette,1348.2342638207201,1485.54564333227,1489.22097917827,1499.5990143428153
Romain Jouan,1493.7327375597717,1533.875300414409,1488.0004178057836,1496.0132429577068
Adriano Biasella,1418.3730224647848,1474.7622645223892,1485.21524071086,
Juan Pablo Villar,1375.5763706524283,1470.4681086770051,1477.6618534707222,
Tim Goransson,1388.062892095126,1493.7079793256182,1462.793687227854,
Denys Molchanov,1371.2298854735407,1513.227693238497,1487.4380776740213,1500.8085812768588
Daniel Kumlin,1448.9197899521896,,1493.5033839206935,
Henrik Norfeldt,1469.3239578398266,,1495.9248508640985,
David Nylen,1441.8583561700364,,1473.0367737769354,
Rickard Holmstrom,1339.5331577669951,,1455.1412521282616,
Robin Brage,1454.266856807579,1479.230105161537,1485.9368950107228,
Markus Eriksson,1355.6451188159374,1488.9051868069273,1451.8442797975815,
Patrik Rosenholm,1460.5177132318813,1548.677572949886,1477.4395719694335,
Jonas Berg,1498.3216989023947,,1496.874235438614,
Thomas Kromann,1334.6439695854838,1464.739553945562,1505.300718517509,
Pablo Figueroa,1414.2676237705523,1487.4829121570422,1510.504891414883,
Daniel Berta,1270.240735439925,1497.020469659371,1444.703465227087,1495.432674494454
Oskar Pallin,1438.4677795402267,,1495.473829987225,
Rasmus Moller,1494.0557534766435,,1495.4466253459248,
Carl Bergman,1403.956223848783,1508.4664096951926,1489.9857393234415,
Mikael Ekman,1499.9299918582503,,1500.0,
Otto Sauer,1485.0,,1485.0,
Robin Fahgen,1507.904127735078,,1510.6920292093776,
Juan Pablo Amado,1235.0567859231578,1474.8940767627319,1450.5245765330917,1494.7441832140933
Eduardo Struvay,1378.1140291790541,1484.5161465234555,1527.11943901776,1481.8509889532766
Yannick Thomet,1431.9127008874361,1484.8415526487452,1486.1052621668134,
Maxime Bonami,1419.5441997413952,1486.8920013070388,1494.962225737181,1497.6545047748155
Frederic Nussbaum,1443.7642984096965,1485.0088994065009,1483.4080579594108,
Patrik Fischer,1485.0,,1485.0,
Mathieu Guenat,1499.9857653354552,,1500.8790931091453,
Willem Hornikx,1501.5955519837387,,1504.7616159460313,
Yann Marti,1535.2913135446634,1564.1264881865222,1551.41122687382,1505.8111803448937
Patrick Schnidrig,1486.0462772107146,,1485.0,
Matteo Trevisan,1461.370362919733,1495.252664047871,1537.007253650048,
Mirza Basic,1488.5915378419177,1508.2370900835742,1527.319268136856,1474.8838386998711
Ryan Haviland,1444.7381090402491,1539.1208093392497,1472.677785880861,1500.4471585404542
Dominic Pagon,1395.06230370314,1478.9687743271684,,1479.921535544274
Rodrigo Antonio Grilli,1420.7214013741077,1483.2194627076979,,1490.3340102836721
Justin Diao Natale,1406.0388276535994,1463.078892985674,1482.0,1486.875
Hiroki Kondo,1392.6960066382012,1529.4575200415009,1499.9234996733728,1499.8728331738407
Harry Cicma,1439.3169765610128,,,1469.5587708607584
Nils Langer,1541.8399853891274,1610.8972236489947,1545.500007786849,1478.4538662013144
Ralph Grambow,1502.9805747900982,,1503.8365295389995,
Boy Westerhof,1402.852033724841,1467.1992084126778,1509.9280877414512,1488.576224466319
U Unknown,1487.63502268704,,1488.3085841029617,
Mark De Jong,1385.3774855734168,,1468.668789125205,
Francisco Franco,1437.7900266797822,,1466.2086205326627,
Ivan Endara,1387.2517242738136,1513.044345307686,1491.6471813723115,
Guillermo Bujniewicz,1416.5376757050797,,1472.9778829439406,
Marcio Torres,1281.1955211273967,1463.56602321115,1466.8272243445574,
Chris Kwon,1488.0,,1488.0,
Luigi Dagord,1410.53995280057,1455.1493675748604,1501.3638197081914,
Sat Galan,1411.7834615660847,1492.7729819263163,1471.5621341288706,
Nima Roshan,1305.3388675247538,1456.845529498476,1490.0223288983216,
Rylan Rizza,1450.820962694977,1481.089016824866,,
Jeffrey Das,1482.687826130357,1484.6238331197646,,
Eric Basica,1481.8297238341052,1482.4426497930906,,
Norman Tam,1475.1745049565527,1479.1472631046859,,
Sahr Timothy Kpulun,1401.191351945901,1482.933764589764,,
Dave Lingman,1448.7217946201692,1469.6319388215782,,
Noah Newman,1477.4971909415317,1478.9811308461863,,
Jason Zimmermann,1483.2774738167877,1485.136904651139,,
Ryan Thacher,1431.0038019983258,1455.3641876829595,,
Jared Drucker,1420.2230111504189,1471.316479348963,,
Kaes Vant Hof,1386.4674438065595,1450.6957480306583,1485.0755718773773,
Christian Hand,1485.0,1485.0,,
Riccardo Ghedin,1413.2543170649265,1476.401665369615,1471.0987389178777,1497.1961185994983
Kirill Lapushkin,1484.0782008003528,1485.0773167186858,,
Roberto Maytin,1295.6880471672127,1443.8459113401877,1472.6213179707863,
Mait Kunnap,1453.2285468810362,1500.5139568735249,1488.9356789554963,1502.1643589471373
Jaak Poldma,1416.2224447765668,1528.4018573909823,,
Artem Smirnov,1434.5419461544755,1459.9741760980673,1536.2030480171761,1488.744200808968
Candy Idoko,1486.0,1486.0,,
Lawal Shehu,1483.9036651755096,1485.6448815210574,,
Lefteris Alexiou,1480.0719938642055,,1482.0866751293095,
Vasek Pospisil,1525.5862536939792,1565.1133637722578,1452.3897186098543,1483.041187972567
Milan Pokrajac,1333.245053337976,1472.9034457184875,,
Kamil Pajkowski,1377.6124276187988,1464.2247764710983,,
Milos Raonic,1957.524394538522,1954.1522451539859,1878.9471418806775,1726.387894471641
Vahid Mirzadeh,1407.5798006530313,1500.6327462959446,1480.0604068698804,
Justin Kronauge,1485.4690120434211,1490.1015001687722,,
Joe Epkey,1502.0797686788367,1503.7309249012494,,
Paul Rose,1485.0,1485.0,,
Jonathan Tragardh,1432.4531901342327,1483.3115907152298,,
Taylor Fogleman,1402.7235800295828,1463.1454211873333,,
Dan Lempa,1477.0929955678705,1481.18943711935,,
Cedric Kauffmann,1487.3609310239945,1489.770510740014,,
Jeremy Blandin,1475.9802258404502,1507.1030637265678,1498.5707836461502,1494.6147750301075
Joshua Milton,1474.326561766565,1544.6737413875164,1494.6181597950037,1498.5746152808206
Miles Kasiri,1485.162150821035,,,1487.3698207150571
Divij Sharan,1094.0098489778388,1454.347280275831,1495.3517796415003,1496.2772462137523
Georgy Kurochkin,1484.602296019128,1486.532138284863,,
Kacper Owsian,1486.9086391427568,,1488.4155340134268,
Julio Peralta,1304.8448561032794,1489.4996496014303,1492.6083221320346,
Giacomo Miccini,1136.9594097555141,1475.3336377464123,1486.8822227843687,
Uladzimir Ignatik,1441.3633486838166,1453.578405845093,1540.4536645397511,1473.0540910912428
Shao Xuan Zeng,1497.5582735732667,1518.472912885274,,
Marko Djokovic,1261.0917753105443,1518.0710338018878,1469.0914109348512,
Tibor Simic,1480.3139810183757,,1481.3976574821154,
David Savic,1347.0394265877533,1463.139402610659,1464.756749108659,
Marin Bradaric,1315.087064779047,1484.8958274651052,1478.9476712054402,
Patrick Schmolzer,1465.9576744379174,,1470.8626202354437,
Kresimir Ritz,1418.5400852698035,1480.8326737391958,1489.9322227272073,
Patrick Gamauf,1484.7291292946913,,1486.1260020964069,
Max Raditschnigg,1348.6257308532477,1493.8661210998994,1465.87809156681,
Treat Conrad Huey,1285.3612900053006,1475.532314340228,1501.8701656073674,1497.7529011907945
Caio Burjaili,1485.0527200767644,1487.6689986086603,,
Gabriel Dias,1307.0424051598407,1489.0315264153314,1456.9612005813253,
Anton Manegin,1259.144120389363,1473.7624762671687,1498.5959731072476,
Jesus San Roman Garcia,1455.3402281760616,1481.4863005714114,,
Daniel Dueren,1486.4102323806367,,1488.5196933972536,
Henri Kontinen,1564.8842752467206,1553.5154270033343,1548.3798095408094,1502.5269719314358
Catalin Buzatu,1488.0458574698132,,1489.1308068891562,
Marcel Ioan Miron,1327.1558061527917,,1457.744500043325,
Henrique Cunha,1363.9232017160953,1464.5290527785064,1486.7574113312057,1520.5616776447614
Ergun Zorlu,1320.656663889575,1486.0507861806539,1489.4852755266184,1473.6491738821705
Arsen Asanov,1413.4265128887407,1496.2304551693842,1491.7251106846609,
Rifat Biktyakov,1351.408077426434,1434.9195958380703,1496.1409915551137,
Xavier Pujo,1459.260597050128,,1482.4231788202042,
Djanibek Orazoliev,1486.1021504100715,,1487.5154574531057,
Pablo Martin Adalia,1344.0053739493305,1485.606767479445,1475.2869280712603,1495.3373960810632
Abraham Gonzalez Jimenez,1428.3395492080163,1488.0511185274777,1493.1337768979781,
Matt Bruch,1492.6386967584774,1487.6222383611032,,
Alessandro Giannessi,1484.2658179883006,1486.9564850356398,1529.9962803547496,1416.456126715829
Nicola Ghedin,1328.6304576517048,1490.402813147847,1474.128954891213,
Walter Treu,1502.3396605749215,,1503.5968558011775,
Devin Mullings,1497.9742459512445,1535.423521392512,1501.9018421061762,
Gael Gaetjens,1485.986698836589,1486.468045134996,,
Cristian Alvarez,1485.5646934887836,1486.9923737240686,,
Kris Nathan,1484.0397930814484,1486.1440669868316,,
Jorge Montoya,1474.480621106085,1487.6660551010295,1488.1988206373283,
Kabelo Maleka,1485.8107431893127,1485.0,,
Roy Kalmanovich,1388.9319413582575,1482.8328484673088,,
Todd Paul,1400.0634820136358,1463.525633012403,,1477.73096770619
Luis Manuel Flores,1492.695246961653,1526.0513244424271,1489.676314583169,
Adrien Bossel,1443.1021755811817,1523.8887536462844,1464.1298458880765,1504.7407193419826
Evgeny Donskoy,1473.120149620085,1531.5408692127567,1505.0250823955087,1441.2708940230227
Roman Valent,1504.0804858485226,1528.9969017409671,1492.5708395436293,
Vladimir Uzhylovsky,1142.8712838697584,1476.7379194521025,1405.2628166807854,
Luigi Gianuzzi,1488.291554755097,,1488.0480599218258,
Bryan Koniecko,1360.6220370804465,1446.4046932042045,,
Stephen Bass,1411.8906104983716,1466.4305892491373,1489.5661487808766,
Victor Stanica,1479.4826952713383,,1484.4930631479567,
Ivan Anikanov,1413.1575596736532,1467.2234136538468,,
Clint Thomson,1434.1461201167028,1488.6390473113563,1495.113620764251,
Enrico Wellenfeld,1490.3962790766016,,1491.96836468332,
Luca Pompeo,1485.8390480647668,,1486.9993587605252,
Jun Chao Xu,1412.996314708453,1483.3368264398887,,
Hao Lu,1436.0997125812307,1465.874417024859,,
Chris Haggard,1493.5166487519655,1495.6116178951313,,
Yan Bai,1528.3550971763723,1567.7181783550177,1504.2553561450347,1499.2540621362255
Gregory Howe,1391.5171956577228,1444.280682172626,,
Peng Gao,1335.734809531371,1479.7348733072558,1482.2445765485384,
Lei Gao,1485.0,1485.0,,
Shuang Qiang Liang,1483.0136994669372,1484.1547654078238,,
Ashley Fisher,1377.8484694183126,1459.95112524067,,
Ming Li,1478.6703038823073,1481.3487730910672,,
Hui Zhang,1476.6938884579204,1479.8083885151802,,
Zhe Li,1495.879456625338,1543.600356738175,1486.337752076477,1492.2915657720134
Wan Gao,1376.4732411242383,1479.401145252424,1481.800971726779,
Mao Xin Gong,1289.3778370295604,1473.2290876164768,1489.5199167462004,
Yu Chang,1290.132226026535,1453.7027070921156,1506.293997240217,
Adrian Gavrila,1477.2137355123677,,1478.8591528185784,
Alexandru Daniel Carpen,1340.25847505865,,1487.7131889539164,
Costin Paval,1369.7085883650914,1496.3467026418857,1477.2759481266703,
Hidekazu Ina,1439.353952428409,,1470.5526622550406,
Viorel Catalin Ciobanu,1479.3445260095757,,1480.6929675885817,
Thomas Cristian Hodel,1479.2534526171419,,1480.4678871041913,
Alexandru Raul Lazar,1446.1466224928436,,1473.8148137128026,
Catalin Ionut Gard,1273.6051124230942,1469.5317984201454,1503.1552779082908,
Laurentiu Erlic,1391.4745719847858,,1455.0314952809097,
Rok Ursic,1491.3722193395065,,1491.665644663932,
Zoran Golubovic,1467.65868920522,,1496.6384655763884,
Janez Semrajc,1413.3274217584665,1496.6975809184496,1475.0796548838198,
Tony Rajaobelina,1489.4258935522541,1489.921716031361,,
Eddy Chala,1451.9247059512193,1491.6221482670048,1500.470366228886,
Cesar Ferrer Victoria,1488.1007093449025,,1488.7248481642168,
Juan Beaus Barquin,1483.3780627335314,,1485.1295752128585,
Conor Pollock,1488.3780010941987,1488.1016218302602,,
Sinisa Markovic,1444.7671510563196,1473.185396355649,,
Stanislav Bykov,1431.0702716705791,1472.8851397010812,1485.0,
Ali Ghareeb,1281.9585940760917,1463.5806860057737,1480.427149289784,
Johnny Arcilla,1361.617497645973,1505.6580764359808,1474.4634782583473,
Andrei Karatchenia,1451.6420344792282,1486.0713390093235,1490.8539674520941,
Kittipong Wachiramanowong,1301.831632640505,1490.9959489308,1499.1532039688398,1460.786921605468
Peerakiat Siriluethaiwattana,1261.0146641417687,1457.0291611652776,,
Octavian Nicodim,1500.8524753550043,,1502.2749835784355,
Bertrand Contzler,1492.5657265269333,1492.366587037137,,
Gregoire Burquier,1453.8458879585476,1501.4053821810132,1502.2364772757364,1495.2909664478898
Purav Raja,1088.9674765995323,1463.6667872987184,1474.6981532669183,1500.6806252442982
Vinod Sridhar,1430.8092844651114,1468.5996890320034,,
Rohan Gajjar,1425.7021237754807,1482.1039325577697,,
Neishit Vakil,1422.77398691753,1474.9531834791705,,
Christopher Marquis,1477.5077167097863,1479.527148906573,,
Yuki Bhambri,1601.9857602205323,1642.2175799788874,1482.0376307900844,1484.5447058272434
Tushar Liberhan,1372.9822700580632,1458.2986073665074,,
Vignesh Peranamallur,1274.0042821310851,1472.7205871725923,,
Akash Gujrati,1484.4639684855438,1484.2081391384163,,
Vijay Kannan,1463.9382133218555,1473.3586230615383,,
Sudanwa Sitaram,1423.5766015176525,1486.3376817475478,,1481.25
Enrico Fioravante,1265.8688581745378,,1458.2742581987488,
Gyorgy Balazs,1372.203807504079,1482.6525729064915,1503.5511247821908,
Vaclav Kucera,1485.952583791358,1487.400036010231,,
Arnau Brugues Davi,1509.2786225701586,1618.7667681861753,1441.3277318201754,1458.6621295360985
Antoine Feret,1442.5684830067257,1467.3750860133323,,
Gael Particelli,1483.1586985079134,1484.1434531206085,,
Herve Karcher,1448.218695186498,1477.3646089280517,,
Jonathan Laubut,1480.7251450379144,1484.2321179764278,,
Whit Livingston,1477.6867082313947,1479.9670462900776,,
Gregory Espinosa,1483.6273051904157,1484.98315805062,,
Julien Mathieu,1368.8829832570543,1491.2033849882794,,
Maxime Authom,1424.9668935286522,1473.6112831483786,1487.2493831115364,1486.7282962426273
Joji Miyao,1485.8984629529139,1484.2050124809514,,
Yaoki Ishii,1464.6323970464593,1469.5031450586996,,
Tatsuma Ito,1392.0108537960032,1505.6723030998241,1449.019742864564,1499.508119545004
Yuichi Ito,1229.3825834483123,1461.9042819913889,1498.9831846701425,1499.5391790866515
Toshiharu Kato,1476.2899598425938,1478.945354500964,,
Milos Sekulic,1396.138480080316,1521.5469614129477,1481.2355144191908,
Victor Kozin,1481.8717199925356,1484.038275554827,,
Philip Davydenko,1343.3764128205398,1507.466394889769,1479.591808967527,
Charles Antoine Brezac,1509.3931486952981,1514.6556108404834,1510.5449401967244,1508.1403751774196
Ludovic Walter,1398.3236812659825,1449.9493471014177,1491.6292329728124,1510.529600655043
Thomas Schoeck,1503.3944600260083,1499.49736410284,,1518.75
Carlos Gomez Herrera,1397.267577917803,1475.3516492596177,1488.0940813119757,1499.201821414812
Guillermo Alcorta Olarra,1440.2828270985272,1485.4653385999554,1469.830611869961,
Edward Allinson,1485.645524717031,1486.6305000194748,,
Marcus Willis,1476.677187429158,1463.5968049263388,,1519.8371762817274
Neil Pauffley,1279.0524944990725,1484.5223247923109,,1444.7437003759449
Ibrahim Fetov,1483.3681980917434,1483.7607750140842,,
Riad Sawas,1482.158462914118,1484.2253658516895,,
Bastian Grundler,1484.1445313826855,1483.3303067029904,,
Mohammed Fetov,1499.2073304063304,1498.1393924651427,,
Slobodan Mavrenski,1485.0,1485.0,,
Fabian Roetschi,1477.1911100403495,1481.25,,
Filip Polasek,1299.1541869873367,1479.7729859789713,1482.9367077468987,
Brian Baker,1593.462012086263,1574.2436646592378,1584.0228933920737,1578.3513382919828
Karol Beck,1509.330578833003,1550.137652429912,1435.641401277153,1520.5074989084342
Walid Jallali,1431.7898313267688,1499.0235176678668,1469.4785709578337,
Slah Mbarek,1455.2181690993912,1491.6,1478.2418655763518,
Jonathan Gonzalia,1431.0690572326735,,1478.1599683938687,
Stanislav Vovk,1230.232515809838,1452.5554641275744,1496.0415173436686,
Henri Laaksonen,1429.842790171352,1583.5797602866785,1507.9279585504555,1413.8330626830666
Meng Hua Lee,1488.0531953493498,1488.7398101503115,,
Hsin Han Lee,1341.5082808946545,1481.1532582835111,1489.0243348044094,
Tzu Yang Lin,1485.6465749145264,1487.352369905372,,
Hsien Yin Peng,1284.5847693798526,1436.0577497103359,1497.3303932920826,
Tsung Hua Yang,1407.5733246012385,1501.1920970960741,1477.6757961369874,1475.8867724037336
Steven Goh,1392.5479318720072,1479.7540984603352,,
Kaden Hensel,1336.279176704284,1473.8329907571192,1493.0595305619515,1475.040079496896
Peter Clarke,1483.545990352081,1484.9828223400718,,
Andrew Thomas,1438.7673392497563,1465.051098494834,,
Myles Blake,1488.0,1488.0,,
John Patrick Smith,1421.2576281555037,1489.1278017048335,1484.884868961628,1504.9266924495003
Robert Cameron,1492.3816441354284,1492.7539077849235,,
Brad Pomeroy,1448.7290592053146,1468.101578192717,,
Juan Pablo Yunis,1476.5858388954687,,1486.991480900147,
Joaquin Jesus Monteferrario,1346.6727461169269,1502.6982476035043,1468.5450384953547,
Jeanpierre Fort,1482.3526329495419,,1485.3438985692148,
Gonzalo Tur,1366.317798532931,,1457.2567716887904,
Renato Chavez,1491.4542247280633,,1492.4413002838223,
Federico Paskvan,1485.3501184302634,,1487.1827523748084,
Enzo Artoni,1489.0479251904305,1490.7897010273114,,
Peter Shults,1501.0119977991662,1502.6983870377355,,
Alejandro Cabrera,1488.0,1488.0,,
Daniel Lustig,1379.5138950957464,1483.9985703581715,1457.3079967276653,
Sho Aida,1404.9158718377807,1467.6981409843122,,
Masato Hatanaka,1489.5134246889136,1489.1612776069712,,
Genki Tomita,1484.0280675634679,1485.8014936668235,,
Fumiaki Kita,1487.3202373550662,1487.3775418126716,,
Prajnesh Gunneswaran,1505.7116627326545,1563.9913764592397,1472.8999933368445,1417.032664835
G D Jones,1505.3272317394024,1520.4305696268539,,
Ranjeet Virali Murugesan,1184.9766023753507,1478.0996432705547,,
Edouard Roger-Vasselin,1691.667224864492,1694.3375049903952,1625.1955305206873,1615.3086267023264
Vishnu Vardhan,1350.745106829656,1481.5253976461554,1483.587111381735,1492.9464803712099
Ajai Selvaraj,1321.310173579066,1462.4226356056104,,
Kamala Kannan,1506.403951564388,1505.9482702338123,,
Karunuday Singh,1233.5877672252618,1454.4827049466992,1490.895947010158,
Tom Krug,1485.6351228736607,1484.5053140314776,,
Khalid Al Nabhani,1382.3948698177971,1441.5531739022852,,
Mohammed Al Nabhani,1332.187025236551,1453.3592179506536,,
Simon Aspelin,1428.4032292019306,1481.8253225099377,,
Ahmed Abdrabuh,1421.818984430338,1473.9707545819986,,
Aleksandr Mityaev,1479.1326821744608,1480.2621296896748,,
Rogier Wassen,1359.6397441015044,1493.2968112896842,1473.1547278501007,1496.4614485400443
Nicolas Ngodrela,1246.6269623802682,1456.2829035576503,,
Yvonick Rivat,1488.0,1488.0,,
Anthony Azcoaga,1483.4460770690262,1483.01226107744,,
Maxime Chazal,1343.4290486502898,1452.0319254637425,1495.6027253780776,
Philippe Poignon,1488.342192246468,1488.6184955167284,,
Kj Hippensteel,1472.176122388195,1511.1335362231325,1486.7257568480961,1466.5704974961548
Aurelien David,1489.534920993467,1490.0449332335647,,
Sam Gould,1482.200893968379,1483.5665407141596,,
Jurek Stasiak,1462.8132451052563,1487.0297016694597,1482.7237734187559,
Bernard Tomic,1592.2554118499968,1610.253103766409,1569.9102140234004,1526.8142352018067
Alejandro Kon,1392.4858264864395,,1435.5951723721248,
Matteo Marrai,1376.6585414580431,1455.7105631933794,1503.4654479039139,
Dennis Lajola,1445.5023750337702,1515.259314209272,1493.5437597706218,
Ricardas Berankis,1544.526821088771,1567.2816956634301,1652.701520573167,1556.842985986908
Di Wu,1553.7208905638493,1590.4809792206286,1518.4276912599944,1438.4885525602424
Victor Morales,1359.2621551565114,,1452.649716788382,
Luis Ignacio Morales,1488.1587710330455,,1489.034656286851,
Guillermo Rivera Aranguiz,1300.3898729967227,1496.5942261062478,1484.3954782263909,
Ricardo Urzua Rivera,1295.8819743477925,,1464.264586309427,
Jerzy Janowicz,1638.8665520239858,1682.670224315344,1591.848187774721,1586.2296103909412
Weerapat Doakmaiklee,1320.0751491333363,1462.4633147412164,1477.7476031537778,
Tomislav Jotovski,1310.0104752370669,1496.7488270947156,1468.7849527403268,
Blazej Koniusz,1353.1657281870291,1485.9914283318553,1467.5341362706174,
Romano Tatuhey,1489.366520976984,1520.5146105338217,,
Jason Engelhardt,1480.245772114049,1482.5,,
Timothy Neilly,1402.8964397725526,1471.6048201847468,1477.3992886557585,
Mauricio Doria Medina,1362.578934151011,1480.4009016503926,1488.1449490601497,
Diego Camacho,1478.4556031663594,,1481.6177033241256,
Jicham Zaatini,1460.2870765045031,1462.8700332321255,,
Rami Osman,1417.374525756774,1488.2133660918096,1482.5,
Martin Sayer,1446.839897882674,1470.3164432566375,1527.0929877940462,
Goran Bosalevski,1480.3564625601075,1481.883934760147,,
Ayrton Wibowo,1413.4995321388446,1457.588205427463,,
Andre Baran,1440.9484303635556,,1477.565505719928,
Clint Bowles,1489.403258152119,1490.1012030609165,,
Chase Buchanan,1439.0745451777248,1532.2941103487535,1485.5470562532564,1453.5938724632945
Ty Trombetta,1312.0062889558917,1473.3648220235661,1493.668863268995,
Filip Krajinovic,1652.9969073998411,1692.8436757367951,1698.055280645652,1528.6127679144563
Damian Hume,1488.0146285512483,1487.3423522612734,,
Raven Klaasen,1375.4960536119875,1413.3873439154534,1500.4044992032289,1560.4461480899727
Ruan Roelofse,1347.8582539066142,1473.9872544083794,1487.4653139376533,1499.152933762435
Frederic Jeanclaude,1444.9326755908855,1492.081026683007,,
Laurent Vigne,1485.7736474536405,1486.7097029978772,,
Florent Scaccianoce,1411.3746909038034,1463.8967132760388,,
Benoit Paire,1492.7350300845353,1552.3016879714162,1602.0179802347545,1513.9419376906276
Alexandre Penaud,1352.8768015239566,1493.7694681611854,1503.785099152639,
Sebastien Lami,1489.4608104099145,1489.3471016827389,,
Arnaud Agniel,1478.304230086687,1480.9868976829025,,
Leandro Migani,1319.5435347846744,1498.1612373926896,1438.7719080413717,
Bijan Hejazi,1485.4372674155602,1486.8287650811992,,
Daniel Chu,1413.364879864666,1470.9688347434167,,
Jose Gerardo Meza,1452.3782722745318,,1483.6060457358758,
Josko Topic,1346.334946369969,1488.028021187102,1514.3565428589307,
Antonio Sancic,1298.9638729504104,1488.8234152828898,1485.1907594925367,
Ante Pavic,1329.0084452565047,1453.0983422011298,1493.3824885048548,1523.2249638023795
Nikola Martinovic,1477.6458612298493,1481.25,,
Deni Zmak,1374.9092991729624,1499.226087053842,1478.3378321476978,
Vilim Visak,1485.0522549000157,1485.6531302335463,,
Mahmoud Nader Al Baloushi,1389.877156207345,1471.8443964111505,,
Troy Gillham,1474.5194762944266,1477.6451952326868,,
Hashim Abdal,1486.16913615525,1486.3567130361178,,
Shane La Porte,1467.868501416617,1477.0915449354368,,
Jonathan Ribaste,1486.6529082826396,1488.1641238311279,,
Aldin Setkic,1403.255787827432,1529.6310667397368,1463.7678297130785,1459.3850520922838
Ryan Harrison,1509.7233468827055,1553.5247984841635,1518.3209938553202,1491.0255052646298
Kirati Siributwong,1394.2316274042232,1476.2629297877986,,
Mahesh Bhupathi,1490.8490290657583,,,1485.457946235402
Nodar Itonishvili,1373.857125661575,1487.9453611539939,1443.6342914953098,
Revaz Osadze,1481.3111420525015,,1482.5,
Sulaiman Al Rawahi,1431.5722421284493,1468.5572380342535,,
Cesar Escobar Serrano,1480.5669275596028,1482.0338479519303,,
Roman Margoulis,1470.2394914676909,1471.5014538981968,,
Philippe Grandjean,1448.7034028256103,1477.4222343265092,1488.653608947796,
Mahmoud Ezz,1412.8561229429592,1487.7120049893115,1480.835960715261,
Ricardo Mena,1518.5016774915803,1519.437005376786,,
Marvin Rolle,1428.7322533756285,1466.199287170259,,
Aditya Hari Sasongko,1269.1282195392866,1467.843879437591,1480.837061009481,
Young Jun Kim,1428.6751423704816,1510.042961010722,,
Yong Kyu Lim,1477.1728691691612,1542.2911912823402,1494.4353125194657,1499.9978064343793
Hyun Joon Kim,1459.5298945840232,1532.0119832536686,1492.032003045642,
Tasuku Iwami,1483.8867640875533,1510.0687308312092,,
Woo Ram Kim,1488.0,1488.0,,
Joao Sousa,1583.2429445502191,1637.7251014774752,1584.3354290840903,1481.277915001415
Matias Saenz,1479.8000505041632,,1480.6318016976152,
Hugo Anao,1502.1969620328862,,1499.6888101448744,
Jose Pedro Silva,1408.4578361376246,,1462.0588934985317,
Carlos Calderon Rodriguez,1407.6050012143978,,1465.0422579227752,
Jose Ricardo Nunes,1286.9506152297436,,1462.2490517032247,
Goncalo Falcao,1037.7007930179007,1497.1529516321955,1448.5222540584305,
Miguel Almeida,1498.598658407734,,1500.6705828883773,
Joao Ferreira,1485.0,,1485.0,
Pedro Clar Rossello,1399.219984011487,1447.6884968791871,1460.6996017735494,1479.0
Vasco Pascoal,1353.3948772073238,,1463.0008674898663,
Martin Trueva,1375.4896091638543,,1474.6115084050198,
Jose Manuel Garcia Rodriguez,1405.0888911167979,,1462.3375144617942,
Francisco Dias,1324.1886635633864,1487.4345654077108,1465.607579612391,
Renato Silveira,1478.7930467885567,,1482.7013320910244,
Alexander Flock,1395.3302714629,1484.029349876302,1441.415803945192,1477.3522948130349
Bogdan Leonte,1488.3343476751727,,1488.0319920009513,
Gaston Arturo Grimolizzi,1392.99984422737,,1462.8105909824317,
Davi Guimaraes,1482.585942058998,,1484.651841684098,
Sydney Jim,1478.6475991016825,,1481.1318146272672,
Patrick Briaud,1475.8938154989564,,1480.380045064224,
Harry Fowler,1377.5150744982382,,1460.8275742005394,
Devin Britton,1356.9617248717118,1475.126770246315,,1511.3162798691214
Guillermo Olaso,1563.9488898900624,1624.7330044242333,1521.303694641432,1492.4478970724535
Juan Lopez Vico,1481.1537325168065,,1482.0038586868438,
Ignacio Carbonell,1480.0687336832664,,1481.3874405597858,
Andoni Vivanco Guzman,1407.988151903144,1495.8203103498367,1478.3572650122724,
Amador Romero Torres,1441.5615775634387,1481.1507117515728,1489.5,
Sergio Perez Perez,1461.1904608808165,,1474.0594024547386,
Vitor Requiao,1447.5599932767645,,1471.8003496986514,
Marcelo Palacios Siegenthale,1444.6565840530343,,1495.865685584609,
Javier Peris,1485.0,,1485.0,
Walter Trusendi,1399.6622371092958,1492.8307758096184,1498.1966041247754,
Steven Diez,1435.1539061528724,1498.597554249341,1506.7940350040358,1462.4374055996
Gerard Granollers,1364.4042886821724,1481.84146921781,1475.1752943124516,1497.565358426073
Grigor Dimitrov,2093.8677504393086,2086.501246239891,1938.2564156486578,1690.215091210681
Carlos Poch Gradin,1370.400200798657,1452.992590516661,1511.6365923828268,1489.8215948160553
Antonio Martin Velez,1478.276866791082,1490.2021351788815,1488.6049396511119,
Stefan Perez Senent,1481.4168837208651,1484.3154102733088,,
Navid Johannigmann,1475.8132698860172,,1479.3616552317735,
Tobias Simon,1442.3816988757035,1514.2753424408836,1479.2488696477724,1510.6683517430308
Stefan Seifert,1344.4028337424427,1501.7234941817876,1483.9443846265556,1465.2709876113238
Christian Magg,1384.1292794139301,1484.5883469357939,1474.4818908419163,
Sascha Kloer,1467.5092950058126,,1493.5146496180462,1502.5925443905658
Roman Jebavy,1226.3580859042272,1474.111547768162,1481.8784808651608,1493.56875
Marko Danis,1247.0491176614337,,1462.1672563757274,
Martin Prikryl,1307.1908272317971,,1447.0520706672394,
Jonathan Dasnieres De Veigy,1451.3757719226746,1462.8315691270695,1560.2093603799017,1493.4592110570543
Talal Ouahabi,1350.541457427529,,1414.1088051618565,
Marin Draganja,1279.8592757779336,1475.734623365502,1478.450120927997,
Javier Padilla,1451.2138942984059,1486.168646110543,1490.5396913441614,
Juan Manuel Melian Puigventos,1492.9898751501862,,1493.5075735761113,
Ruben Bemelmans,1461.6227025904225,1525.1647617792314,1505.4694414282994,1555.0469112103187
Jaan Frederik Brunken,1385.2513577640054,1498.3596909664318,1465.7178086024169,1502.202446360367
Soren Wedege,1437.3535610450472,1490.2143124852,1511.2632423204097,
Rodolphe Gilbert,1476.2873893782082,1502.773473798406,1489.0254743547468,
Lucas Arnold Ker,1454.9977212853912,,1482.2659478524758,
Ivan Bjelica,1337.1271024655093,1515.948806244141,1491.2609663095498,
Rohan Gide,1447.2428669726917,1469.1324583325586,,
Silvio Dadic,1455.5567465279703,1485.5328995277353,1491.5669720647466,
Vedran Siljegovic,1430.8689237022922,,1468.5681706929665,
Saad Benkirane,1509.5855620807095,,1507.607201555195,
Chemseddine Belal,1485.0,,1485.0,
Badr Bouabdellah,1475.5459003714577,,1480.6556949731862,
Reda Karakhi,1293.071829456921,,1448.1693164122019,
Ahmed Moumni,1478.9495020777076,,1480.6984299831909,
Mariano Hood,1499.5915475760587,,1504.0231103175227,
Andres Schneiter,1499.747048013394,,1500.552928344012,
Omar Erramy,1413.055936267948,,1466.7783873464211,
Omar Aboushalam,1478.1366801921029,,1480.7028310407625,
Jurgen Gundera,1498.5472051481213,,1502.9174714236021,
Daniel Melo,1483.7477576833624,,1484.7546153942299,
Marc Rath,1305.0115453069088,1482.3933509309143,1441.9478446793232,
Shogafur Shofayziev,1480.0640022214698,1482.8493575193065,,
Mathieu Rodrigues,1438.3270189274203,1492.8356711967294,1495.7737415871816,1489.022927427558
Guillaume Rufin,1603.636638920214,1607.8942944856565,1625.6699962367272,1554.76516076015
Stephane Piro,1485.624906643004,,1486.9482448723459,
Haydn Lewis,1142.6702588348476,1481.335495859883,1489.2836096850374,1499.6183111393239
Haluk Akkoyun,1319.5475645644067,1437.0284704530015,1494.5629596273332,
Tuna Altuna,1243.767563534381,1474.16826828359,1483.1537483618931,1497.6015590815837
Jeremy Jahn,1429.943806870584,1472.3176521009545,1505.4079185207092,1497.4447918116523
Josip Brkic,1484.8240054510309,,,1484.701989331486
Andrea Stucchi,1486.7902744202195,,1487.8922362710307,
Simeon Ivanov,1485.8673926238516,,1486.2004365033472,
Tihomir Grozdanov,1384.9242858981777,1500.850195762667,1503.8501978694696,
Mateusz Kowalczyk,1184.6134815321875,1483.9353068170901,1475.0298250713631,
Wojciech Starakiewicz,1479.624524740323,,1482.0873428077573,
Andriej Kapas,1396.4643501911262,1496.982644237851,1484.9879182969796,
Slawomir Szeremeta,1483.778329528713,,1484.6227840653341,
Michal Wlodarczyk,1495.3154871833951,,1496.4523677846012,
Filip Rams,1485.0,,1485.0,
Dawid Celt,1419.4694125666572,,1474.8186800299038,
Dariusz Lipka,1478.3280058545174,,1480.9566513857858,
Piotr Cialkowski,1476.8179635789415,,1480.8904599999464,
Andrea Agazzi,1370.6096021241228,1490.6827617734925,,1470.9033420560431
Robert Lindstedt,1365.748997559657,1490.4776736739934,,1496.203794977807
Sebastian Prieto,1435.3525361622478,,1477.2741804836646,1487.3202247812444
Kevin Lietar,1485.0,,,1485.0
Tobias Klein,1409.1111679123367,1486.8171186368845,,1467.6518536620927
Cedrik Marcel Stebe,1583.652141787882,1633.979945204367,1631.3197772254255,1453.0724489643706
George Morgan,1344.1971765841636,,,1436.255456917781
Federico Gaio,1527.8696971237218,1517.6497194108597,1617.4159269632103,1481.4031719941206
Edward Seator,1477.6152855387686,,,1479.0
David Canudas Fernandez,1418.3643630107133,1473.29626170135,,
Juan Jose Leal Gomez,1392.4518283741322,1467.651538865062,,
Dennis Nevolo,1483.5641509242605,1545.3677396968267,1497.5795696859323,
Evan King,1233.5969337202885,1460.779657496051,1456.717917682489,1481.024418005621
Patrik Brydolf,1339.179052964281,1494.7642163412033,1470.0026450560708,
David Nord,1422.3524535004137,,1480.5437581079657,
Arvid Puranen,1486.486076627633,,1484.9751355194012,
Henrik Soderberg,1485.6935456973172,,1485.2107813733583,
Robert Lindberg,1479.1398788436013,,1480.683520651037,
Naim Azhar,1488.6462552063122,,1489.0557272118544,
Brian Battistone,1285.0474190311738,1469.818776867471,,1496.8486874999999
Justin Oneal,1521.5555351298756,1534.9226033557045,,1486.9080695319792
Idan Rosenberg,1482.335748264753,1485.7321508261605,,
Almog Mashiach,1459.0061041842062,1485.0838096762652,,
Sergey Betov,1428.9297240850958,1552.6715397525718,1471.0704222990614,
Idan Mark,1484.7743173843855,1487.1174620909037,,
Saar Steele,1427.12399782643,1479.0956764198882,,
Matteo Viola,1433.5960908029795,1533.1442539546463,1444.1863218415956,1476.7529698312098
Daniel Krajnovic,1485.4685119679427,,1484.153065718286,
Geert Jan Van Dijken,1478.428715054869,,1480.8534029016428,
Tomasz Bednarek,1121.642019868557,1463.9421893275014,1408.6467612001884,
Brian Brogan,1316.6479767922588,1458.9647534665992,,
Zachary Gilbert,1485.3446532295206,1485.9889104457966,,
Armin Hirner,1485.3632368103272,,1484.1933899776577,
Jonathan Kinsella,1488.5254819272234,,,1487.2265625220064
Chris Klingemann,1442.909015414653,1506.6548907407653,1488.9174275107528,
Giulio Di Meo,1355.902569094768,,1482.2057542663365,
Claudio Grassi,1311.3704219371125,1468.518825115717,1483.8041363104394,
Marko Boskovic,1483.7126769985928,,1483.3224552882375,
Pavel Katliarov,1487.8768188275847,1487.6899966355209,,
Konstantinos Mikos,1458.3051597339595,,1463.5058881091047,
Charalampos Kapogiannis,1347.7267835240104,1494.4425333659128,1467.6090153365942,
Anis Ghorbel,1404.0055102375895,1466.6440015631965,1487.8325004235867,
Colin Obrien,1482.3051035787448,1524.5727041394703,1510.0534356268845,1501.2516076724016
Ouassel Hared,1452.6455577281583,,1471.4939247518178,
Clement Morel,1461.4263694219712,,1488.1114014320483,
George Kallis,1493.7347589856772,,1494.045254014073,
Eleftherios Christou,1420.009447205921,,1471.7102187642583,
Marco Gualdi,1475.2057298929972,1480.1494527614002,,
Rhyne Williams,1516.9681534316178,1567.903177355575,1502.787146633292,1500.905806092335
Danila Arsenov,1382.9622704249637,1457.0588230193919,,
Nikolai Parkhomenko,1474.48589329125,1488.0,1487.1673965424893,
Ivan Seliverov,1487.680330187807,1491.2351705116907,,
Ilya Belyaev,1475.6759600431465,1545.2746300246833,1436.1540976542158,
Vitaliy Kachanovskiy,1364.9737741586887,1467.395594551665,,
Leandro Ribeiro,1486.5280454802917,1485.9025539138179,,
Andrej Martin,1512.9389589763778,1478.3659722889602,1575.0181241416403,1430.0806120687328
Gerald Melzer,1545.2842567983082,1515.1346726567624,1594.613401776821,1494.4625687043945
Bertram Steinberger,1488.2773519275406,,1489.4797691598578,
Andrey Kuznetsov,1527.7384640321966,1551.1423734863065,1602.364449217228,1517.8797027041583
Travis Helgeson,1472.037372733951,1476.414782315857,,
Rafael Camilo,1253.9848692640535,1472.9716969611266,1468.8917102653338,
Alexander Chen,1482.3353836283898,,1484.633871110128,
Roman Piftor,1477.9346262450144,1489.9410705967373,1487.5437907170724,
Tyler Hochwalt,1282.4105859394863,1442.7338482383286,,
Adam El Mihdawy,1254.7765161921648,1468.8701439467154,1487.7535760149717,
Jean Yves Aubone,1336.9124338041634,1485.8519112565798,1490.8973624294104,
Jaime Vazquez Catoira,1491.002231029524,,1489.5393871113909,
Alexander Ward,1507.4771624005705,1532.6634462240172,1500.9824888980677,1474.8816414243593
Patrick Frandji,1491.5584085283242,1488.9303970736482,,
Arthur Beavis,1483.3916325660546,1485.3816177098795,,
William Boe Wiegaard,1267.4273744557038,1474.822928996602,1455.631806487775,
Anthony Assal,1479.6578575615376,1480.8561808395355,,
Vladimir Karusevich,1472.8483708618546,1485.7278332859528,1491.9378124600441,
Sergey Shipilov,1293.1986960118948,1464.2699902113386,1489.4313329996912,
Antonio Comporto,1382.0256984945838,,1473.2448473351005,
Luca Leonardi,1487.6614889740567,,1487.6764426973489,
Inigo Cervantes Huegun,1361.9492055303733,1491.4846036662796,1489.5500360932317,1495.4241981588295
Jean Noel Insausti,1417.7058875222815,1459.204047325309,1494.3970662420693,
Thomas Cazes Carrere,1363.626676954994,,1417.047706136095,
Sergio Gutierrez Ferrol,1476.6961543225002,1450.3185798712489,1599.4172273893814,1442.5758785046999
Rynat Khusainov,1492.9126179320415,,1490.4708552882219,
Martin Sinner,1458.3728545582292,,1484.872187714071,
Marco Bella,1488.8698953979542,,1489.5281340876402,
Pietro Fanucci,1458.3088562654955,,1510.0272956521894,
Austin Krajicek,1493.9590746961921,1526.2889005809268,1540.69288897058,1476.1187499110404
Romano Frantzen,1387.9446317779834,,1471.7132294417027,1476.6415842304484
Tim Van Terheijden,1401.6089161798293,,1490.2128222914366,
James Mcgee,1549.1416553983827,1609.2298404997282,1579.4454551971303,1493.2054448725792
Bas Van Der Valk,1485.9372818918293,,1488.2415087867416,
Andrei Mlendea,1368.7192464076545,,1479.5059428961345,
Vladyslav Klymenko,1485.704349019076,1483.4217770718064,1500.839500241195,
Andrei Plotniy,1453.17733942802,1469.3166028201617,1483.3519301144358,
Nicolo Marchioretto,1488.0674410443835,,1490.3466735544084,
Robert Varga,1491.148016468469,,1492.6296261634723,
Valentin Mihai,1506.2579344427113,,1511.0093995965092,
Ion Moldovan,1480.3362868691902,,1483.9399768185351,
Bogdan Andrii,1410.2671313160913,,1464.8278400463976,
Ilie Aurelian Giurgiu,1451.6350532914066,,1472.4967855009734,
Ruslan Miroshnichenko,1488.0869683789447,1489.0228273362984,,
Blaz Rola,1531.6216950296998,1544.5748712824177,1574.3578601770646,1493.822634539422
Tomislav Ternar,1285.6556792350823,1470.4639779002252,1485.1424535617816,
Luis David Martinez,1194.2238702542738,1480.5318354836174,1448.3905130765254,
Javier Valenzuela Gonzalez,1429.2564781160995,,1479.091940130372,
Aleksandr Nedovyesov,1431.557222742258,1522.6721581090217,1483.1637455429425,1491.671849635159
Sven Lalic,1414.5757615930268,,1474.5051723601798,
Marko Stanic,1442.2339297041476,,1473.5841939949246,
Borut Puc,1399.2735631101302,1482.1360259352425,1507.5766971062458,
Rafal Gozdur,1417.487400931009,,1476.9623552272033,
Dominick Mueller,1491.4739068414308,1492.139719447916,,
Pongsiri Niroj,1378.634175483536,1466.0275008231813,,
Ya Nan Ma,1301.2836081846274,1426.0014521079459,,1490.6016215974032
Ye Dunbar,1475.717064984153,1479.134035040146,,
Sa Chen,1482.389930129687,1483.5175696791614,,
Juan Sebastian Gomez,1356.5446143850056,1481.4274963306746,1498.4027143686776,
Pierre Metenier,1500.6447909515116,1508.5063167245219,,
Kevin Botti,1423.1211995900699,1476.2820984772713,,
Ismar Gorcic,1409.526873014162,1501.6515265650232,1490.268213561288,
Adrian Sikora,1413.978124128348,1499.3469091515478,1479.3005839669618,
Igor Wachter,1488.0,,1488.0,
Michael Linzer,1496.8582559439474,1480.544153312191,1546.9232946106692,
Michal Macko,1493.883921125455,,1496.4355397217344,
Tomas Bohunicky,1488.0,,1488.0,
Maros Horny,1480.7392264925209,,1483.755146023426,
Andrzej Grusiecki,1499.5985683496629,,1500.1028416579018,
Miloslav Dolezal,1488.0,,1488.0,
Jan Blecha,1395.0171918376418,,1456.024149980428,
Filip Vittek,1488.0,,1488.0,
Jakub Lustyk,1385.1850857044194,,1492.715264732797,
Richard Waite,1379.5082490149632,1482.4632425257103,1493.9948278917516,1484.6674490405971
Krisztian Krocsko,1487.6498435471933,,1488.633342259838,
Marc Auradou,1445.9314742620606,,1497.3725752327848,
Victor Maynard,1492.0312494864118,,1490.9711407575237,
Holger Fischer,1401.8681630860929,1467.2116994540997,1513.7379809551153,
Pierre Hugues Herbert,1641.6062285776322,1678.14473901596,1605.6946192713888,1567.6972585462713
Germain Gigounon,1433.7995656910175,1465.1974472124134,1530.8159493638311,1489.492006712121
David Goffin,1929.13903847876,1903.3663233002474,1787.371637390724,1680.4689701100851
Yannick Mertens,1315.935978882089,1451.2603459669656,1472.3350608557996,1498.2931709777017
Junn Mitsuhashi,1307.8481480080925,1446.2408294270328,1483.6038982524435,
Hiroki Moriya,1525.830117363928,1581.9881282835959,1432.9991923458956,1498.1100306971634
Kento Takeuchi,1334.5141862371795,1487.451156228746,1480.500706934754,
Jose Benitez,1416.7006335256208,1517.5,1488.3288191769886,
Cristhian Ignacio Benedetti,1366.0515753919208,1468.1675494362369,1487.1259781335777,
Juan Enrique Crosa,1434.0973850713274,1482.5,1501.4165366946797,
Rodrigo Schaefer,1486.6051463407148,,1487.728142439006,
Yuri Radomsky,1483.0364941438706,,1484.1722041167259,
Ilia Starkov,1406.244766076673,1451.6978291974126,,
Alexei Filenkov,1487.6629582053379,1485.0742160111554,,
Simon Cauvard,1324.577821634066,1465.1865248828967,,
Nima Madami,1487.9000168031507,1486.5543746537521,,
Tobias Blomgren,1252.1958302830592,1463.4300082823238,1495.688608544886,
Nikolaus Moser,1307.6814541402255,1447.714338404106,1490.2817111105226,
Christoffer Konigsfeldt,1369.699994769016,1472.1781681860055,,
Soong Jae Cho,1406.5362372965837,1490.766761878098,,
Dzmitry Zhyrmont,1360.5882692804778,1448.8842303740764,1482.749334561422,1501.734632970199
Igor Rud,1411.8030654749753,1467.5760931027082,,
Mikhail Balmashev,1356.2732913808468,1491.346573989651,1467.1866514051123,
Dylan Seong Kwan Kim,1483.7117398304588,1484.8414870651088,,
Eric Quigley,1490.314820346983,1535.7073613978002,1487.3328894293431,1495.827715136653
Nikoloz Basilashvili,1652.8811864014592,1647.2094843948878,1685.068726892377,1563.0076427943152
Dmitry Resnyanskiy,1491.5318641716954,1492.038771346909,,
Danjil Braun,1387.2310755267833,1469.0856220407381,,
Emilio Gomez,1456.9247002881386,1559.6648528681187,1480.057677373371,1449.799449206671
Bryant Salcedo,1495.0405668679768,1494.9067018532041,,
Juan Carlos Spir,1349.7303174191738,1463.127440999965,1458.8630299566512,
Bumpei Sato,1306.8082193208513,1461.3474759662593,,
Koki Matsunaga,1386.631021578011,1468.0025565155556,,
Brett Ross,1492.743831501872,,1484.949070649023,
Duilio Beretta,1331.408189107831,1495.0791174805506,1505.75123995098,
Juan Pedro Torres,1482.9434909910474,,1484.9430785127843,
Alvaro Raposo De Oliveira,1470.364841610823,,1510.8531499669168,
Daniel Sotomarino,1487.5718768696404,,1489.3148524911608,
Cristobal Saavedra Corvalan,1223.38826149826,1498.080292739883,1441.7983243289107,
Rodrigo Sanchez,1234.162390476604,,1476.6552092108639,
Mark Verryth,1329.9099760716654,1479.935754822696,1485.6206483731028,1501.4084127576514
Abhijeet Tiwari,1420.793972538265,1476.1197490872075,,
Vikram Reddy B,1477.959594737916,1479.9682011222958,,
Sanam Singh,1455.9463535982286,1510.513105179192,1502.1695632550234,
N Vijay Sundar Prashanth,1217.620855937809,1472.0928067822956,1474.9100037317958,1495.4803561532228
Ronak Manuja,1477.2046530915861,1480.3248084974791,,
Naveen Sai,1484.2772645805292,1485.3755643392467,,
Jaber Nouh,1477.300842971402,1479.719017439419,,
Amer Mezri,1478.7545329618904,1480.740540302044,,
Moussa Shanan,1481.7573868235654,1481.6513026592006,,
Marcus Daniell,1398.051030488887,1501.9919698942454,1478.261839578791,1491.8605812855453
Finn Tearney,1297.3846306531245,1490.9498976306834,,
Alejo Apud,1459.9094130157073,1476.509875978239,,
Brendan Mckenzie,1467.9188071117328,1461.7876935638947,,
Dane Propoggia,1362.3332837169178,1497.96601478594,1497.5724140707928,
John Millman,1688.226751599728,1686.9830029849154,1640.3338346853461,1546.1645958716958
Matt Reid,1405.873933090799,1484.3978232837767,1471.6567364567827,1514.9371121010843
Adam Hubble,1436.6977514615185,1489.6740324884204,,
Alexander Domijan,1299.992081396757,1460.4618484906205,,
Grant Ive,1489.3649795598442,1489.9064421060202,,
Nicolaas Scholtz,1308.4398552888856,1447.8397041502233,1501.3535766017008,
Benjamin Janse Van Rensburg,1455.14758093116,1481.3457789102667,,
Eric Butorac,1302.2686987161976,1485.3901495832438,1496.0496692695465,1497.6662300119397
Hendrik Coertzen,1429.5420903564693,1463.9336610162336,,
Jean Andersen,1370.6094105520976,1482.8490659946494,1502.72545564264,
Mbonisi Ndimande,1417.740979545334,1494.6281451172365,1486.578806298968,
Emiliano Garcia Blanksman,1478.6269715558124,,1480.2983473392196,
Francisco Olivares,1505.1791575245954,,1505.3526570485017,
Victor Nunez,1122.8059614728575,1485.555324338941,1448.9340250303744,
David Veliz Lepe,1484.305933447491,,1485.6045265042612,
Angel Torres,1500.5393760451884,,1502.500502257602,
Ignacio Lehyt,1485.0,,1485.0,
Kristijan Mesaros,1346.7116524672708,1459.7659315946983,1491.8883669483598,1491.497347670286
Pedro Feitosa,1486.1248837722521,,1490.0123882364405,
Thomas Jun Facchini Takemoto,1444.2049133793153,,1475.66747615888,
Justin Eleveld,1437.7068272520385,1495.845510257084,1465.0038284101554,1501.356738749405
John Lamble,1390.8829029074682,1452.8793962197376,1501.1792718359045,
Marco Trungelliti,1649.4256187452572,1639.3524740210644,1714.5354296052164,1447.6400610342898
Andrea Collarini,1616.991331801034,1418.6186822075813,1669.296307523926,1443.0834949699824
Romain Hardy,1454.44293609139,1479.1111803714057,,
Jorge Vazquez Catoira,1492.0370811181963,1491.9229243895406,,
Blake Strode,1428.0282150222386,1442.2586928075373,1523.3529402852907,
Nicolas Guillaume,1490.418474307212,1490.7424566090044,,
Matt Bocko,1426.642007186837,1475.164228864471,,
Adrians Zguns,1473.9435533360668,1504.8979797312904,1476.5542501258526,
Yassine Idmbarek,1277.683508651537,1499.0531814171816,1443.7527682784207,
Joel Lindner,1451.9573597105798,1495.9755577263127,,
Dayne Kelly,1468.4995493365118,1549.490624365293,1503.4172337267305,1501.2689742625723
Dario Acosta,1254.7513979697017,,1459.823559862021,
Philippos Tsangaridis,1393.7939885502317,1453.3333427868472,1495.0413317878167,
Christopher Diaz Figueroa,1387.04220447568,1528.9782882880306,1491.6391209123767,
Julen Uriguen,1448.1855992165017,1521.6817510194487,1480.3396152733492,
Christian Saravia,1479.1137131834328,,1482.8315762380787,
Francis Casey Alcantara,1271.3071966103214,1465.2144373199526,1509.1988746068432,
Sunu Wahyu Trijati,1304.9304970640655,1500.7636933900665,1489.0218376603086,
Muhammad Khaliq Siddiq,1478.3404060046776,1481.5999164785596,,
Gvidas Sabeckis,1462.3294526557645,1487.2557670348788,1490.6324348659673,
Dovydas Sakinis,1370.967835117584,1512.483928776038,1466.6334792176715,
Damar Johnson,1457.6501392883076,,1488.604257738936,1480.5036201592054
Christopher Lawson,1417.473688225844,1457.9435036306472,1487.2081371016761,
Brandon Burke,1425.2320303804092,,1489.054381812581,1484.2359129763915
Nemanja Kontic,1480.386551133876,,1482.8454867804603,
Adam Jaya,1447.6419042635791,1465.5057018108205,,
Diego Galeano,1414.9115941139505,1501.292778735065,1509.0098114182715,
Colt Gaston,1486.2238023991274,1486.1298803375616,,
Peerakit Siributwong,1480.9904592049725,1499.113845226364,,
Federico Delbonis,1601.3641920729813,1543.7160114616793,1661.4257421039365,1369.7315335597343
Dimitris Kleftakos,1490.750549677999,,1490.3333692588055,
Alexandros Georgoudas,1479.8433206088653,1494.3502683540923,1486.899520663729,
Jarmere Jenkins,1417.5975053322636,1512.0139041021769,1467.8183699960582,1474.9864751064476
Rafael Mazon Hernandez,1401.016660077227,,1472.9222773013366,
El Mehdi Wasfy,1485.0,,1485.0,
Ali El Alaoui,1443.3211323531746,,1471.316479348963,
Daniel Whitehead,1478.18750949299,,1480.1073072656782,
Geoff Gehrke,1451.0400894337697,1484.9613945887093,1485.8607849248856,
Brett Joelson,1501.598555966963,,1499.0771954641036,
Ben Chen,1485.0,,1485.0,
Sebastian Lopez,1319.640452925919,1477.3910095676424,1480.3809338131994,
Juan Guillermo Florez,1485.0818507915214,,1486.6096203107209,
Andres Herrera,1484.1975044262506,,1486.7483681718102,
Felipe Mantilla,1359.5649176436007,1490.9610440430429,1487.6759334474968,
Theodoros Angelinos,1381.8102461517353,1451.1395910871995,1466.8447731808667,1482.8067305834998
Javier Marti,1391.7981686842709,1500.0772126436582,1523.6875571653718,1500.2567485410875
Rodrigo Carvalho,1506.90984270814,,1507.1787784363662,
Joao Maio,1485.0,,1485.0,
Joao Silverio,1477.8517053193518,,1480.8014274171285,
Vasco Mensurado,1322.5514568115073,,1460.011923336213,
Andre Caiado,1479.2957949982103,,1480.691307202555,
Goncalo Pereira,1298.0146106168502,1493.2355111744564,1471.163333981986,
Tristan Samuel Weissborn,1171.0709314181847,1452.5178818278694,1479.2200065384225,
Dominik Schulz,1380.080726939235,,1475.3435090604669,
Philippe Schneider,1482.0955830460412,,1484.8393976823886,
Arsenije Zlatanovic,1251.9877335108058,1485.0004301369654,1458.7437345011697,
Dusan Lajovic,1772.6161337263463,1682.638618193436,1845.389028739105,1408.487249362652
Vladimir Pavicevic,1485.0,,1485.0,
Sergio Galdos,1157.483261180732,1485.1176260509092,1470.9100482084816,
Fabricio Neis,1316.760408146975,1503.3770368478583,1460.678354950406,
Eladio Ribeiro Neto,1414.175973571827,1475.3834008012436,1509.7409262187516,
Andre Begemann,1414.4843240808018,1572.487846476681,1495.709248969066,1494.4722520327132
Bruno Bolkmann,1372.9170921210498,,1465.8381185173994,
Yong Bum Seo,1490.7849856004652,1491.4288211989851,,
Suk Young Jeong,1496.736913545753,1541.2838748337108,1496.4234541743494,
Sami Beceren,1490.1444297161177,1490.6424803068917,,
Baris Erguden,1227.1215907505234,1420.3340064797771,1481.2937803837235,
Laurynas Grigelis,1412.9779387767605,1518.543681940631,1503.4360560153305,1478.8237729652049
Mauro Bosio,1488.2678307817232,1487.8852441278668,,
Jacopo Marchegiani,1448.127286129672,,1475.496214440003,
Julien Obry,1345.5834656060697,1446.0023408812544,1478.6797898787831,
Axel Michon,1453.6184631701988,1515.5162892851486,1512.1558936976483,1482.8453527185902
Nicholas John Andrews,1489.4169565380596,1490.1990639866242,,
Jan Lennard Struff,1962.1475613367745,1805.7904704884693,1962.984063571791,1614.257340015672
Tomislav Brkic,1407.86025732163,1434.5291796115953,1514.6033070678563,1508.2867800772146
Marko Lenz,1426.6074490982805,1490.1882651140268,,1489.5
Liam Broady,1545.7667611355546,1584.7900572984563,1554.0756264418776,1489.9262820571355
David Thomson,1485.0,,,1485.0
Oliver Golding,1352.948904081542,1482.6666522998203,1456.0400945960787,1458.3853372687606
Jack Carpenter,1409.7350604186456,,,1445.5551251108423
Ahmed El Menshawy,1483.0461792125834,,,1483.1054802107774
Jarryd Bant,1419.3917637889253,,,1466.3394526437082
Holger Zuehlsdorff Pavlovic,1492.7473296721025,,,1498.1223238448677
Philippe Brand,1485.0,,,1485.0
Julien Cassaigne,1500.706148079575,,,1499.0590079792034
Juan Francisco Spina,1460.9812675578025,1480.52403096341,,1485.0
Andrei Savulescu,1431.7551720815195,,1501.0995500824718,
Adrian Marin Dancescu,1365.6583909379724,,1449.8761490664435,
Marcel Ruzic,1361.968612016903,,1451.6073709934342,
Christian Schultz,1417.861951012843,,,1469.7413365692378
Jamie Gresh,1478.7443593776625,,,1485.2104541437996
Stefano Travaglia,1573.6261432048523,1633.4297224942532,1641.7752277924533,1470.332608210823
Stephan Fransen,1247.9347130839794,1497.679649261066,1465.5122762937683,1488.1194809903513
Andrei Vasilevski,1308.2869204395813,1477.7381089484386,1481.8231208831764,
Ze Zhang,1562.912854632185,1623.0770344372634,1509.4661512008672,1461.6983519900318
Bruno Agostinelli,1479.343008098686,1477.5702918963646,1504.3094227304277,
Tyler Chin,1477.3979675890844,1482.6385521903735,,
Valentin Rahmine,1477.8817087709062,,1481.5419089733714,
Sid Ali Akkal,1484.72664917181,,1484.284780254552,
Omar Hedayet,1482.9054654555016,,1495.6912828262969,
Alexander Tavkhelidze,1486.0,,1486.0,
Cheuk Wai Hui,1477.3711263671025,1492.111767453915,,
Brian Hung,1514.8211083996152,1516.7609299556177,,
Radu Albot,1761.249100758109,1750.1234513087159,1697.357960152655,1608.9142848096458
Hassan Al Mousa,1479.3121732534769,1482.6865160965706,,
Valentin Dimov,1437.023791456188,,1467.9280574507943,
Demetrios Leontis,1482.6074808577657,1482.5,,
Nicolas Salama,1474.3047333923403,,1502.7746790392998,
Amaury Gomez,1480.6356391557383,,1481.9392419628039,
Christian Lindell,1386.8470515119882,1485.1545497465802,1479.114493682288,1498.2730348179216
Anders Lindstrom,1428.3670142203591,,1464.0074590050447,
Jonas Pontus Norberg,1484.220220652311,,1483.7875400528994,
Jeffrey Mira Svensson,1452.4526749634497,1477.897221207798,1487.9011546752968,
Jesper Brunstrom,1421.8602954521652,,1477.6385567576128,
Ricardo Corrente,1458.874837756344,,1472.2004966789045,
Ashley Hewitt,1441.8705617107728,1508.4023695917356,,1491.6
Christian Mohs,1422.9766384525217,,1478.1457155538449,
Kevin Krawietz,1436.7144558778534,1503.2887116811498,1542.2145167079773,1506.5502094482354
Pedro Ast,1487.3940711813812,1487.9354859357659,,
Michael Rubin,1503.980072381881,1499.9224100759172,,
Ruben Gonzales,1383.5477133829136,1495.5086099051587,1492.4535089995125,
Javier Herrera Eguiluz,1478.1159609420015,1479.812877879266,,
Joe Bates,1487.0728710356993,1487.9777105408884,,
Matthew Allare,1502.899812687595,1504.923417694427,,
Ashwin Kumar,1485.0,1485.0,,
Jeff Tarango,1503.536540536251,1507.0622960548135,,
Jordan Cox,1390.3995121858088,1441.7159374325859,1501.2650130087063,1495.7701323219965
Denis Kudla,1600.2157155956968,1650.9859196561756,1565.1506828010206,1589.5470603071567
Tennys Sandgren,1637.17786802958,1652.9697655798768,1625.8138745835722,1566.1584987771432
Mikhail Fufygin,1292.310880311198,1446.1765939257587,1500.4849059605747,
Aleksander Vasin,1458.3843202805056,1469.8260398350453,,
Vladislav Dubinsky,1412.387655651309,1478.0854506135518,1489.701860025749,
Mikhail Biryukov,1386.3766839435568,1480.3214591340377,,
Yann Dupuy,1477.5371226091827,,1480.541774724146,
Israel Sevilla,1473.6391640555973,,1480.4613440185656,
Leonardo Kirche,1396.9576263884887,1479.733097374186,1476.3327592914645,1485.3
Gregg Hill,1491.4659099147498,1487.9433125080802,,
Robert Khoury,1503.809553847301,1503.346947628135,,
Jia Ping Xia,1485.0,1485.0,,
James Ludlow,1440.842152785626,1488.1215145809706,,
Steve Johnson,1649.0519154143785,1676.2509169540688,1667.3376948774421,1578.169394537351
Jt Sundling,1485.0,1485.0,,
Richard Johnson,1488.836011802395,1490.114456462362,,
Thomas Liversage,1501.0969932531814,1503.1757838070087,,
Austin Karosi,1378.3628295385286,1479.0707142896397,,
Vitali Reshetnikov,1357.5492921267987,1414.2878737915462,1501.3603724435723,
Micke Kontinen,1391.9435677847914,1500.3319366876653,1485.5247711031866,
Ilija Vucic,1389.1734910160299,1498.4027881734362,1476.9864872296976,
Nikola Cacic,1348.6646911120663,1507.4925333901451,1433.7066826876978,
Albert Loncaric,1479.262590702133,,1480.381440883724,
Miljan Zekic,1486.8281156202595,1481.2223917791848,1557.0279000892735,1479.3216671240225
Toni Androic,1349.6493886490462,1442.5834579476266,1430.6817449756122,1503.3273506152982
Mitchell Frank,1375.2042006943477,1471.180202721662,1496.257804801045,
Junior Ore,1293.4787494110992,1486.8100378806835,1469.2147891501074,
Ricardo Siggia,1405.2914372922503,1490.1582312259907,1468.977848303798,
Rafael Rondino,1485.7799832132127,1486.9417969678457,,
Jorge Hernando Ruano,1249.3729643472275,1479.1433136381181,,
Pavel Krainik,1242.2371403596949,1419.0873300151807,1500.2022775930336,
Korhan Ural Ates,1493.5892636460733,1492.6272284243496,,
Tugay Koylu,1488.311465942777,1488.713788103438,,
Jakhongir Jalalov,1405.472439120582,1490.406973050922,1474.767270465226,
Pablo Lijo Santos,1480.1865224063731,,1483.988331119879,
Greg Hill Usa,1491.4921913356434,,1491.252667632713,
Anton Peskov,1493.4074351258912,,1494.096159972651,
Sandro Ehrat,1425.0624823003964,1463.7760656622206,1558.3126524171528,
Marc Powers,1453.2970049198063,1473.8226573990628,,
Aidynbek Rakhishev,1485.7267307939035,1486.1737937222917,,
Serizhan Yessenbekov,1369.510877670243,1461.1050334867023,,
Filip Tomanic,1487.8045951565582,,1488.3915752429832,
Ante Bilic,1433.248870079867,1477.674500301629,1492.7802596557194,
Jakob Sude,1441.7709515605643,1519.6668934780787,1480.3428529112034,
Ryan Lipman,1484.9439457328579,1486.463168171118,,
Carlos Boluda Purkiss,1407.1569463067522,1527.4802683980827,1439.9562532346895,
Alberto Rodriguez Cervantes,1489.6681208498608,,1487.9286740570108,
Dorian Descloix,1258.9760386258781,1464.5177782757946,1500.0353054611614,
Jonathan Hilaire,1285.0579881719102,1494.4818160320103,1484.0041572221817,
Thomas Paire,1488.0,1488.0,,
Sebastian Serrano,1315.0882749284385,,1465.798907262009,
Alejandro Gomez Gb42,1393.5025143723215,1486.0929700492043,1515.4815829599313,
Tigre Hank,1170.1972135912142,1433.4612484639747,1467.4074948725731,
Andrei Daescu,1343.5644566708024,1471.7189026426158,1477.6213167554301,
Ariel Behar,1310.010672466556,1465.680529062148,1487.3052865514014,
Shendrit Deari,1429.895233307886,1494.689132511009,1485.0,
Vicente Elberto Anasta,1402.0000510943887,,1464.6441029663545,
Valentin Palas,1490.8192482652435,,1492.497575946786,
Tudor Dumitrescu,1504.0750072977269,,1504.9050183537838,
Mihai Badescu,1427.1116557804612,,1478.0984977069334,
Vlad Cristian Smighelschi,1482.033088653244,,1485.32140311385,
Robert Coman,1436.369502740205,,1484.0749476379174,
Ioan Farcas,1485.0,,1485.0,
Sergiu Margarit,1470.6702017753043,,1476.8821507375874,
Paul Mihai Puscasu,1500.7759498981566,,1502.5017360493705,
Adnan Al Mahmoud,1419.7174836469123,1481.25,1489.5,
Catalin Petre Nedelescu,1414.344142161361,,1468.44715569143,
Mark Zakovsek,1491.5788040381894,,1492.9751319862473,
Rok Bonin,1488.1324190598034,,1489.647772663185,
Aljaz Bedene,1731.2455264253392,1744.869041995034,1749.1352143528834,1518.7397773872913
Oliver Borsos,1478.017119398397,1480.6957439312512,,
Marc Steger,1482.475537661045,1483.5714243598845,,
Alberto Cammarata,1489.848288789592,,1490.6511874875905,
Lukas Weinhandl,1479.8599237520466,,1483.5444390185644,
Pitchaya Limpimprorh,1480.0625262156611,1481.5688742464315,,
Jeff Coetzee,1478.4311463579372,1491.2353582594553,,
Rewat Kitprasertsakul,1479.6892398618786,1480.6846695743138,,
Vorachit Runglertmaneepong,1493.8601896222747,1493.5240621536682,,
Pongsatorn Benjamas,1484.371046497525,1487.2675561998617,,
Deivids Juksa,1409.1464495705668,1468.1741772488522,,
Warut Korkiatthaworn,1343.8398104437706,1451.596338447066,,
Levar Harper Griffith,1487.2972955594175,1488.7729319431376,,
Andres Molteni,1373.7725603556019,1492.3653183525848,1480.888479004681,1495.6862495095602
Facundo Bagnis,1733.9652825558762,1585.911799731914,1804.8117302866456,1363.8438790454848
Mohamed Nazim Khan,1436.8440881555673,1468.3148685744043,,
Khevan Somasundram,1487.6487199694245,1488.4976966543227,,
Stephen Huss,1489.5672364466184,1488.036289328378,,
Kanagaraj Balakrishnan,1483.9676466113644,1483.2932523622962,,
Juan Sebastian Vivanco,1357.8811493874498,,1467.7405699035505,
Matias Sborowitz,1318.0249690597311,1486.9715780842464,1470.615297663737,
Yannick Vandenbulcke,1372.1891952620103,1491.6644529023538,1457.6903100737045,
Arthur De Greef,1473.9746582898072,1488.6385821466076,1522.023589331143,1478.7715848141502
Martin Cuevas,1430.0985662217795,1474.1589375508224,1501.0478016235543,
David Valeriano,1486.2888099373292,,1488.2049701946808,
Hiroyasu Ehara,1372.953254875511,1491.860917958743,,1499.6806349274607
Gianni Mina,1510.6304032806975,1556.261809063441,1511.9329971814966,1496.3885539328617
Andrey Kumantsov,1425.3331838410654,1508.2709375283418,1473.0748559135977,
Bradley Klahn,1480.4947912551966,1529.2718179057483,1488.3414463243696,1468.9968055224347
Valter Mori Filho,1479.9124354275327,,1483.5529114039307,
Alexander Lobkov,1273.7169224332508,1472.3405331842391,1461.2580645058597,
Alexey Iremashvili,1432.4295487187883,1467.6234390589882,,
Roman Kislyanskiy,1479.2394176187422,1483.4893619234062,,
Jurgen Zopp,1500.2206284220445,1591.321627956834,1617.786249470944,1456.1580336620939
Erik Moberg,1503.3112954800001,1503.5856511397642,,
Mattia Livraghi,1485.0,1485.0,,
Andreas Siljestrom,1324.7979696880946,1462.3824466744238,1500.2688672504496,1493.012526652804
Jesper Cederlind,1484.9318006831777,1486.1143367817283,,
Andrey Yakovlev,1156.373649721833,1440.315917172511,1407.490641244052,1492.5141695597993
Alexander Zhurbin,1324.3013141631498,1448.6810497255083,1478.9796512394014,
Sergey Strelkov,1362.8659411104632,1456.569553261041,,
Andrei Ciumac,1338.313527205798,1484.7486342758937,1491.7313028541676,
Florian Reynet,1330.5075668951042,1499.3807752214066,1471.1107028435972,
Michael Bois,1412.2020508762248,1475.2018363227216,1491.1167048780815,
Francois Arthur Vibert,1313.704144800345,1493.4011040821672,1461.8543515420854,
Jerome Inzerillo,1313.5943819196302,1478.6170868229638,1480.7862648910905,
Gabriel Wanderley,1489.1780180192247,,1490.250154993346,
Sang Woo Noh,1385.4582424055932,1473.4027260342577,,
Alexey Nesterov,1343.6751287274874,1482.3748192974167,1468.2081853821433,
Dominic Inglot,1478.4893786447724,1520.1109515622632,1495.4115000741015,1487.6457573357363
Cory Parr,1490.5271286732768,1490.7017790378104,,
Pablo Garcia Gaitan,1491.890803468499,1491.90906404975,,
Arnau Sanz Sanz,1489.0260612219492,1485.5651963222042,,
Pedro Rico,1489.904553435351,1484.5712784675645,,
Roberto Quiroz,1470.2968776619555,1541.9948603582252,1529.4504783137495,1511.0703117353394
Daniil Sirota,1488.0221577766029,,1488.292458455359,
Filip Horansky,1472.9351066431782,1554.7927780962098,1551.8073206230342,1422.0721148014234
Andres Dellatorre,1469.3934073114688,,1479.2315587411717,
Francisco Carbajal,1483.6769465239356,,1484.8006454613992,
Raul Isaias Rosas Zarur,1336.5747387613321,1448.7018414356223,1499.9435773420357,
Matheson Klein,1448.7398143198893,1506.2766293937389,1490.7389515907405,
Mark Richards,1485.0,1485.0,,
Benjamin Mitchell,1507.5748198878564,1566.0316551634733,1469.1086796550544,1468.597386391487
Andrew Mcleod,1483.1885078003738,1485.517346372063,,
Maverick Banes,1402.2158988273568,1467.3180801338578,1490.1186502183477,1485.0
Jason Kubler,1770.1416367742054,1701.9854524727825,1683.644436973184,1658.4475597459327
Jarryd Chaplin,1338.0823321589596,1477.8259789331407,1483.7518213693472,
Isaac Frost,1327.5853763761595,1480.4673070620997,,
Mohit Mayur Jayaprakash,1279.6254287379472,1467.639067114553,,
Hamad Al Mulla,1485.5590982782312,1485.945597798465,,
Amir El Bayoumy,1485.8976274501447,1485.4484047929739,,
Leon Frost,1364.7280651226301,1470.753733363262,,
James Lemke,1329.9343923462645,1468.358990304223,1467.0766115737679,1487.0089802175357
Sebastian Lavie,1390.1994815065616,1510.402717034701,1504.3698281988788,1467.0361732074591
Logan Mackenzie,1501.9156534799297,1506.9222292835743,,
James Duckworth,1728.8826906140903,1716.9067342895669,1519.6349342265714,1605.6614399574692
Sean Berman,1357.949294646026,1471.6176335455239,,
Luke Saville,1426.0321680611155,1484.0299045645168,1451.3819073462414,1481.4085787001359
Leo Rosenberg,1449.589153988246,1496.4758209013835,,
Hendrik Bode,1488.0,1488.0,,
Dane Webb,1420.3967960840619,1473.6751580538373,,
Kevin Ullyett,1485.589333688861,1487.3613172792575,,
Daniyal Zagidullin,1424.241764535315,1479.7676607389355,,
Marat Gilmanov,1487.9167264209086,1489.3984803047047,,
Vladislav Gorshenin,1486.980224365381,1488.0342341374833,,
Rodrigo Perez,1446.331858654533,,1477.2145938835342,
Alex Theiler,1431.250818979226,,1467.6793857388418,
Gonzalo Urruticoechea,1287.1583017925288,,1452.0181158071953,
Antonio Lupieri,1409.2400724788597,1469.533821907605,1481.4359234655537,
Ivan Turudic,1488.2947061045018,1488.6170359507098,,
Alexandre Schnitman,1391.9112495939946,,1480.0976201426668,
Tiago Fernandes,1307.6955973902877,1506.0336753355557,1431.5997135880302,1490.5991360589733
Bruno Semenzato,1332.7167355110334,1476.2584220418848,1459.3271454816906,
Jannick Lupescu,1437.2362259978856,1483.8549821261581,,1484.25
Daniel Mccall,1480.4287038194313,1483.3830776902469,,
Nicholas Edlefsen,1365.2761203436885,1479.0010077224044,1477.74661798101,
Facundo Arguello,1492.624650944512,1506.780922313709,1530.1414554875755,1474.5896623609895
Agustin Velotti,1510.6652785948231,1519.5243397227184,1571.284749588024,1497.3417883259174
Thibault Venturino,1425.4963178318505,1476.199547078015,,
Damien Spizzo,1489.0283663757684,1488.9730926872135,,
Hicham Khaddari,1290.4619662717955,,1450.9038891943012,
Luis Diaz Barriga,1408.050637785617,1496.376625903298,1492.9392108274333,
Mauricio Astorga,1245.9418213032177,1470.212956302331,1471.98556675651,
Julien Carsuzaa,1483.7198925774296,1484.7594085291225,,
Jack Sock,1708.5436087884195,1707.2024101346396,1707.5002720448597,1648.2312711261384
Pablo Carreno Busta,1788.0466453867514,1846.9166033167594,1804.7549692296905,1446.787670373728
Alexander Bury,1380.5331507676506,1500.0063175628286,1464.1692667524735,1494.9479462975914
Federico Zeballos,1259.8943655987978,1474.0706368728881,1436.3614511573908,
Marco Antonio Rojas,1479.7968425762076,,1482.5,
Tzvetan Mihov,1477.3994127995716,1481.183821535768,,
Rares Cuzdriorean,1337.5541072876092,1443.9161679804317,1495.72570820273,
Mohamed Safwat,1467.657510779731,1497.3120983133574,1542.6887061670345,1498.709195387982
Vladimir Ivanov,1295.225710428815,1471.233574269389,1501.8899992779907,
Marton Fucsovics,1860.4873427940604,1823.026015894758,1811.429832164386,1664.9099020105907
Ariez Elyaas Deen Heshaam,1342.2524731862416,1450.9040070113658,,
David Agung Susanto,1126.7386072484287,1491.8846808752346,1500.8857979433105,1461.3875176711142
Mohd Assri Merzuki,1292.6973943901412,1461.7716565284911,,
Wilfredo Gonzalez,1311.2159613261992,1493.9674745272594,1492.6939566456513,
Fredrik Ask,1367.5615435960033,1475.4954902361937,1493.4497199468526,
Siu Fai Kelvin Lam,1512.077315833049,1516.3286684000511,,
Paulo Carvallo,1476.889243360726,,1481.1192427840883,
Claudio Dias Conduto,1480.2225728074475,,1481.7195049150796,
Sebastian Moreno,1456.5195080117721,,1470.6612571963303,
Harshana Godamanna,1449.39772048403,1515.6948595369352,1521.7120587700865,
Rajeev Rajapakse,1467.2818008030083,,1471.3012426312243,
Cyril Jacobe,1298.8789995244235,1419.191495797258,1481.1174769353124,
Mislav Hizak,1406.5877567118844,1464.7711437061937,,
Zachary White,1429.1082870429639,1472.9891636210198,,
Charles Roche,1491.0153027649837,,1491.5553846907105,
Mehdi Benhammou,1440.005417209302,,1490.2850341376757,
Hamza Aglaib,1493.4828464469194,,1485.143614165461,
Mohcine Roudami,1488.9858388077034,,1486.7774141614466,
John Valenti,1439.01059203973,1489.0500879055082,1502.1363910673012,1478.639470512082
Alfredo Moreno,1410.2145382793008,1474.0460619665514,,
Diego Acosta,1488.3557179004363,1489.7003419627742,,
Jiri Vesely,1582.4057576531368,1640.497196293348,1542.904459884666,1581.808614190743
Yannick Hanfmann,1724.5359327871804,1677.6962758321695,1792.8788997933514,1497.5527962377346
Julian Lenz,1539.637275145837,1597.9326167952813,1512.815824417292,1505.5036620007352
Robin Kern,1367.5740312667508,1478.5185506825403,1484.6351362223697,1496.557449883103
Sasa Stojisavljevic,1404.7288846868,,1462.2804736708176,
Denis Zivkovic,1392.8344512384172,1480.0272613797056,1440.6514767569683,
Aleksander Slovic,1478.694566053025,,1480.5869477562212,
Joao Fernandes,1489.7832690117782,,1486.8583425496506,
Renato Assad,1490.8425744636031,,1491.4961137215828,
Diogo Soares,1489.3792129657306,,1489.834217626375,
Frederico Ferreira Silva,1476.6584934736281,1509.5617703770934,1527.0821734592455,1511.594485717267
Joao Domingues,1449.3356656846295,1486.2603672930354,1498.8091965391222,1459.0653747316212
Francisco Ramos,1486.039844791433,,1487.1100133753498,
Tal Eros,1427.5824047156452,1477.5984118302813,,
Gilad Ben Zvi,1396.040576862971,1465.4595105199398,,
Daniel Kosakowski,1547.5269452934856,1548.8565759666362,1527.8196254773084,1493.050414170571
Alvaro Cajigal,1494.5194057284696,,1486.1867052559073,
Stefano Napolitano,1658.0736887307603,1644.8146326297463,1659.5657262173083,1529.2097253710922
Ji Sung Nam,1467.7520192836207,1552.5004236526006,1469.7349288093553,1505.0421
Vamsee Chappidi,1466.2247803157559,,1478.6507041514712,
Sekou Bangoura,1410.1866663732576,1504.014145647961,1472.9697736463982,1499.460163118967
Marcos Giron,1925.6943437650227,1897.0612223753749,1660.088701837209,1649.8805432128556
Robert Rumler,1494.858167284175,,1493.4618865447546,
Emanuel Fraitzl,1477.7061580510842,,,1480.434777848532
James Marsalek,1314.663016770334,1469.6480773321684,1497.6470274199376,1495.4052485168845
Martin Emmrich,1412.476796398956,1490.557027279243,1506.6504019335562,1492.2687391385034
Scott Sears,1493.4844194058865,,,1483.3240477948398
Matthew Short,1452.9491298144649,,,1475.7049857290046
Lewis Burton,1409.8920386174034,1494.7611749573016,,1467.3167076898746
Nick Cavaday,1508.6169696123698,,,1502.7283505730775
Dominik Pfeiffer,1419.9180112920146,,,1464.1731877581317
Clinton Thomson,1458.4765649178946,1504.2731244365898,1496.1376669464016,1489.0833600227033
Roberto Marcora,1497.4383269601035,1534.641473883924,1521.0797374018405,1452.0980380095202
Vasile Alexandru Ghilea,1385.4767494760554,,1488.3713262416832,
Thomas Muster,1336.8651594978805,1453.0617600091934,1389.2774297214708,1486.2058958511557
Manuel Cavaco,1494.5945242248267,,1495.005808613189,
Rodrigo Rappaccioli,1515.824627462855,,1516.8551121658463,
Hugo Dellien,1700.9225326147316,1500.8938692921947,1758.9773280257198,1451.0063015554751
Sebastien Vidal,1418.6358047838664,1468.7592144150685,,
Gino Meeuwsen,1486.0,1486.0,,
Adrian Forberg Skogeng,1482.8782412015617,,1485.4247669984652,
Dineshkanthan Thangarajah,1262.9999836596824,1459.5830215829742,1463.5631961826753,
Damir Dzumhur,1686.3360827527251,1602.6324454522064,1786.4696982397827,1524.1350440742904
Sergis Kyratzis,1336.632693830622,1462.5653858481135,1468.4326490466806,
David Souto,1348.577022231386,1507.5934293409573,1487.622433327229,
Claudio Rivera,1479.380915958563,,1481.5739037201406,
Lucas Renard,1236.1787689809744,1491.2427804804238,1477.1905597591656,
Filip Bergevi,1245.0046038051498,1499.797294286979,1454.9394595435833,
Guillermo Duran,1315.9107460832145,1499.0967813122259,1476.8305766304827,
Roberto Livi,1486.2943269652972,,1489.2211604764977,
Juan Manuel Valverde,1432.4602819672596,1474.8106979974114,1466.988761541249,
Florian Fallert,1272.8334577236842,1467.1942240666353,1485.6928610834323,
Tassilo Schmid,1481.3803393370765,,1484.3901083276885,
Elmar Ejupovic,1433.156389255717,1512.7256500134429,1494.1990843511664,
Sebastian Sachs,1379.303305989792,,1492.2875415056706,1486.571668196216
Marko Zelch,1481.2844162451902,,1483.7935955794571,
Drake Bernstein,1429.0918786407171,1494.2207010736072,,
Michael Shabaz,1412.8130642340695,1490.106008412362,,1506.43125
Niko Karagiannis,1476.8481761206824,1480.7774317414269,,
Marius Zay,1470.8590888474243,1479.6010681608118,1494.2316346088714,
Julien Dubail,1364.534398072786,1487.2026171936252,1485.8986795535607,
Clement Reix,1464.0664973644145,1513.521185687993,1488.9121289734596,1491.1709844658476
Victor Baluda,1449.0188346086745,1497.6221687751956,1483.1471364668473,
Ilja Kovalev,1485.082302335148,1487.6722887445962,,
Maciej Smola,1265.4854719679308,,1446.0952934413597,
Matthias Wolf,1507.4295835577998,,1507.4506615828268,
Raphael Lustenberger,1485.0,,1485.0,
Quentin Robert,1231.6878503630764,1452.1054013751732,1488.6185885807663,
Hugo Nys,1433.7875191393296,1496.3117211873532,1515.2000976025813,
Massimo Bosa,1490.5779376353703,,1492.3854292335168,
Andraz Bedene,1404.3725942307397,,1464.9142026017184,
Dino Marcan,1405.030904805449,1484.0810597299865,1500.8805981905116,
Christoph Lessiak,1477.6070785669,,1480.6329204049614,
Chuhan Wang,1252.8289866102875,1457.2381893533575,1481.6350443757033,
Andre Pinheiro,1485.5395382079555,1487.1519745751427,,
Dominic Thiem,1686.9958968597095,1826.9965518200975,1689.9275187462401,1539.834768569566
Diego Zonzini,1485.444604561566,,1487.0869112061166,
Adelchi Virgili,1341.4231253801402,1491.5498692911435,1473.7422399758473,
Augusto Laranja,1331.2713906113859,1497.8507084569603,1491.254239507405,
Dilshod Saidmukhamedov,1430.2476045775084,1469.5831078344127,1490.7171032092704,
Temur Ismailov,1270.903117213271,1482.2527233500623,1463.6480440609837,1498.4732887701848
Juan Lizariturry,1393.9606875353068,1515.3338488542995,1467.1715340086582,
Kirill Kasyanov,1446.7103105629353,1490.3524128512533,,1478.112457918269
Jonathan Pastel,1479.6119684340918,1481.5967343601737,,
Anton Saranchukov,1447.356503527541,1480.096309688335,,
Johannes Ager,1494.9902894352695,,1496.4103677361604,
Johannes Robert Van Overbeek,1471.8639947567262,1478.0969271474755,,
Bart Brons,1493.6257877028127,,1493.1895401371207,
Llaurentiu Ady Gavrila,1451.5451482821109,,1479.7700876047645,
Victor Mugurel Anagnastopol,1316.7271462463461,,1455.808331702221,
Sebastian Padure,1462.9552013926925,,1469.7080645442452,
Marco Cecchinato,1590.2070973439193,1469.0997320097586,1636.6073597703562,1432.691192807641
Cristian Rodriguez,1347.6089690630702,1481.9854196471497,1458.1439636688706,
Patricio Heras,1479.8983348764928,1480.9250482682462,1590.7284679327597,
Ismael Rodriguez Ramo,1448.6980777591903,,1478.4713044665898,
Mikhail Vasiliev,1349.5421543156733,1447.21754813792,1481.469256883585,
Mark Van Elden,1489.5804667341026,1490.636754428718,,
Ionut Mihai Beleleu,1483.2051849353477,1485.6217589576327,,
Tilen Zitnik,1303.1434555977398,1468.1377643129397,1475.7487161881052,
Michal Schmid,1335.725115560954,1493.3971240258327,1487.6052863139566,
Phassawit Burapharitta,1284.3830870822944,1459.8682227493703,,
Dan Chuntraruk,1402.4848172887635,1472.356083113043,,
Adirek Kundarnpinitvon,1486.205663925358,1486.2301554438252,,
Kong Pop Lertchai,1366.0852358247328,1435.185300425281,,
Roggan Gracie,1483.2157123141226,,1485.4492605241442,
Agustin Picco,1489.7174154845845,,1493.6541768483057,
Walter Valarezo,1437.6199370107813,,1471.0656338589824,
Maciek Sykut,1393.242103672141,1486.9303181806922,1463.049479004691,
Christopher Racz,1487.8403671208348,,1490.2389946193045,
Dennis Novikov,1297.988192781736,1435.34612305103,1492.5727062527856,1506.7608153135016
Dimitar Kutrovsky,1508.4210326047614,1548.375193056077,1511.6355853207206,1487.0296069925218
Jordi Samper Montana,1460.824727048793,1458.570368968142,1536.6237377606592,1482.0256921009407
Tinotenda Chanakira,1484.924140088135,,1487.3360483228544,
Raymond Sarmiento,1452.26807747636,1501.8209159881328,,
Kiryl Harbatsiuk,1492.1921788725924,1492.6839402638736,,
Luis Antonio Perez Perez,1458.5023566598366,1478.805098049926,,
Richard Muzaev,1408.1990193652111,1520.5998093222383,1502.3509418354945,
Roman Tudoreanu,1477.1032427216333,1480.0760452621323,,
Shalva Dzhanashia,1324.2968393491178,1475.997650374672,1472.4406194892463,
Dmitri Marfinsky,1411.9429626049655,1466.9036886305837,,
Artem Pudovkin,1475.5289244589694,1474.8749530293644,,
Gonzalo Lama,1422.7836122700887,1466.9353618491562,1497.9761374913405,1476.781627851233
Maxime Teixeira,1458.3869205303663,1546.9824663494994,1493.736856003129,1494.9580977737344
Hong Chung,1257.4131690169484,1497.122033796856,1487.217057446952,1498.1086350749108
Sami Reinwein,1380.0439081761801,1507.1785007341548,1486.913416830584,
Danilo Petrovic,1423.7336277723957,1488.3249230257857,1502.4705262798661,1449.94060970882
Augusto Meirelles,1485.1479200199594,,1485.6192397517668,
Beka Komakhidze,1402.755903966223,1463.6880287404945,,
Aleksandr Agafonov,1479.1675567276252,1481.3582064395835,,
Svyatoslav Knyazev,1497.5436663292448,1498.7521997292963,,
Irakli Marutian,1485.0,1485.0,,
Marc Giner,1366.8761298744207,1500.058674949581,1516.727613048097,
Boris Conkic,1426.7448769096702,1493.6476624799207,1476.1627007572054,
Abraham Souza,1489.4227307704311,1488.8226519985603,,
Maximiliano Estevez,1256.7937005996257,1491.084336397084,1462.0715985468237,
Diego Schwartzman,1710.357662640206,1767.6817603955608,1731.6453846932206,1495.5032646936652
Daniel Puttkammer,1489.7309411976926,1489.858543214625,,
Andreas Gremelmayr,1477.7842562858198,1480.7053584230391,,
Shahbaaz Khan,1414.4029944206693,1468.3892054257637,,
Rupesh Roy,1503.3875629935742,1509.8050661726109,,
Filippo Sassi,1483.3330319417869,1486.712027163085,,
Ramy Labna,1486.805241446342,1486.4529230887147,,
Abdulrahman Al Harib,1377.5138354990577,1453.8629836218113,,
Mubarak Zaid,1431.347748377783,1484.6291171115074,,
Mohammed Reda,1488.2352783858496,1484.83811160186,,
Jeremy Tweedt,1488.0965184122415,1488.9097127147027,,
Tommaso Metti,1492.3217832866794,1487.3787214112092,,
Elie Rousset,1393.2101597115377,1490.2705344163894,1493.1399430461138,
Matthieu Vierin,1492.3719459009437,1490.793940827179,,
Steffen Solomon,1481.5352572519416,1482.2476099704384,,
Mark Fynn,1486.1103132159158,1485.8669638400772,,
Alexander Rumyantsev,1382.3385170408892,1478.2167371824962,1492.2603966329468,
Felipe Rios,1490.8618893253138,,1493.456722059399,
Javier Munoz,1439.617231934904,,1476.3943209187673,
Nicolas Gustavo Kauer,1452.271345474491,,1481.822844519104,
Juan Carlos Saez,1329.3024915369638,1492.9741276551342,1480.137879104395,
Michel Vernier,1169.3041860059482,1492.8993629431945,1410.0480010545646,
Osvaldo Aguirre,1480.3633551290725,,1480.9222430974528,
Tomislav Gregurovic,1486.9441814760178,1482.270703252949,,
Marko Lovrinovic,1477.2985957109538,1481.0092975968428,,
Antun Pehar,1481.7962241838773,1485.1913560466894,,
Ivan Blazevic,1484.9350007220803,1483.522063576916,,
Marko Mijacevic,1489.5373940563868,1498.5789906750533,,
Matthew Barton,1477.7806150134923,1498.8268925419184,1526.6712319726164,1555.520175525754
Thiago Monteiro,1734.430385539319,1639.0553824363635,1847.1931475298627,1477.4715636468118
Karue Sell,1598.0695966496835,1586.7602105807837,1625.3615597052265,
Bruno Santanna,1324.4252433177553,1466.3867234752686,1490.3592410881104,
Kenny De Schepper,1420.8630468910019,1516.9819911867958,1452.4554041756655,1509.518994017982
David De Goede,1495.009338556439,1493.7876905047406,,
Pedro Zerbini,1385.7596629461798,1474.3722225914328,1490.7535688450514,
Eric Johnson,1429.6622226613615,1517.013428547817,,
Rudolf Siwy,1496.3679620823618,1497.0842949540554,,
Renzo Olivo,1516.295634683327,1497.7371724223565,1551.4113034906802,1455.0839853832308
Guido Andreozzi,1572.885370357807,1615.6042435571571,1626.6160200760496,1458.7891448944501
Juan Ignacio Londero,1530.3788311434012,1495.6277210917597,1616.6474161982621,1458.2819619896177
Facundo Lugones,1488.4131251622389,,1490.4313708481807,
Mathias Bourgue,1506.272700461561,1598.7732963224573,1563.2780146457496,1484.365130869224
Antoine Escoffier,1619.0167266788856,1645.58787666804,1437.0369919858495,1471.6395863342589
Joe Salisbury,1350.9177615596261,1464.6048582955198,,1492.3890824514106
Alexis Carlos,1492.8642842837564,,1494.2547808233699,
Luis Patino,1143.1437738256936,1445.9678690260325,1457.0287277159414,
Bjorn Fratangelo,1591.5720001322438,1604.3294878695056,1657.301489094616,1520.700433671289
Arturo Altamirano,1482.693637496414,,1484.6275385509007,
Dimitar Kuzmanov,1569.4385822164174,1621.9933911204007,1585.4196414346436,1483.1532707017852
Andres Weisskopf,1384.5617192804268,1482.5,1475.2542677702227,
Alberto Emmanuel Alvarado Larin,1180.2243759864384,1442.5679704878876,1498.7031802317833,
Sami Ghorbel,1486.0973709451855,1485.4288871985502,,
Slim Hamza,1427.5009628085388,1478.276450650901,,
Mikelis Libietis,1322.9240363569888,1467.5689840759476,1495.7584179800717,
Samir Iftikhar,1398.3634478413778,1508.624774789977,1490.211915446763,
Shahin Khaledan,1315.3882267033796,1471.6054924612972,1510.294834841302,
Mohsen Hossein Zade,1307.2512171093076,1467.3861797080667,1481.0075269401063,
Mike Vermeer,1410.858194277977,1455.7367473902552,,
Barry King,1459.9802527011702,1498.2067322637574,1486.0558804066325,1481.1350972471364
Marc Abdulnour,1417.89239642598,1483.059772697186,1501.697715650754,
Issam Al Tawil,1404.6534336578611,1473.495826610747,1501.6820560857025,
David Josepa,1461.4437492675806,,1466.3904052950584,
Ricardo Gonzalez Diaz,1405.0934558366328,1446.1195879909055,,
Alex Llompart,1404.3194508421666,1514.2567520626162,,
Chris Brandi,1507.4826324699177,1522.5152852249894,,
Jean Marc Bazanne,1456.5655139752284,1464.906995205169,,
Jorge Montero,1378.1905350177944,1483.0539332955582,1490.3685907403078,
Franjo Raspudic,1293.220421716416,1490.552151333196,1469.045079759663,
Albano Olivetti,1429.8602682146216,1491.5033162937548,1492.5503019298594,1500.1697713962449
Robert Rotaru,1486.4723147488965,1486.5433759761115,,
Ahmed El Tabakh,1485.8555785019448,1486.186473562004,,
Felipe Escobar,1237.7491264574553,1499.061879297334,1443.0005686438399,
Edgar Lopez,1487.43718529382,1486.9660375079093,,
Enrique Naranjo,1494.212519476558,1493.4323016920573,,
Esteban Vargas,1494.0668674496383,1494.0495942275697,,
Ignaci Roca,1344.8350866076842,1432.2381787041954,,
Alexios Halebian,1351.6406331358492,1454.52911822624,1503.5905559769608,
Filippo Leonardi,1418.071218225371,,1492.9971408389204,
Sander Brendmoe,1487.4929774978204,,1488.6847656705338,
Manuel Barros,1361.8633256501103,,1457.7751043699516,
Florent Diep,1288.5885790358925,,1436.8797149687587,
Ashok Narayana,1493.758593470839,,1484.53469924753,
Stuart Kenyon,1496.4346465331357,,1490.5960660867806,
Nicolas Barrientos,1424.4669248734417,1459.58864946182,1525.1001271805064,
Tiago Slonik,1487.939667138787,1489.1363489051973,,
Manolis Glezos,1483.2959977646894,1485.7676943116044,,
Warren Kuhn,1480.5965201811207,1483.3864336393963,,
Renier Moolman,1490.0822508101214,1490.7906969651415,,
Daniel Bustamante,1487.1917536136607,,1488.2496838714549,
Peter Heller,1373.3300373684895,1481.207535432804,1520.1390270571476,
Stephan Hoiss,1414.562185902565,,1506.784574024623,
Nikola Milojevic,1364.8217881490998,1526.4511426945544,1471.3106223275847,1485.1932394097034
Norbert Gombos,1549.0560468807912,1611.8440257795644,1568.6368424794368,1477.7543407006394
Diogo Rocha,1424.7502046649888,,1463.2100650030447,
Daniel Glancy,1290.1146548765255,1442.3670419339808,1475.1318750692292,
Fernando Larrea Gonzalez,1478.2531908503663,1485.0153499924152,,
Mac Styslinger,1334.810533702323,1470.8070259513436,1490.9407701209198,
Roberto Ortega Olmedo,1372.5346781735689,1492.3463463488595,1418.6613527255213,1485.827526391262
Albert Alcaraz Ivorra,1379.6440688766309,1495.5782617476077,1496.4493100838665,
Mark Oljaca,1371.9046663553722,,1451.298382086038,
Martin Vaisse,1380.0561264820692,1465.5974325571774,1524.8747814877886,
Romain Arneodo,1264.2953736043487,1486.2747528249154,1507.0988994262989,
Bobur Kamiljanov,1494.4289503863633,1494.5186465722657,,
Levan Mamtadzhi,1483.9396426346077,1487.497711916771,,
Jean Zietsman,1490.4761411584714,,1485.3630721779148,
Filip Veger,1433.8968565935438,1478.9655172366029,1518.7290796015536,1499.1790141397369
Richard Gabb,1365.6438018144902,1486.0128422316395,1521.6764739211094,1486.0500934617426
James Feaver,1448.8236062861117,,,1459.9040354335204
Michael Look,1397.446123356565,1495.476296017745,,1497.7827680553346
Toby Martin,1479.2210421167256,,,1480.6724823360903
Alexandar Lazov,1411.4812225225194,1478.6010998683187,1537.1637495860116,1499.7343356804035
Michael Lux,1473.9312681853646,,,1480.7168096029175
Matteo Volante,1483.0228799391573,,1485.1286051000968,
Miguel Angel Reyes Varela,1235.7462546449137,1483.0282403120311,1469.0942173734024,
Julio Cesar Vazquez,1486.7186700228626,1487.778880890757,,
Constantin Christ,1450.7316766594472,,1476.2784882440008,
Andrew Dzulynsky,1482.867117806501,,,1485.0550000714043
Antoine Benneteau,1330.8641835489034,1460.3678580420878,1484.987668111661,1496.8486874999999
Henry Steer,1462.5425423991167,1489.7324103327378,,1481.2791678273804
Jeson Patrombon,1263.4155730252776,1462.4704201634756,1480.0720759587684,
Nicholas Sayer,1478.9881251906218,1502.3846631248985,,
Bruno Abdel Nour,1514.6054773770434,1514.6569553067416,,
Coenie Van Wyk,1514.0,1514.0,,
Romain Radwan,1486.0,1486.0,,
Lukas Mugevicius,1389.3229638148339,1500.2014070388216,1492.2452684731052,
Julius Tverijonas,1277.2073896759223,1470.3861809765785,1488.253490401907,
Julius Gotovskis,1478.2627166910893,,1481.974123874561,
Gonzales Austin,1527.3133906494118,1578.7472939296517,,
Gabriel Flores Ruiz,1380.5027176808312,1457.9959454317122,,
Johann Coles,1481.9688441033356,1482.7659924467075,,
Martins Podzus,1411.3999041457603,1529.896605809999,1501.7195670566502,
Andre Dome,1385.5241632018133,1477.4684577523371,,
Ziad Sultan,1475.7819687800154,,1480.5420219994164,
Robin Olin,1391.843860187689,1504.2069883896577,1476.981963897292,
Jacob Johansson,1483.1548516063099,,1485.8474034474525,
Fred Simonsson,1379.7585946335494,1493.7085576494517,1526.101566311828,
Simon Norenius,1485.0,,1485.0,
Ryusei Makiguchi,1349.8532887710548,,1466.1406017276684,
Peter Aarts,1485.6722981776743,1486.5986103560842,,
Filip Peliwo,1425.1484366780953,1520.5582959613641,1490.3330455821874,1491.6616125612054
Yoann Re,1487.392669577227,1488.0,,
Piotr Gadomski,1394.1922005192805,1495.160283765117,1445.9120999601437,1481.25
Maximilian Marterer,1665.5732712101835,1656.7108725556539,1687.1918981074323,1571.1069159929298
Jochen Nufer,1491.9722942409555,,1486.96866311428,
Neven Krivokuca,1374.3628252356693,,1478.0383969679585,1476.6407921290581
Remko De Rijke,1479.1084529430157,,1480.5896873296253,
Fabian Schmid,1477.6219564209664,,1479.531869673951,
Anton Zaitsev,1437.974529009281,1532.7076683010775,1481.6192558450932,
Timur Alshin,1479.8698369409854,1484.9299031343046,,
Ilya Chkoniya,1446.1712295070051,1474.4647775922165,,
Jack Anton,1427.0501343165329,1480.3552178061793,1478.0649648086303,
Austin Smith,1439.8000492692483,1488.8094937700002,,
Nathaniel Schnugg,1485.0,1485.0,,
Kevin King,1432.2780404498153,1510.8201482118322,1490.902099295612,1494.9573482032627
Alfredo Krywacz,1477.8966556225025,1481.1768544714098,,
Wil Spencer,1376.5366345732361,1473.2975158501574,1499.0370464758334,
Gabriel Townes,1503.0917684185526,1505.3840952819705,,
Erik Graves,1453.5619122335654,1479.078022344603,,
Guillermo Gomez Diaz,1479.0803162047248,1482.332767505731,,
Tobias Hinzmann,1438.4543779062355,,1490.2001329491725,
Alexis Musialek,1215.7770604730486,1464.8727702143105,1469.8422106933074,
Galo Barrezueta,1447.574774985271,1471.8560331723143,,
Diego Hidalgo,1251.8715288741616,1445.6139481008256,1432.2276601382746,
Joseph Correa,1378.8969784436508,1496.3341155594464,1465.1520642768817,
Bartosz Sawicki,1490.7719041082623,,1490.7615590813268,
Denis Yevseyev,1600.673807152095,1602.9990931104862,1592.9044236721813,1517.9135229245035
Marvin Netuschil,1475.8500235028987,1508.1071757009113,1540.6884509624892,
Daniel Masur,1569.0914125800734,1618.7874736719098,1577.0988779395561,1502.979335445514
Yann Minster,1477.8281577377502,,1480.7561406531775,
Joss Espasandin,1406.4856611864097,,1464.9090200450892,
Luca Schena,1498.1686143255713,,1499.8745045590335,
Raphael Mori,1447.596374826133,,1475.218404010767,
Jens Hauser,1407.5914766597793,,1464.5660344730961,
Alex Kim,1492.616546761822,1492.1295737319426,,
Marcin Kosakowski,1491.910496223249,1491.4010319171964,,
Aaron Yovan,1481.6124336029734,1482.825813861935,,
Clay Thompson,1477.06906046341,1553.87850752682,,1488.9890614449712
Harel Srugo,1434.0197886803298,1478.319911517874,1486.3810000035203,
Sami Huurinainen,1446.028287452181,,1508.6966855860367,
Henrik Sillanpaa,1296.5699520051658,,1464.4659869750762,
Mate Delic,1354.3971847002413,1486.0258821894633,1466.7837167180737,1492.4774406537879
Mate Pavic,1501.9921360134094,1534.714878782489,1483.924071787087,1540.0847481902263
Da Wei Li,1491.5706782383354,1492.5309386779718,,
Yang Lu,1422.0846217415728,1475.8088329844256,,
Riccardo Bellotti,1437.33390011012,1479.4723558831543,1506.2117193910758,1475.3029647511762
Jaden Grinter,1455.2148900121902,1486.875812700141,1504.711257420872,
Maximilian Neuchrist,1471.6665835676974,1526.2253362194024,1536.2775248384787,1485.3
Patrick Ofner,1416.1482386529844,1485.412943700302,1486.5015847633379,
Bastian Trinker,1332.7574293668283,1436.5801957381377,1426.6955511613705,
Peter Steinberger,1489.2605252958544,,1487.6085538638338,
Gibril Diarra,1276.1533157058748,1460.2435067075642,1469.9860689728519,1493.462184877396
Daniel Geib,1427.4975919739968,1480.7740675265443,1498.1089760606023,
Dennis Novak,1575.3283306517296,1634.4329482444286,1650.387490396205,1623.9703604410854
Michael Eibl,1421.5929535518703,1476.2627278831897,1486.957962519435,
Andrew Adams,1477.9644542800768,1482.4185544182114,,
Joao Pedro Sorgi,1395.982195246511,1492.7642223532537,1502.747619476757,
Christian Voinea,1364.6275779615412,1483.072606553144,1484.2521158530867,
Jaime Pulgar Garcia,1326.729053790983,1448.6470230558064,1496.2034502222457,
Nicolas Pastor,1409.3153191392707,1439.2505313744823,1500.5307498767372,1480.562190572777
Nigmat Shofayziev,1183.2671655747554,1480.774881183947,1476.527177765609,
Riccardo Bonadio,1579.5914872129956,1524.246932969331,1641.3821876292864,1474.0518774062311
Christian Welte,1480.0304367033366,1482.2197013675855,,
Andrew Carter,1233.5418155847162,1427.0558408402364,1477.7226201553135,
Mitchell Polnet,1494.292874093267,1494.6820949201945,,
Robbye Poole,1485.0553728373616,1485.4733284567017,,
Christian Harrison,1504.854273704659,1528.608101928131,1557.1928967713038,1556.7270816987998
Hunter Harrington,1494.9129916228144,1492.7751617474214,,
Marek Michalicka,1498.5019392076827,1479.9852733820583,1569.4844745356936,1478.248419716716
Alban Meuffels,1411.262355157359,1482.5871317033047,1496.4740685428494,1494.5549045197745
Alexandre Folie,1389.9416396331271,1495.676281345251,1486.8408700003165,
Lennert Van Der Linden,1446.035119917826,1487.6701276326357,1520.173703434887,
Edoardo Eremin,1449.897899974077,1496.2795771129024,1541.5770736973777,
Andrea Basso,1409.212768075827,1510.6172058496602,1481.9591109088008,1492.689135178994
Francesco Picco,1300.7177520625992,,1423.422571671259,
Roberto Carballes Baena,1845.4098745570327,1736.0104334363523,1861.8324693157924,1450.252859662776
Ricardo Ojeda Lara,1452.489238403707,1474.146264727795,1560.5133815153931,1452.7678178504161
Kevin Konfederak,1461.3783415035339,,1476.7360152313906,
Richard Arlindo,1487.4154174790108,,1488.9915066857238,
Carlos Oliveira,1474.5676423578323,,1478.2411623806693,
Efe Yurtacan,1354.175258693729,1470.5518767126935,1496.3130393150923,
He Feng,1449.5616611808923,1461.1994283385193,,
Zhuo Qing Zhou,1446.8832095620019,1474.8334724457752,,
Arkadiusz Kocyla Kd20,1493.9643081944655,,1494.7043143944002,
John Peers,1326.0776662437036,1448.8761791004792,1495.2664521875663,
Luca Margaroli,1194.6215718775788,1460.4955403633949,1487.322152033525,
Jeff Dadamo,1429.9429183543818,1500.0728461694764,1485.6061311804779,
Luca George Tatomir,1444.7402697479104,,1493.6969094684457,
Patrick Grigoriu,1366.3803475123416,1497.7779631728865,1474.60984076087,
Darius Florin Bragusi,1461.9667247556786,1488.286949342487,1490.46857115441,
Teodor Nicolae Marin,1423.0132216318593,,1462.7669252734506,
Andrei Cociasu,1480.2349916185844,,1483.834686595444,
Ciprian Alexandru Porumb,1473.4875914899367,,1479.3218417554694,
Alexandru Catalin Marasin,1465.4469283724518,,1487.2122521644878,
Mihaita Daniel Damian,1475.1723791199513,,1480.7238656971153,
Tudor Sulea,1350.459171374694,,1455.628832121899,
Steffen Zornosa,1366.4592994369098,1475.8269638341121,1478.2696797118606,
Juan Pablo Ortiz,1475.6503211388183,,1480.9626348505208,
Stefano Soares,1490.4512607719885,,1491.6135993551884,
Francisco Zambon,1480.4393219925769,,1482.826808593807,
Muhammet Haylaz,1370.5496696292564,1463.8798708186303,,
Durukan Durmus,1405.1196558672837,1457.8642304189611,,
Tom Kocevar Desman,1255.3647771154276,1468.903294685228,1508.4908427567052,
Adil Shamasdin,1427.231837385621,1476.0072835506865,,
Tristan Lamasine,1456.2247707588429,1604.1451515752585,1434.6743738137181,1517.971725697889
Alexander Zverev,2224.132522457444,2175.3607986307898,2153.628446313809,1735.6404434923384
Tristan Gabriel,1437.3364760013358,1470.4740459736988,,
Stanislav Poplavskyy,1426.967595940668,1455.948266751949,,
Andrey Boldarev,1486.7333330388171,1487.5079455664315,,
Jakhongir Khaydarov,1482.0506654558203,1486.2455725709085,,
Pavel Tsoy,1219.5782003636268,1438.3630493804615,1474.9198785333585,
Jozef Kovalik,1670.4663583875715,1538.4843036881575,1734.6714038246084,1391.9747057071463
Jose Enrique Hernandez,1480.683790480848,,1483.995033605715,
Eduardo Magadan Castro,1484.332687837762,,1488.0809681931887,
Carlos Velasco,1489.4901580318478,,1491.4216899980195,
Marco Aurelio Nunez,1451.7920578636822,,1475.723063238208,
Aviruth Phaphui,1416.0341267489757,1468.9098931613046,,
Kelsey Stevenson,1148.8595388495853,1415.0373432673161,1456.0865331518473,
Wishaya Trongcharoenchaikul,1344.7040831266502,1505.4484729608132,1499.9395630773543,1500.3272985597962
Warit Sornbutnark,1265.487943375315,1435.7810042412332,,
Wan Abdul Muiz Aziz,1479.827008110041,1481.25,,
Ahmed Deedat Abdul Razak,1365.4720790596348,1483.097617031817,,
Javier Banos Pantoja,1493.6657499281057,,1494.119312773304,
Ivan Arenas Gualda,1364.0720697749496,1457.166957931916,1492.572719760553,
Yasutaka Uchiyama,1645.5540151481484,1669.911241787544,1484.2230568865493,1493.422295946575
Ashot Khacharyan,1481.4749237250792,1485.4032444128113,,
Ilia Shatskiy,1497.02744874068,1502.7804379203392,,
Bassam Beidas,1528.6265102430398,,1575.3796057190905,
Chris Letcher,1438.7043768925391,1499.6053471619264,1494.9778778643195,
Jung Woong Na,1292.814420890342,1479.6723039483877,,
Min Kyu Song,1212.5706042766897,1446.170819660124,1500.2158317976314,
Ivan Nedelko,1299.9851452012178,1419.9357757669427,1435.5003167703328,1483.2215588754498
Evgeny Karlovskiy,1420.6989002136042,1487.9551998418594,1518.4263492917967,1491.8989158737334
Andres Artunedo Martinavarro,1402.295520179655,1484.6844785809956,,1487.125176688182
Herkko Pollanen,1378.5696861984247,1470.169393140951,1510.6855884597796,
Scott Puodziunas,1375.477907372671,1501.029476556714,1480.6561113681566,
Gavin Van Peperzeel,1463.6696632035964,1551.927321113091,1493.983879438319,
Emilien Firmin,1485.0,1485.0,,
Alex Bolt,1683.1226409156195,1628.1336167901961,1406.885580521861,1646.2020094892653
Neeraj Elangovan,1433.3623447177217,1464.6408279496268,,
Jeevan Nedunchezhiyan,1170.2006903645388,1460.2425321601274,1484.59940629704,1496.5784885212413
Ramkumar Ramanathan,1410.693895110896,1482.0062055677613,1463.3052881149506,1513.142624312373
Jabor Al Mutawa,1278.2923101798096,1473.417290892645,,
Mousa Shanan Zayed,1239.267245187607,1470.1473425446354,,
Loic Perret,1302.7674364077254,1471.9108506572159,1498.6615766905884,
Anton Bettink,1507.7272009411975,1507.944459462494,,
Andrew Harris,1444.7687170241013,1526.6938973076358,1483.5930606840486,1486.961058724196
Nick Kyrgios,2114.5667725242874,2078.534431793331,1803.7815650916068,1760.9109480579887
Takanyi Garanganga,1397.7215202757143,1472.6431388890792,1499.0447938276218,1493.513825591122
Aydin Akhmetshin,1439.1282921271852,1476.8128823921268,,
Clement Maas,1485.4481915453232,1487.8351829010924,,
Franko Miocic,1440.2803961791806,1470.8893534058793,,
Bjorn Propst,1439.401745244465,1487.435122754415,1487.2248766674713,
Andrew Whittington,1485.3180480887322,1527.717281932229,1510.3969123105517,1505.7035188014297
Min Hyoek Cho,1474.2192308052674,1499.5418347668917,,
Liang Chi Huang,1344.8795438138764,1445.2866628247705,1510.1080228880032,
Jae Min Seol,1421.2920973874393,1475.399544319287,,
Darian King,1540.8622751881624,1583.9775728674033,1496.0941257077748,1490.8912986243777
Anthony Marshall,1401.4195969879688,1487.589819924147,1466.4515822797093,
Seanon Williams,1266.311450106542,1476.9438086633397,1462.612252054299,
Christos Hadjigeorgiou,1415.240820862936,1454.6890661907842,,
Roberto Cid,1351.713109874789,1462.4636745865746,1488.248317264616,1488.954966326118
Carlos Taborga,1486.0,1486.0,,
Karim Mohamed Maamoun,1343.9417903094757,1493.7443674322028,1504.0579486852396,
Mike Scheidweiler,1393.0769115195633,1460.8925154397905,,
Aymeric Mara,1482.2338262149754,1482.8088305017384,,
Vimuktha De Alwis,1507.0181574812636,,1504.1145148869396,
Ricardo Rodriguez,1393.8619028527653,1472.947556697135,1498.7312856938618,
Jose Perdomo,1486.674777348408,1486.708666495455,,
Enrique Olivares,1515.9185750793147,1516.7158339425123,,
Jeff Gast,1493.1448298211112,1492.4249238705866,,
Clayton Almeida,1484.7116519051572,1493.9798530986725,,
Maxime Tchoutakian,1335.8895666082417,1482.6557726448914,,
David O'Hare,1325.25824854004,1453.6570647126532,,1501.4068025709178
Mehdi Jdi,1269.7593617493376,1489.8185616731485,1427.2527632408635,
Patrick Davidson,1364.5097951550447,1491.381018028291,1493.5557316552072,1477.0732673878535
Reid Carleton,1435.3309172017657,1483.3092697073794,1491.1643675204102,
Hamad Abbas Janahi,1405.2082417039173,1479.581544563566,,
Juan Sebastian Carvajal Jurado,1451.2950327195024,,1471.8895838285332,
Cristian Garin,1707.6457240124953,1713.1455481006471,1732.1579665859158,1652.4483418142302
Enrico Becuzzi,1204.0744969685932,1462.2723814155597,1386.059068402837,1491.4818641151217
Hufu Wang,1432.4313920860918,1472.7317720202764,,
Nian Feng,1486.1905010811836,1488.418276330311,,
Yu Cheng Li,1457.6621266916354,1495.2297977606545,1484.365000605537,
John Nallon,1494.2824040027854,1494.3125581347688,,
Samuel Monette,1386.4423993842784,1475.8006052707904,,
Giammarco Micolani,1483.7016753902546,,1486.4383902928798,
Denis Bejtulahi,1419.1448979780882,,1474.3401602692193,
Nik Razborsek,1343.072321292455,1484.2841321670526,1510.4976356182003,1479.0101544003658
Sam Barry,1408.159440397379,1494.3130353346949,1500.7124846828033,
Rafa Orantes,1402.6911794988077,1466.257152658026,,
Kevin Kung,1463.3890818326565,1496.7766561361077,,
Daniel Llarenas,1514.0921257138411,,1517.5,
Lofo Ramiaramanana,1373.8696679503364,1514.189375775366,1459.5255508623093,
Jacob Rasolondrazana,1408.439056212434,1497.9151263281046,1471.6649025563097,
Antso Rakotondramanga,1423.9992428679443,1511.380279124462,1504.5668717154276,
Ando Rasolomalala,1473.5090955244937,,1482.6836690808952,
Maxim Dubarenco,1464.1169984764917,1512.1728923334763,1527.076452415229,
Wisnu Adi Nugroho,1411.0233974378943,1452.586727198607,,
Mahammad Abid,1308.4470413745348,1465.1811313462958,1483.8742946794564,
Vladyslav Manafov,1291.6061703873559,1498.4948731068764,1452.4950630409146,
Abdelkader Benabdellah,1493.9888513506094,,1489.7495500778548,
Miliaan Niesten,1354.6101985152286,1485.6210474388383,1493.2047187307396,1502.1441488417315
Ayoub Chakrouni,1291.335106813005,,1442.3957322456047,
Khalid Allouch,1274.6943799552253,,1421.8621152274827,
Nicholas Naumann,1503.8363590035647,,1510.2657183743688,
Joshua Zavala,1487.7344805194969,,1485.5437773580068,
Amrit Narasimhan,1472.031177269043,,1480.3029748623026,
Lubomir Majsajdr,1363.1436558770547,,1466.3944677859927,
Can Altiner,1493.0279414556885,,1494.0812286392961,
Barkin Yalcinkale,1312.3753414048401,1459.9991269032457,1487.4915223050002,
Sebastien Couberes,1494.7491862573518,,1494.0780940118987,
Vincenzo Santopadre,1493.3237983085144,,1489.9917634786018,
Nicola Barraco,1490.6255942899884,,1493.5240636683811,
Felipe Soares,1488.9754291422541,,1489.8421493788567,
Enrique Bogo,1294.6960758633554,,1447.6813884920928,
Oriol Roca Batalla,1574.231987977374,1502.134849096691,1625.317707244131,1481.2310441643604
Sebastian Kraila,1488.0259921783697,,1488.761521365736,
Andrei Stefan Apostol,1343.82900801331,,1481.645524080482,
Christian Marian,1471.649162466231,,1479.6073355780056,
Dragos Dima,1354.474780651088,1514.1279161918962,1469.9212324561356,
Chieh Fu Wang,1364.7464991434958,1505.595909547703,1483.142620403799,
Bowen Ouyang,1354.772963520302,1478.2244121187573,1476.1899926097858,
Miki Jankovic,1373.2277770561336,1489.163949082902,1464.7653759044492,
Pedja Krstin,1371.1097908830711,1439.262801181373,1449.8981594349102,1452.2150792509317
Marko Rajic,1493.685254998507,,1494.0980712834767,
Matej Sabanov,1334.5420190434581,1497.625400088965,1496.5079865356595,
Ivan Sabanov,1129.6536687362561,1464.5548550090944,1461.9030379260194,
Djordje Djokovic,1328.3211503392138,1473.197667415888,1465.687249249431,
Artur Completo,1364.1318564896887,,1460.0473313643647,
Romain Barbosa,1355.0725094062552,1511.7625065119717,1487.6928632228398,
Joao Barra,1456.0543075776172,,1485.5653329774048,
Enrique Lopez Perez,1560.898992162634,1611.8252746643234,1562.1710354754562,1465.2573626189392
Henrique Sousa,1399.4572504759667,,1457.7579222758934,
Goncalo Loureiro,1425.901428459452,,1463.782935718706,
Maximilian Kolleritsch,1490.7078887668472,,1490.8684402603433,
Alexander Ritschard,1676.8643889218083,1564.7655554399503,1809.3118731630032,1510.5567246122225
Valentino Pest,1485.0,,1485.0,
Adam Pavlasek,1415.2206845864791,1488.6521038955007,1512.9252558432622,1506.210091785596
Skander Mansouri,1440.9976973787468,1470.1542727147335,1501.855931140158,1503.3037557405326
Hasier Pastor,1492.7439294572296,,1492.47732615296,
Adam Sanjurjo Hermida,1487.9885888720353,,1508.4636846744024,
Markos Kalovelonis,1298.7355085886018,1485.1925721557977,1478.8117280286142,
Cheong Eui Kim,1288.2245836919938,1428.1293346722327,,
Pedro Dumont,1449.005398766239,1485.4529560650087,,
Eduardo Dischinger,1320.233854074244,1489.8981067369589,1483.8599969891552,
Marcelo Tebet Filho,1355.728824033305,1496.5795011917862,1466.6173446025816,
Gianluigi Quinzi,1506.721727343844,1508.0396299181152,1564.2924077866437,1471.5659157614045
Batyr Sapaev,1254.5369603641736,1442.7229654535497,1500.9528089936975,
Daniiar Duldaev,1323.1734811722808,1479.2976098074032,1485.4409718648371,
Alexandre Pierson,1453.8463583703308,,1476.3343095218172,
Omar Giacalone,1369.303241766429,,1501.4096698233886,
Andrew Fitzpatrick,1485.0487982617321,,,1465.76945371367
Patrik Fabian,1384.4105162908604,1506.5167657898942,1479.4361476022489,
Luke Bambridge,1372.2176952859395,1485.1538526024933,1482.1318229459532,1476.7112600436408
Kyle Edmund,1610.7025430795998,1673.0367132027461,1614.2846131718463,1519.3053751201155
Jamie Whiteford,1473.6631912444798,,,1481.25
Keelan Oakley,1338.7902687876922,,,1439.5104511165575
Kirill Dmitriev,1321.6053412155047,1474.3167703650977,1464.7568835010486,1495.4013523996675
Kimmer Coppejans,1594.9499057323117,1502.2628753948775,1664.3643785411116,1490.3934854911813
Matthew Pierot,1480.8811387780147,,,1485.3049591907252
David Pel,1231.728102582557,1475.374023583922,1480.140065223167,1497.7940812499999
Jonny Omara,1412.2029722999794,1508.4579299914444,,1487.2251353093525
Joshua Ward Hibbert,1399.6913536445074,,,1440.1103978087133
Tim Puetz,1421.885293347114,1545.8099684172348,1518.110588357613,1489.925462908115
Jorge Brian Panta Herreros,1277.8948020579157,1429.1083235950287,1433.5995226225095,
Facundo Mena,1573.1370336129362,1514.9757867519445,1635.2150623978205,1500.7678923321234
Constantin Sturdza,1436.7426905464952,,1487.8134974071543,
Walner Espinoza,1459.751608855036,,1484.680007965048,
William Kallberg,1480.8447198911754,,1483.3106004035988,
Erik Crepaldi,1367.4195149231407,1487.896595261871,1475.6910051596478,1493.8588434411492
Isak Arvidsson,1430.3920590691837,1520.834608910324,1490.2162534132754,
Johan Backstrom,1432.0218272953293,,1468.4425946280837,
Igor Tubic,1402.2143701262353,1491.7396990422353,1475.9151198445004,
Giorgio Portaluri,1356.816299533513,1487.5172395321365,1477.6015144227192,
Kalle Averfalk,1489.5513982841644,,1491.4649757180148,
Rishabh Mehra,1492.905564758283,,,1484.9295228441517
Matteo Donati,1391.9323537183247,1483.9287464909248,1486.3733080859176,1495.6732831971863
Blaz Seric,1494.3636518929695,,1514.5547540248115,
Ivan Gomez Mantilla,1485.0,,1485.0,
Pascal Meis,1335.2765210404732,1472.6079449035437,1491.3280370740808,
Christian Wickenhauser,1486.3105277449115,,1489.9825369851428,
Yannick Offermans,1469.6109086877364,,1479.9563169273035,
Ivo Mijic,1496.8534200393326,,1499.1778401550296,
Viktor Galovic,1448.367458183511,1520.7138080105142,1480.812862969314,1528.8418636354722
Alexandr Kushakov,1320.508677762579,1454.2949124079366,1467.4146175394208,
Saso Bende,1475.0856085549872,,1480.6319476446924,
Filip Serdarusic,1480.165279384066,,1481.5813017009964,
Matias Castro,1370.7562000504574,1482.4662006739734,1477.7879154968962,
Jose Antonio Salazar Martin,1501.0543832946255,,1502.6988557863158,
Mike Urbanija,1198.432345605026,1471.6307545156767,1467.8068272081318,
Vijayant Malik,1397.5374936922872,1465.0763982296235,1492.4884088571632,
Xin Gao,1247.0063336528913,1371.732672642465,1483.0593894679791,
Arata Onozawa,1347.2946744389565,1486.7526713897264,1498.588212,
Christopher Eubanks,1749.4483757270075,1774.542701509386,1471.07909839928,1622.713294937043
Luiz Inaimo,1469.690295036224,1478.885681446203,,
Ignacio Taboada,1492.4784223347967,1493.227756118934,,
Nathan Pasha,1301.5468716357955,1465.4682890609465,1485.1447439593844,
Judd Motz,1493.745008118819,1494.292032121506,,
David Span,1476.1531375569205,1480.4960514040579,,
Eric Sock,1410.5369658281763,1460.344931424234,,
Dean Obrien,1291.8537221094368,1419.4036704264058,1467.4992295185777,
Riccardo Maiga,1390.8480211585752,1474.7190625830835,1496.293910297595,
Yannik Reuter,1508.7292015754258,1553.6826369314304,1525.5093104810408,1482.0167376173529
Mitchell Krueger,1659.184192851766,1672.6326052219688,1556.586965332992,1493.2368030586138
Gleb Sakharov,1566.505142266992,1665.634963994095,1471.3800952467177,1453.761185135603
Isade Juneau,1374.6395685503353,1457.3455244225281,,
Takuto Niki,1365.5335024464914,1464.5813368382692,,
Dimitri Bretting,1491.320363114406,,1491.2766392079695,
Francesco Vilardo,1296.358388850398,1489.3621112109124,1474.6986244949721,
Federico Valsangiacomo,1479.817976953851,,1481.25,
Damiano Di Ienno,1413.1815150131195,,1485.4237429076725,1463.8310851237054
Claude Benz,1487.439007716311,,1488.9644423612215,
Alexey Tumakov,1482.8546501385663,1485.7475212305144,,
Aslan Karatsev,1760.765143529463,1745.150690565721,1766.9272403774416,1460.0672899367007
Jan Subota,1480.99028922337,,1484.6826569341251,
Yaraslav Shyla,1378.9751325392874,1495.3761799437182,1476.005282349059,
Nicolas Meister,1382.3596903722112,1497.5148343217686,1493.9325149806273,
Egor Puntus,1482.3150838798176,1484.28917649546,,
Daniel Baumann,1493.0945051334293,,1492.6903498379904,
Max Wennakoski,1437.1790580545714,1508.4337011297575,1489.0807196425997,
Yuqing Ning,1273.953068987845,1457.1735499193987,1487.3287138070161,
Yuuya Kibi,1509.6450468671428,1564.3868813094525,,1507.435708709214
Matthieu Roy,1441.9401940894431,1493.661070003353,,
Vlad Victor Cornea,1197.4858093784412,1427.6152304227649,1431.3515813851109,
Lucian Gheorghe,1339.7793524835156,,1467.3978515927095,
Lorenzo Giustino,1523.587437568306,1483.8676737379683,1576.7168578900134,1426.2962400734318
David Hopkins,1492.2806259154902,1492.8594923036994,,
John Harrison Richmond,1509.4365551017652,1509.3857966814974,,
Amogh Prabhakar,1485.0,1485.0,,
Carlos Benito Hergueta,1493.5510460854198,1488.4613178913426,,
Taro Daniel,1743.3990493310698,1790.95659190501,1636.7805196400886,1463.4701291408865
Ricardo Villacorta Alonso,1406.5403656569163,1498.1119256337265,,
Wesley Koolhof,1275.9437489304519,1507.2079172005162,1495.7990878184878,1475.4357687489755
Moritz Baumann,1426.8072490520076,1486.274130763275,1494.5174707820415,
Jeroen Benard,1487.0917014088589,,1488.655010849722,
Matteo Fago,1486.9649863212514,,1487.578733584107,
Steven Moneke,1416.1944245736145,,1462.2905009373753,
Ruikai Wang,1270.2157157777513,1450.9081420835773,1468.5820913949972,
Ugo Nastasi,1253.747278075753,1484.6025656938243,1479.7326560660804,
Gauthier Stauffer,1484.2586597688778,1486.0561636777147,,
Jules Marie,1484.4207576753467,1523.7478850721097,1523.8032092386793,1477.5739212889162
Maciej Najfeld,1492.1619203458556,1492.503725128414,,
Mario Vilella Martinez,1588.5094291933751,1633.118637682132,1628.046086857353,1469.4195808651698
David Perez Sanz,1229.2847438010315,1475.3771712341124,1460.2521489332019,1494.7988515200573
David Vega Hernandez,1325.96674003406,1499.8098929011417,1472.9155503753907,1498.53209263004
Raul Francisquiny,1487.264230777344,,1488.7727678301976,
Sebastien Boltz,1443.838025200886,1506.035646248432,,
Emmanuel Greff,1422.7796606885252,1465.5724871647028,,
Laurent Malouli,1492.136019724642,1492.7594773810101,,
Jean Pascal Vernet,1431.9735103162716,1474.0562232289635,,
Hugo Schott,1333.361044778431,1465.2951127414574,,
Nikolai Fidirko,1533.6132867183621,1541.0777473088885,,
Timofey Skripkin,1484.5465097258502,1484.6110833326784,,
Artur Gusev,1406.4074717895771,1466.7764708581765,,
Vugar Aliev,1470.4442426729443,1481.0117362871094,,
Nikita Gudozhnikov,1434.5799356345428,1468.3396811967111,,
Egor Gerasimov,1509.3820734274946,1569.278930838327,1532.6488216655946,1425.1120334641537
Arkadiusz Kocyla,1501.7937011445356,,1503.6447668966118,
Kovit Ratanaphet,1470.5745610225094,1478.893222509547,,
Nutthanon Kadchapanan,1432.056141503429,1490.5359748261503,,
Teeradon Tortrakul,1415.7841423724606,1472.148424882387,,
Nattan Benjasupawan,1362.9499550201529,1459.72224092588,,
Pruchya Isarow,1269.1294532068105,1451.3562250614523,,
Singekrawee Wattanakul,1411.559034468533,1480.2298877212022,,
Chayanon Kaewsuto,1340.201604260951,1471.8159827939542,,
Grittaboon Prahmanee,1481.6922840447382,1484.8476321539033,,
Colin Wei Ming Wong,1472.430563513881,1479.9214160999093,,
Syed Mohd Agil Syed Naguib,1348.244776997867,1456.5360797897551,,
Ruslan Chomaev,1489.8852006864602,,1491.7597388402564,
Lucas Dages,1468.8661088568977,,1482.8422687335494,
Jose Chamba Gomez,1430.4235953311697,1490.1191403435655,1491.946302971022,
Shuichi Sekiguchi,1400.1105887978065,1497.8071941860774,1501.2140877760085,
Kaichi Uchida,1434.9898413943954,1484.5534558762813,1512.491937758257,1510.0240429368037
Zhizhen Zhang,1838.1485844442398,1730.2714483876853,1861.0530859068158,1533.5949726098092
Facundo Alvo,1405.5722610991786,,1468.3363626152823,
Daniel Nguyen,1512.065137437935,1559.1458900338857,1488.8930171446455,1495.042531490344
Alexander Vasilenko,1420.8055197045223,1507.9121611068445,1518.4989286041794,
Evgeny Elistratov,1421.1587458070214,1491.3210354734445,1517.9228154701204,
Ante Tepic,1480.7047496533007,1483.958262492391,,
Anton Waern,1474.7492395091238,1481.0448350078673,,
Jonathan Mridha,1337.016561427542,1474.2541735535283,1481.2441155615188,
Elliot Carnello,1485.0,1485.0,,
Markus Schultz,1480.2140754058112,1481.25,,
Elias Ymer,1607.1497445385478,1595.645250114605,1661.5888860018322,1540.5771346637343
Christoffer Solberg,1377.958409488779,1491.5492455423412,1499.2423005930928,
Filip Havaj,1483.241511006413,1485.0254926169946,,
Lucas Miedler,1446.398026489265,1504.8234661347446,1499.3631434184654,1492.72346076315
Pascal Brunner,1328.9308789449015,1499.4152374687737,1457.0943994218449,
Tomas Lipovsek Puches,1276.4408795156498,1499.3720567659238,1412.8118631766677,1499.152574253
Gabriel Friedrich,1477.5928981832642,,1481.6220041721306,
Hyeon Chung,1613.846852823954,1691.413115693692,1628.3817678447986,1456.508904764391
Martin Rios Benitez,1422.493550565171,,1474.9215316645627,
Franco Scaravilli,1487.7032377148626,,1489.5841427015732,
Alejandro Jose Gomez Estrada,1489.076585330176,,1490.4584577990306,
Mateo Nicolas Martinez,1301.0053324663718,1484.3931024665508,1478.4559848545582,
Brandon Fickey,1490.7981650891925,1491.8062352691554,,
Myles Orton,1458.848230767108,1493.14944398932,,1498.4586379758698
Tom Burn,1487.8274116415223,1488.9002099136865,,
Patrick Prader,1372.5353620510357,1469.1493421640023,,
Alessandro Petrone,1361.1643633132423,1468.8858185977247,1483.2294696195152,
Wilson Leite,1372.4774513391535,1449.393643759412,1426.4824485734232,
Diego Matos,1384.7290761456004,1487.68614573624,1478.3325191380989,
Stefano Blatt,1491.152423188291,,1493.43718565958,
Tim Kopinski,1297.2067885127562,1454.3200012531697,,
Manuel Luis Lamelas,1490.445501732113,,1487.6244473315737,
Masato Shiga,1296.4007600939738,1446.2718504983727,,
Yoshihito Nishioka,1809.1053449611074,1810.447725471581,1691.791511436996,1512.7932603527013
Robert Ziganshin,1442.1050840328421,1474.015643861385,,
Sidharth Rawat,1313.446123967142,1461.6175736524576,1494.7743243333184,
Saketh Myneni,1383.356111582754,1501.4881208696204,1473.4845975746468,1480.471178209839
Arjun Kadhe,1305.1417144374677,1404.7795529037382,1425.582856618122,
Elwin Antony,1473.5741852247238,1480.0315289748673,,
Ashwin Vijayragavan,1471.550517384422,1479.3298402332405,,
Ali Al Saygh,1434.7754183266854,1484.8029051807955,,
Lucas Pouille,1852.9269060841496,1813.8630986766098,1709.1217819530982,1639.987517534316
Nicolas Ernst,1457.7363880096564,1495.0341090053405,1477.8482913844489,
Sam Matheson,1493.7273372978464,1488.4404383212823,,
Cameron Norrie,1862.3990673248697,1867.9118762483272,1896.8679249814154,1639.7094459095038
Simon Ede,1420.4910719304673,1472.4642773097949,,
Jay Andrijic,1459.3312729638205,1487.4717158602239,,1483.9264667741968
Jordan Thompson,1979.5465338844422,1970.5105036620705,1558.6050084489202,1686.7834157707305
Thanasi Kokkinakis,1948.7266744569279,1913.8092446312523,1778.292208461389,1480.4219327193384
Jacob Grills,1417.8193857431468,1478.93123755387,1515.111377853402,
Petr Michnev,1362.5174239917746,1496.267127170423,1461.4741442285833,1480.910905595786
Rong Ma,1418.0258971013009,1474.7722221543797,,
Alvaro Ochoa,1391.9362113468715,1479.8005631876263,1468.3514733851025,
Ryan Agar,1373.9926008177285,1438.9222819389931,1484.560688027593,
Bradley Mousley,1352.3017706449557,1432.0182435753773,1495.2598134266339,1500.361063373489
Harry Bourchier,1350.9709294769864,1471.6631852812504,1482.965628237314,1499.6084749000868
Nerman Fatic,1516.515506406754,1528.327339102798,1577.73884080407,1480.0997397523993
Jaan Kononov,1485.8474381947676,1487.337861379872,,
Marek Marksoo,1479.6688156319256,1481.4978803230356,,
Naser Al Obaidly,1369.4742231098808,1463.0538734980744,1479.636453317526,
Petros Chrysochos,1362.7464586956205,1493.387435000812,1508.297889387662,
Soteris Hadjistyllis,1496.3483891839728,1495.9192145262125,,
Viktor Filipenko,1442.0225196989925,1453.1665001279418,,
Christian Garay,1463.5653190730081,1526.250292793773,,
Lucas Gomez,1274.7234627738544,1454.4017517851037,1504.7996425172105,
Michael Massih,1461.3853490948293,1469.036594005152,,
Hillel Rousseau,1280.076044294309,1477.1832717456061,1462.0524023280082,
Loic Didavi,1492.7307583667016,,1493.2271951400965,
Alexis Klegou,1358.4738779128659,1492.299268726551,1477.7235846790134,
Andre Gaspar Murta,1423.0364391197265,,1504.924740895033,
Tunde Segodo,1486.0,,1486.0,
Andres Bucaro,1434.2497228833413,1488.9462094174794,1481.9829969348414,
Alessandro Bega,1366.447866950262,1458.3218441848148,1431.159594923573,1501.8030827039593
Tak Khunn Wang,1506.2893587053982,1582.164748039643,1518.7225555301359,
Yannick Jankovits,1434.558744796396,1506.7452721284476,1470.264481957434,
Nicolas Jarry,1828.161170311083,1774.121956039998,1916.9848098089824,1550.4096525529071
Bastian Malla,1321.025778533816,1496.3900240927694,1468.5124721392563,
Duje Kekez,1291.705090543086,1495.8481819171857,1479.8980406936323,
Borna Coric,1736.0405044594845,1763.5034287536373,1778.0757247938486,1526.808310852535
Mladen Mitak,1408.977740340125,1476.4293834676216,1499.0376055699132,
Fabian Van Der Lans,1492.8904940053294,1492.204361748474,,
Denny Fafek,1489.8806397098115,1490.8665276879442,,
Boris Nicola Bakalov,1429.3839513266537,1481.5208779756817,,
Jason Jung,1592.8448899685238,1631.9136471191964,1506.0754837734419,1521.268142355211
Juan Ignacio Galarza,1397.3677885465145,1491.2164016021727,1499.454347645105,
Connor Glennon,1475.6619878604608,1499.005840224137,,
Constant Lestienne,1690.561174390811,1726.2061769986403,1453.3967262173644,1459.2749305374307
Juan Rocha,1480.7740633458234,1484.167451391673,,
Jared Hiltzik,1498.732174555963,1582.3824275842483,1452.571166961697,
Nicholas Horton,1416.893525091439,1489.3566743126682,,
Hugo Di Feo,1344.9519565977823,1459.861716640542,,
Brayden Schnur,1473.553613868367,1518.6836367181688,1496.229255128767,1516.2479910421287
Deiton Baughman,1421.9463800445233,1521.589821502597,1503.0617510633542,
Calvin Hemery,1672.4569530402873,1621.5550022497423,1672.2019827233992,1493.3337942211574
Rodrigo Senattore,1471.8684423866043,1503.664124821635,1511.7091894805299,
Santiago Maresca,1322.835981801061,1501.7744970213544,1473.9686287863526,
Markus Kerner,1479.047358512492,,1482.5,
Jean Segodo,1497.5875234575608,1496.770403476108,,
Magloire Yakpa,1485.2519341271104,1485.2754442749067,,
Luciano Ramazzini,1384.6432480546973,1471.9184262647057,,
Rogelio Siller,1479.7471380003512,1500.7326993917418,,
Kasparas Zemaitelis,1486.2977938460072,,1487.4683518318468,
Guilherme Hadlich,1487.6963553337123,,1487.6674215597197,
Omar El Hizaz,1491.617635285261,,1493.2188778456666,
Soufiane Sahli,1474.097982796157,,1479.9808026081,
Mohamed Ali Kraimi,1492.14544012821,,1489.755749663893,
Youssef Taimimount,1493.313028244025,,1491.0174520897808,
Mohamed Adnaoui,1409.2496715305388,1491.9641194927874,1478.4849960647825,
Bayo Philips,1447.5322886872466,1492.5103662588995,1474.6236301506256,
David Warren,1381.6739488852172,,1471.4033919690764,
Connor Curry,1473.1187757634052,,1480.397782928572,
Vullnet Tashi,1399.9370971261221,1482.2599345734338,1471.6073079655298,
Anil Yuksel,1276.41266384173,1460.0085901155219,1491.5047280090998,1485.9243274815171
Cem Ilkel,1470.0446154035023,1554.2763131475847,1450.3522704305622,1411.1393250708254
Filippo Baldi,1411.3579972665975,1499.202111085033,1464.02678016069,1470.3854076785776
Caio Silva,1361.6088939554506,1508.5643392847273,1471.1065319900727,
Pol Toledo Bague,1306.694953287116,1496.5654998387063,1450.0174735330834,
Patrick Ciorcila,1441.6445036261864,,1465.363673066301,
Zhao Cai,1356.3665795960735,1465.6479082817043,1494.5822457078457,
Rodolfo Periera,1485.6041016610745,,1485.6041016610745,
Felipe Cunha Silva,1338.8627378322096,,1459.8635795303046,
Tucker Vorster,1420.394753836367,1468.0720126956112,1495.7851322928059,
Keith Patrick Crowley,1412.5636332145168,1480.2054031026555,,
Richard Becker,1447.5448737795334,1487.8783839765533,1500.0929430525562,
Wayne Montgomery,1444.6370598903957,1492.3042014535317,,
Phenyo Matong,1488.0,1488.0,,
Kevin Kaczynski,1478.613531931306,,1481.3037584602052,
Maximilian Dinslaken,1376.392233550696,1477.0482201166842,1483.2216641945834,1472.4597106666322
Tomas Papik,1381.1347858962165,1509.9145728496737,1477.1317515706419,
Dominic Cotrone,1489.358829940371,,1489.092510185868,
Salif Kante,1488.3257716974874,,1490.5058129856545,
Sanjar Fayziev,1247.0190115652092,1466.7643693882908,1461.5804971655334,1496.4735211268446
Alexey Vatutin,1530.6924465394193,1571.6833027270206,1526.57074335153,1488.3747179937227
Carlos Eduardo Severino,1356.673644529394,1480.0282909162656,1494.818745560485,
Denys Mylokostov,1428.7472080232033,1485.1577329961015,1497.4337284652788,
Duck Hee Lee,1369.310368273716,1482.943634855708,1489.0463970400851,1492.407116590972
Alexandre Massa,1428.792952983384,,1474.2178412381081,
Cedrick Commin,1482.548275388308,,1485.7112637366295,
Johan Sebastien Tatlot,1523.5428582756533,1567.6372524300261,1535.007053170098,
Quentin Halys,1878.5213987674217,1826.6366229973914,1758.5137950715334,1641.9532525628247
Dragos Torge,1484.6488073213718,,1487.4604162107826,
Salvatore Caruso,1494.1913145827732,1619.174899396197,1507.2855887027408,1534.612701495936
Maxime Hamou,1335.0500593692154,1417.7057814780221,1489.3679183410445,1497.2105098556424
Lennart Zynga,1456.0776523886905,,,1488.6918353396345
Omar Jasika,1526.2985377063098,1614.0890040059774,1452.0057609266282,1446.7399027129836
Miles Bugby,1415.4640475668866,,,1459.4704207139607
Adam Thornton Brown,1430.6624615529124,,,1457.6386292184538
Stefan Sterland Markovic,1464.9800726525073,,,1470.3800336443203
Robert Carter,1480.8549197785187,,,1482.5547761912148
James Ireland,1485.4837856463223,,,1486.026278222868
Jan Satral,1577.0289456770824,1534.640655932648,1599.770183521043,1486.5471769050669
Lukas Marsoun,1491.3998068913386,,1490.1115368411345,
Dominik Suc,1425.7029411902204,,1510.7507398063492,
Robin Stanek,1404.6923332509657,1513.6870001226914,1495.546594374848,
Vitalii Shcherba,1337.5478546013294,1472.4797172014669,1475.416095582688,1501.8239662561623
Evan Hoyt,1381.2895788054382,1455.1492896419174,,1426.5102975041432
Riccardo Sinicropi,1441.2423991665032,,1488.597684226455,
Andres Cabezas,1477.6179972579835,1486.1366721136956,,
Stepan Khotulev,1452.6898653488875,1458.970992564785,,
Marko Lazic,1493.3981409810349,1491.065922034769,,
Joachim Bjerke,1366.8618456597696,1447.9454664373693,1471.5843800986818,
Philip Moebius,1477.8456263349015,,1480.7788902239774,
Daniel Windahl,1427.8928028347434,1477.5133649487243,1505.5777004982895,
Filip Karlsson,1489.852267402583,,1491.0447587227275,
Nima Madani,1480.4530917215595,,1481.25,
Morgan Johansson,1453.0110946675122,,1477.8785463666347,
Jui Chen Hung,1279.9548240376114,1452.514437198728,,
Stefan Kozlov,1589.783306227871,1586.8466800016454,1595.0875229138944,1493.1190669429523
Krasimir Kolev,1475.5352998891303,,,1479.9406866909171
Jared Donaldson,1736.833578392699,1726.07950311173,1627.1962972318497,1495.2036504479397
Takura Happy,1465.203168606299,1493.1221337766488,,1489.0900095353525
Lukas Winkelmann,1472.2495383981527,,1479.0317822198338,
Alexander Mannapov,1383.6872877776223,,1490.3241144316462,1487.59928383763
Adriano Quinti,1486.987924882311,,1490.1026327883612,
Pedro Pablo Ruiz,1428.3967363092372,1486.3378060114824,1492.2269088531045,
Daniel Elahi Galan,1689.544982929965,1640.6198807109715,1714.920083217365,1581.9945910269905
Barlaham Zuluaga Gaviria,1419.669207744053,1490.0197749692418,1485.0,
Mateo Andres Ruiz Naranjo,1366.1760948669587,1478.0704029549659,1474.3926069923755,
Felipe Rojas,1400.2800741857584,1468.1965956418987,1496.9727267448586,
Blake Mott,1424.2102007705,1511.8922468057185,1497.5177570240592,1472.5252749167603
Florian Barth,1446.372230393043,,1474.7365440634067,
Frederik Press,1490.8272127101693,,1491.5882973998857,
Finn Meinecke,1491.298945327219,,1492.3820970295042,
Kamil Majchrzak,1769.9981208872628,1744.1649227891592,1785.2925441580078,1587.2737173575604
Wojciech Lutkowski,1488.1974120111179,,1486.3631886402861,
Timur Khabibulin,1264.4236092799495,1449.9674637902976,1493.5019911786255,
Dmitry Popko,1535.2967654675062,1509.2670009113212,1607.5710730521382,1485.1642926760944
Nathan Rakitt,1442.4145522963574,1471.3376292283738,,
Jacob Kahoun,1406.7713105139746,,1470.9596914325432,
Thierry Roggi,1443.5873969401387,,1483.8795245259425,
Alejandro Mendoza,1124.8531842279806,1476.5277252287349,1417.9267434370645,
Stefan Fiacan,1431.4837617443443,,1480.5960154478134,
Rui Pedro Silva,1482.4574897349019,1485.2312245436676,,
Libor Salaba,1423.49246003927,,1477.8846803109475,
Joel Popov,1409.7818340638216,,1470.5515465653607,
Luka Zaninovic,1449.4956542020618,,1486.3055989165875,
Tomislav Draganja,1370.2573313619955,1476.163581781811,1470.8240765048033,
Nino Serdarusic,1471.1831858449777,1521.886748158604,1522.6265588471492,1465.6605024674825
Miha Mlakar,1507.2410685520092,,1508.0187471413724,
Matej Svjetlicic,1485.0,,1485.0,
Andres Arce,1482.6434985734334,,1485.536408230056,
Dominic Weidinger,1484.385982732072,,1486.1439576624084,
Matthias Haim,1354.0855119472067,,1447.5046318735324,
Joy Vigani,1413.4432463047292,1484.4222736215336,1487.4279892692807,
Jan Kuncik,1485.378746340986,,1487.61286944756,
Tommy Mylnikov,1456.9960884109914,1479.027786370299,,
Mackenzie Mcdonald,1801.6173537961972,1848.762945637266,1561.910189788146,1563.107386656637
Mikhail Vaks,1499.5572566707062,1554.9414278019804,,
Vladimir Polyakov,1271.6491331574855,1473.1340283689335,1488.302287975477,
Timur Kiyamov,1412.0484561328024,1464.4596819080518,,
Romain Bogaerts,1494.4701657754613,1493.9554252056175,,
Adam Lee,1474.6982938109527,1504.6221635424054,,
Aws Laaribi,1479.8638181433141,1481.760713142977,,
Strong Kirchheimer,1461.7717869656142,1520.5695059744032,1464.601632176773,
Punn Bodhidatta,1362.1687212611857,1461.8742268031135,,
Collin Altamirano,1325.5550759866785,1473.3644521631156,1481.0797805980642,
Gage Brymer,1292.2585295064353,1425.8393276663783,,1477.8859786320731
Noah Rubin,1486.3379409875436,1548.889510301294,1538.4165973275358,1500.8216489574222
Jelle Sels,1508.6372224511347,1554.3648567396049,1565.630490461375,1452.7147324577784
Andrei Patrui,1422.3265326227684,,1471.6449704003417,
Gianluca Mager,1552.7172677322053,1563.209154249485,1600.781170767528,1497.2531107796508
Enzo Couacaud,1632.0182845213367,1662.8164156338335,1667.3136363403203,1553.7038380972028
Laslo Djere,1811.7924434821139,1792.8920346606017,1814.0936396680063,1477.3059324297228
Sebastian Exequiel Pini,1382.824819563584,,1458.1287263349013,
Federico Coria,1703.7857777399463,1533.409839031597,1759.4127692273748,1407.1852137908938
Lukas Jastraunig,1426.2255765721525,1503.420129285515,1469.7756129806378,
Laurent Lokoli,1580.196253690934,1607.3573727365979,1543.8836631821716,1545.53619305357
Joe Hatto,1494.1641136311284,1491.7157581207737,,
Peter Bertran,1259.3659852192395,1474.0364928430315,1467.2498368137697,
Ghilherme Scarpelli,1448.7746799063857,,1480.9224133203109,
Hugo Perrin,1469.2486824965683,1479.0091940175114,,
Sascha Meis,1486.052275178253,1488.4854074003922,,
Sam Barnett,1444.699526822817,1486.7458851963015,1488.0307902486288,
Karen Khachanov,2038.0959922451225,2025.323119125383,1963.6322472609509,1635.2710022603546
Kirill Saplin,1361.1246988724051,1474.2270287805982,,
Teimouraz Metreveli,1485.0,1485.0,,
Fedor Chervyakov,1426.4755999467254,1503.203996018148,1486.8676154300858,
Artur Madzhar,1485.0,1485.0,,
Timur Razmaitov,1476.1825736729622,1479.7179356279905,,
Dmitriy Dosuzhev,1480.644213491919,1483.9852498109344,,
Alexandr Igoshin,1257.3143713986747,1446.8286392307914,1472.7709516075345,
Pavel Zelenkin,1478.4083247136614,1480.0732809036842,,
Pawel Cias,1345.9029172009084,1499.3834745851277,1501.706133946034,
Watcharaphong Iam La Or,1477.7994410667677,1479.6268144622782,,
Ben Mclachlan,1333.950222023365,1464.1006208053032,1485.7883293158225,
Rares Ispas,1495.2796530554006,,1495.6999068515183,
Pedro Sakamoto,1477.7512625924542,1506.240953452962,1540.9481074275927,
Francisco Bahamonde,1487.091148028128,,1541.2313375916888,
Gonzalo Villanueva,1535.4396259225093,1451.4564715231463,1606.0495197945852,
Gabriel Alejandro Hidalgo,1409.514367340095,,1495.5779055584883,
Pedro Cachin,1587.7567939522025,1487.2521562624759,1685.3347602627455,1452.6841685379497
Marcelo Zormann Da Silva,1302.00507341429,1496.240637236091,1402.1969251544706,
Aoran Wang,1285.6522003452997,1433.9459249334611,,
Hao Zhang,1489.3987192457355,1486.14010533163,,
Siyu Liu,1408.8027084303249,1470.6424768757827,1486.6929613428529,
Jurabek Karimov,1295.8569350038422,1462.436480347024,1487.8634011921629,
Campbell Johnson,1489.8469177838097,1491.178125288383,,
Neal Skupski,1383.2951096635302,1480.4268061276057,,1488.7457189381973
Ilya Vasilyev,1403.6035764068163,1487.1905805594977,1515.9283683593258,
Andrey Rublev,1953.8652494317942,1949.8361110947799,1987.846324335998,1679.2338914107202
Daniil Medvedev,2138.620778179196,2125.36676158276,1953.4891964583187,1797.640962617586
Boris Pokotilov,1360.345064704291,1473.3827320915834,1497.9,
Mario Haider Maurer,1480.039932373159,1484.697029464492,,
Oliver Ceranic,1473.5148832030866,1481.25,,
Daniel Eger,1484.2844590050481,1485.0,,
Marco Prochazka,1489.6891421840173,1490.0810476206975,,
Marius Pimishofer,1484.1784148894646,1487.3181452031822,,
Johannes Schretter,1442.3518720091804,1479.528740923502,,
Jan Poskocil,1486.4488236895209,1485.9872008359985,,
Philip Lang,1501.6572543841437,1504.5333950443064,,
Jacob Coenraad De Klerk,1484.709633820045,1486.34339396608,,
Young Seok Kim,1219.7307683141084,1450.092047858684,1499.1303811253931,
Brendan Moore,1490.1054727313701,1491.5412076286764,,
Darren K Polkinghorne,1400.4308372405526,1480.4042942340907,,
Richard Yang,1488.0,1488.0,,
Chanchai Sookton Eng,1266.4578215144318,1459.4936743299359,,
Jonas Luetjen,1452.7273891434734,1487.562292202118,1525.200825881812,
Nicolas Kicker,1514.6284569683553,1525.7468530373392,1594.522151268936,1456.268375594798
Jorman Gustavo Reyes Plua,1454.8929180886898,1486.2967974200556,1491.646135203064,
Duilio Vallebuona,1446.0157073356868,,1482.8481349121655,
Juan Pablo Varillas,1602.4749832764105,1499.687934227941,1668.8947737983838,1437.1492179840754
Sergio Monges,1414.1243308209755,,1475.7914179492827,
Anton Galkin,1422.862435278468,1497.6859437810165,1488.9546134364514,
Dmitri Perevoshchikov,1492.8107261296018,1488.9047034148186,,
Sasi Kumar Mukund,1437.4639476159298,1511.870758126162,1472.5985481101093,1489.6450066127231
Sumit Nagal,1666.8772732668936,1626.7675523020403,1773.9370892596403,1467.2389633368189
Karim Hossam,1439.1396811960485,1491.8888008633342,1468.0649038504764,
Abdullah Shannan Alharrasi,1445.4063315239605,1471.228003078181,,
Jassem Al Zeyara,1455.8712609175739,1479.8835711411066,,
Abdulla Al Mohamoud,1491.8057606195275,1491.254936547996,,
Abdulla Al Jufairi,1492.710727701348,1492.4664738324973,,
Moritz Buerchner,1505.2326301004148,1497.772838466287,,
Osni Junior,1358.9057081168,1493.5921048856476,1462.600297870973,
Alexander Klintcharov,1332.6960189344434,1446.1803350626765,,
Rhett Purcell,1309.6334046479337,1493.5301270408972,1489.6290073182843,1495.0648306523033
Daniel Brown,1478.5668834121918,1481.8099828135105,,
Akira Santillan,1452.8633244945336,1471.0587613205105,1577.3049820557894,1501.8669679453453
Marc Polmans,1559.0818789589382,1620.6281959993296,1546.6430362589654,1504.8017728734212
Thibaud Berland,1432.1112851843543,1485.1877495122283,,
Christopher Oconnell,1847.9253110982884,1834.2946563912087,1688.1914918708292,1573.6368244451996
Luis Fernando Garcia,1485.2619879528168,1484.9186036441024,,
Dylan Centella,1489.8641118918406,1490.1789991288879,,
Jose Carlos Peralta,1487.5258601746957,1489.416020995216,,
Jose Olivares,1357.807673953231,1501.8176038258252,1486.5604809401098,
William Kirkman,1422.1110581588816,1474.0338421888923,,
Janis Podzus,1366.6087997473446,1470.496665951868,1487.75,
Arturs Lazdins,1420.9682472401719,1474.8502718413386,,
Russell Moseley,1425.730016279307,1473.272416460283,,
John Morrissey,1499.0214593694445,1500.503797791026,,
Mikael Torpegaard,1441.781485529613,1510.9194914770474,1482.9811105645022,1454.3417500061084
Abdulhameed Alshatti,1457.8993889249134,1465.7630982338783,,
Christophe Tholl,1386.212755010252,1463.437051010937,1485.1699003247816,
Viktor Durasovic,1446.169528653637,1501.9702423500676,1523.5506180577693,1481.261390496646
Mantas Bugailiskis,1513.7377835294678,1513.749014206185,,
Juan Borba,1382.0555326546114,,1457.5400088581903,
Sebastian Quiros,1411.1608285569507,1482.5,1487.4987046178255,
Salvador Andres Bolanos,1461.7718733784257,1481.3322788515181,1485.2231349999458,
Justin S Shane,1421.2915749987517,1495.1903101662483,,
John Mee,1488.4395376327248,1489.823278280047,,
Rudy Coco,1495.8641907268268,1496.5293813333415,,
Kevin Boumlil,1482.110451677384,1481.25,,
Maxime Janvier,1492.5977230102787,1463.6481283066591,1504.5589154785569,1524.2609733811066
Bastien Favier,1478.7117585939382,1479.727383101364,,
Felipe Garces,1479.8589246941322,,1481.7315016341875,
David Fleming,1346.3691811951662,,1458.5558292778555,
Joao Riquelme,1474.523654326225,,1481.2266200772765,
Diego Vives,1489.0230803287661,,1491.8307526387603,
Myrohn Miranda,1488.4143493164386,,1489.7392331969054,
Cedric De Zutter,1487.6504978511525,1487.8521701579998,,
Ian Chadwell,1491.0101389577144,1490.8965570583491,,
David Oleary,1479.4667943653587,1480.8746177020796,,
Joan Marc Grimal Ferrer,1498.7136878558376,1505.9558733241297,,
Ognian Kolev,1445.244287385427,1462.4543053087643,,
Quang Huy Ngo,1472.5524392472598,1481.995017399015,,
Thien Nguyen Hoang,1343.1975491929022,1443.8258753870623,,
Linh Giang Trinh,1285.9353834772369,1451.6892567132254,1487.75,
Aleksandre Metreveli,1197.6714819719723,1465.6824040249594,1473.636486118644,
Kuatbek Abiyev,1485.6403157193497,1486.4006200453694,,
Jakub Wojcik,1411.5013714477889,1486.875,1487.7320163225456,
Daniel Kerznerman,1508.5462220954882,1511.971615337619,,
Zachary Pelts,1490.0629944396303,1491.375034559467,,
Marcos Vinicius Dias,1444.7899273884461,,1472.547419854118,
Joao Walendowsky,1424.2066635399472,,1487.6867730510216,
Victor Hugo Portugal Pereira,1478.071233348007,,1480.8527875245165,
Charles Costa,1475.3323039925053,,1481.6648173007059,
Alexandre Tsuchiya,1389.78395583509,1481.8942057785514,1493.6651859718106,
Idio Escobar,1492.0919882209396,,1492.6575214240956,
Takashi Saito,1319.1377886252744,1472.2734318107523,1476.9505850504765,
Jose Gilbert Gomez,1401.2099605608187,,1483.9793885136833,
Eduardo Yahir Orozco Rangel,1433.303414273205,1486.6751399097961,,
Tristan Meraut,1418.1266859910743,1478.5664065991584,,
Dinko Halachev,1470.786076173528,,1480.1395304265948,
Mazen Osama,1512.8589667657018,1516.4420641388822,,
Constantinos Ioannides,1478.4569291493592,,1481.4715570782876,
Sharmal Dissanayake,1318.1278861911926,1497.5788064908318,1484.0578367169792,
Eduardo Russi,1284.7871483420201,1458.4202725054597,1459.8015206246764,
Nizar Belmati,1427.1800369428197,,1480.8216645907507,
Srikar Alla,1504.18569490606,,1500.2725476506066,
Adam Gustavsson,1485.0,,1485.0,
Claudio Fortuna,1332.839556159429,1496.10754387645,1452.182620140581,
Alan Nunez Aguilera,1422.7268038112393,1458.1505159036763,1495.9631628546783,
Marcelo Amador,1479.9896963778763,,1484.5203229742813,
Guillermo Nunez,1488.6428157903263,,1491.2996728034586,
Juan Pablo Paz,1411.5176627715514,1505.0632731919222,1490.3462437485957,
Naoki Nakagawa,1461.1402878339156,1537.3253263695908,1488.1095350875496,
Andras Szekely,1495.6925505097877,,1491.3049294592358,
Yuanfeng Li,1244.0302142278408,1437.3430275607082,1484.912191964236,
James Cluskey,1491.061556239997,,1488.1834765940814,
Duarte Vale,1300.757750771091,1472.0504449515586,1425.8181612957274,
Eduardo Lameiras,1488.4733633148148,,1488.519452634712,
Adrian Obert,1438.0357452963021,1492.2630643011983,1497.1502947175834,
Cristian Gonzalez Mendez,1487.218481101446,,1486.5949088095722,
Ameur Ben Hassen,1487.4959984769064,,1490.231692568004,
Danyal Sualehe,1492.6465255498981,,1495.3352868790428,
Mehdi Abid,1490.8475736352943,,1493.7165415929633,
Scott Nicolas,1487.997123071444,,1490.303038612984,
Manuel Pena Lopez,1370.2748264230247,1475.7721111484814,1517.6878900636245,
Jonathan Gomont,1490.1803448430194,,1480.886865337547,
Vasile Antonescu,1383.1387925350055,,1488.6752546930936,
Yannick Maden,1447.6301477524978,1510.6533133951248,1573.508941462737,1494.9813964081534
Johannes Haerteis,1430.2591085022914,1531.3067353860777,1445.9586654102923,1498.1750274203632
Daniel Knoflicek,1485.9745121678918,,1487.536198213747,
Rasul Akhmadaliev,1484.895909842113,1487.5259800777137,,
Khumoun Sultanov,1478.8505408156834,1567.5353795537405,1497.964652844412,1484.4044670284984
Odil Akramov,1419.4872762127063,1471.361283802142,,
Artur Dubinski,1498.247249306874,1503.417212778647,,
Rizo Saidkhodjaev,1474.546134401611,1483.6551456219538,,
Mats Moraing,1521.7343841391073,1573.5195839279802,1579.2611538888038,1436.6385435392726
Matthias Wunner,1444.8565987524082,,1473.9254123942776,1481.170724801251
Philipp Scholz,1482.888390851882,,,1485.0
Michal Pazicky,1418.6314296647392,,1474.3186296568615,
Dominik Sproch,1276.7635726978879,,1421.6546723732329,
Pavel Staubert,1449.6981916705665,1481.525842001558,1488.7317554953222,
Jakub Filipsky,1497.3050206424386,,1496.6131290915575,
Remi Boutillier,1520.7795739103103,1569.2929596777494,1483.9836102228087,1497.1258675307458
Harry Skinner,1490.596959664273,,,1484.3326798281082
Alexander Jhun,1483.3506025251288,,,1483.6916733606242
Michael Grant Gd13,1419.649339641994,1481.1417419168188,,1488.932750730583
Sander Groen,1476.6442066591012,,,1481.7906401240402
Jathan Malik,1508.732388664186,,,1501.7244440639095
Scott Clayton,1408.437574137582,1481.747277930071,,1485.3823327910202
Joris De Loore,1631.8943549779813,1673.3503544992489,1598.306742535589,1503.2564767925871
Juan Samuel Arauzo Martinez,1508.0956814236008,,1515.7546574072699,
Amine Ahouda,1354.6697233602229,1495.7158326161618,1493.997436496179,
Rigele Te,1375.3900075816182,1475.3747726150782,1497.908702877115,
Marco Bortolotti,1259.222767188903,1479.6527908359321,1450.8354712985576,
Stefan Merunka,1347.7770111701454,1450.254296431632,1476.747633762675,
William Conigliaro,1492.55700867024,1489.752316311884,,
Antonio Massara,1353.970572586087,1493.9735346435043,1467.8562200668116,
Ronnie Schneider,1348.2631457258399,1473.1199705946833,,
Mikael Ymer,1848.3401319043883,1847.0035317643162,1698.863151723326,1565.3491629677983
Carl Soderlund,1358.2388748619844,1504.853177004367,1490.7806546763247,
Gustav Hansson,1406.7702087964801,,1469.9230707193801,
Sandor Noszaly,1484.4991732958981,,,1485.0510327720021
Gerardo Lopez Villasenor,1352.4751518859446,1487.6408667260541,1491.8113780167182,1499.719304744628
Aljaz Jakob Kaplja,1372.0112715701591,1481.5052511003923,,
Aljaz Radinski,1405.7512578964338,1490.622293045733,1502.1695708587517,
Tim Van Rijthoven,1610.3312437782106,1597.6343656693878,1516.9101449468901,1538.8403722136172
Marko Tepavac,1432.5346319959756,1504.3112811286683,1516.0294815841514,1494.1029191451603
Sebastian Buehler,1481.2678019844598,,1483.2357756389029,
Jan Choinski,1670.487107218926,1579.3773909726578,1710.7377804797322,1410.3400556256393
Isa Mammetgulyyev,1488.0493957583228,,1489.1132122477982,
Ernesto Escobedo,1498.7767597264678,1569.6320400824552,1475.6965120871582,1463.178694901982
Winston Lin,1467.9208091783478,1526.9268548651933,,
Ryan Shane,1401.4542527960148,1490.5746593256845,1489.7341752244026,
Pablo Tellez,1480.6586498119593,1485.5769638500465,,
Juan Espinel,1478.7106316559857,1480.508558217927,,
Juan Montes,1315.4027322480383,1496.7993088909648,1443.8716956876478,
Jose Fernando Carvajal Torres,1334.293121347187,1500.0907936607496,1442.2010328125489,
Manuel Arias,1482.843626618226,1483.9803240444992,,
Osama Zoghlami,1492.750850814119,1494.1654313004444,,
Lukas Ruepke,1461.238718557728,1526.3272603453172,1503.5578962106079,
Tim Nekic,1493.2301064304947,,1494.3294531723084,
Nico Matic,1413.3571632392752,,1486.1746128128862,
Demian Raab,1434.8690688032798,,1483.4461528374404,
Chih Jen Ho,1461.2202116632818,1483.8403936600364,,
Korey Lovett,1414.6902160816699,1471.7577668945435,,
Frances Tiafoe,1980.8835275426823,1961.0961769909059,1781.123141293384,1647.749608122271
Becker O'Shaughnessey,1493.310285379455,1499.1439944481397,,
Simeon Rossier,1417.1720266738596,,1471.6845868606126,
Jessy Kalambay,1466.2722712764555,,1493.1810413930643,
Gleb Alekseenko,1402.813182920275,1492.65,1490.8301956802443,
Vadim Alekseenko,1355.5811383599287,1486.416959369162,1455.8436095849017,
Daniel Valent,1488.3928194484868,,1489.7741141367162,
Timi Kivijarvi,1484.273413869355,,1487.474703254757,
Nikolas Walterscheid Tukic,1497.5698935297933,,1497.566396608684,
Mile Cilic,1478.754787610137,,1482.074388692931,
Stjepan Cagalj,1437.6241399476396,,1472.9107941444186,
Matija Pecotic,1502.035769692871,1557.8540347880125,1505.4867969252996,1483.7026468267816
Dekel Bar,1414.5946540480463,1493.6192558286996,1495.4696887231069,
Alexander Erler,1368.0753752574892,1465.1214995240816,1504.1299041933617,
Vaclav Safranek,1369.925413072013,1472.2415037529167,1465.2084670291686,1484.2794845435844
Antonio Cembellin,1502.1072539447491,1504.3177707218783,,
Alejandro Augusto Bueno,1488.0,1488.0,,
Alexander Sarkissian,1517.2426450889425,1573.6411400256668,1488.006661709751,1459.2178401485326
Connor Smith,1355.1328127877543,1451.8420371641396,1433.2193413567134,1472.6855090054132
Jordi Arconada,1283.4413128069891,1451.8186269484997,1491.8986913412311,
David Volfson,1219.399555842189,1422.5682358654126,1499.107591295964,
Eric Vehovec,1491.8569236400938,1493.7722215700876,,
David Simunek,1363.4940901151147,,1457.5115567170549,
Devin Mccarthy,1494.01112933409,1494.6632465777436,,
Jan Oliver Sadlowski,1453.6541424689347,1480.3294935456508,1486.2809253705268,
Jonathan Ho,1410.1075581083476,1469.943486099436,,
Quinton Vega,1353.1240547170714,1457.6117574672608,,
Maksim Kan,1477.2646519126074,1481.1049241247608,,
Anthony Delcore,1484.4182774075698,1486.0436248138865,,
Yusuke Watanuki,1388.8948691135242,1471.68876635199,1491.0410938293876,
Congsup Congcar,1184.0102520740957,1440.752467453377,,
Chaleechan Tanasugarn,1334.543740754425,1447.1895954773001,,
Pietro Licciardi,1340.6227259665907,1501.5741301225323,1455.0346364371342,
Taylor Fritz,2192.508170507755,2136.4557319124974,1949.8334104550704,1738.435859707017
Giulio Torroni,1486.185139235238,,1487.7702684181006,
David Konstantinov,1477.04765092321,,1472.1023735031015,
Wei Qiang Zheng,1221.3070833336649,1434.86079555902,1485.4177969435805,
Su Hao Zhong,1379.3216941050584,1467.5710398795472,,
Bar Tzuf Botzer,1395.0323672193178,1472.7050397808534,1522.8369494862766,
Lorenzo Sonego,1843.4324714385127,1814.9769299216794,1768.611942497605,1603.2787986809963
Pedro Dominguez Alonso,1480.765031558451,,1484.36599905067,
Eduard Esteve Lobato,1458.3118409066394,1491.1821049150012,1534.9543560148572,
Rafal Teurer,1377.0951634950416,,1466.0840919305583,
Jesus Bandres,1414.5690976165702,1467.680106213169,,
Leonardo Civita Telles,1490.0010237312285,,1491.5613006893702,
Taha Tifnouti,1352.1330777730636,,1454.8577009006653,
Corentin Moutet,1855.8578338747038,1781.4531839373592,1831.7648007303335,1548.5026786413791
Karl Wegner,1475.1068636887337,1479.8371342951173,,
Gregoire Barrere,1690.45415964405,1659.8011306370076,1700.3629431634854,1564.5842811944608
Joe Cooper,1484.0770132592595,1484.3366506318946,,
Mithun Murali,1476.852732942461,1480.4527383104833,,
Hao Sheng Koay,1430.7246191831966,1471.4986352182623,,
Joao Menezes,1525.6913083676454,1557.8265644313853,1537.2145579377664,1486.137077099598
Rafael Matos,1322.2985571933991,1512.7821025165167,1429.8776076983943,
Zhuoyang Qiu,1277.761412324448,1411.5076889826285,1483.863360476839,
Xiao Gong,1373.5517945443037,1457.8224141820829,1489.5,
Zhicheng Zhu,1353.7553296612366,1464.997403039844,,
Zhao Tai Li,1413.1162783794136,1471.7411660690605,,
Yecong He,1347.5868297348284,1456.936100968613,1459.318602333905,
Jia Cheng Zhu,1360.6226586296495,1457.8274621591345,,
Zhuo Zhang,1485.0512146684414,1487.188326089608,,
Bogdan Ionut Apostol,1295.480483639379,1481.896066644684,1461.355008594823,
Julien Cagnina,1375.5428295566928,1469.171914024469,1502.6971046274514,
Yusuke Takahashi,1428.924598734316,1508.5943406078804,1501.516195587281,
Zhaoyi Cao,1416.5896039965232,1491.2156740388473,1495.5379228962458,
Marat Deviatiarov,1453.30155566735,1511.0384069831389,,
Tom Fawcett,1373.969144938074,1464.0593815868401,,
Lakshit Sood,1316.7852337644126,1457.45759835551,,
Ronit Singh Bisht,1491.197832386929,1491.7560312683381,,
Alexander Bublik,1819.6568366805113,1807.6319064373754,1701.5836461236433,1697.3711599919882
Dante Gennaro,1374.198697169529,1485.3016402596224,1483.9621841007472,
Carlos Garcia Villanueva,1494.3485246894709,1493.9970953693219,,
Lionel Mansour,1495.6865524822147,1495.7315040109995,,
Jake Eames,1487.7762426439187,1489.887796088883,,
Keita Koyama,1488.0,1488.0,,
Gregoire Jacq,1395.4102121634833,1494.4171789566074,1505.225839665564,
Matteo Berrettini,2018.6839636928555,1911.585737437211,2071.5191970940964,1818.8820874224502
Hunter Reese,1202.195516090579,1468.6470183803606,1461.2433988546225,
Fares Ghasya,1394.1707800188506,1469.580484870621,,
Peter Kobelt,1366.2265201389266,1467.0121554669295,1499.9350117835065,
Diego Quiroz,1491.1707000226572,,1492.488248208503,
Kaito Uesugi,1384.9955838075857,1534.1435951049875,,
Manato Tanimoto,1489.9564440792299,1492.126226765961,,
Alan Kohen,1440.034549131738,1498.8972487123842,1495.1160460929393,
Edmundo Ulloa,1491.098150182223,,1492.4188941590544,
Juan Pablo Ficovich,1590.5641359631356,1534.1667332685672,1673.5208952439002,1465.0338656964823
Matias Rodolfo Buchhass,1459.9276787680851,,1473.8996479856291,
Luciano Doria,1375.793751927676,1485.3032505548144,1482.8405106319033,
Juan Ignacio Ameal,1407.1312078978574,,1480.0675896884811,
Chandril Sood,1333.4601905597074,1470.5672246912134,,
Suraj R Prabodh,1193.3026310732698,1435.8467892056208,,
Niki Kaliyanda Poonacha,1275.4832868346343,1413.9127094676624,1478.1899258301444,1512.5818434850855
Fahad Mohammed,1477.8624844530937,1479.225055693057,,
Kaza Vinayak Sharma,1367.502963657288,1493.9389144187471,,
Rahul Robinson Manoah,1479.7127958563851,1483.0322561497683,,
Ravi Raswant,1481.5617796784823,1485.8261056895108,,
Yahor Yatsyk,1425.0549301846597,1449.6466179753522,,
Issa Shanan Al Harrasi,1475.9962115696635,1480.6976248559913,,
Hei Yin Andrew Li,1422.9728593999034,1474.3704620269025,,
Stefanos Tsitsipas,2036.865401393177,1967.6630240092163,2136.274823244958,1633.2636177126851
Roman Safiullin,1906.0556350962383,1894.6230018979684,1715.4481348431334,1605.2825985086733
Thai Son Kwiatkowski,1506.2632526012035,1592.808065332754,1489.314392410377,1439.8211918240524
Ewan Moore,1486.1148090559423,1486.4020331231895,,
Pirmin Haenle,1440.7674842036777,1487.1631635076278,,
Thomas Laurent,1388.4827301489315,1497.099178064228,,
Geoffrey Blancaneaux,1547.6457763539163,1591.2736247628125,1571.3314776888412,1440.6929191852294
Pedro Bernardi,1403.3203495012442,,1473.6372079602806,
Domagoj Biljesko,1322.0077321904973,1494.895868957793,1451.9211363245165,
Jarryd Woog,1388.1653378705155,1485.2407959234133,1486.9569052650745,
Michael Mmoh,1723.4107973837333,1719.117947360031,1574.5131719200217,1516.2681026794237
Guy Den Heijer,1494.4908916728455,1491.8814342691383,,
Niels Lootsma,1340.8883871679066,1490.3770578144563,1480.4637593471084,
Lance Cohen,1486.8101947469183,1488.5284741553085,,
Jaume Pla Malfeito,1325.417157091124,1496.0869880696596,1478.0531488128313,
Patrick Daciek,1410.8897351495716,1467.2441844426426,,
Theo Fournerie,1493.262808862376,1492.983425437029,,
Fabian Lara,1444.758070925407,1478.9925155222431,,
Antonioni Fasano,1434.2822418934795,,1474.8011787126059,
Hubert Hurkacz,2023.907539674575,1980.4811101493328,1940.6327463338323,1710.278997734345
Michal Dembek,1336.918520224061,1494.6696773970464,1448.6323633498112,
Aitor Aramburu,1380.147029444224,1486.8048358294823,1486.914792270442,
Franco Feitt,1361.5744937378129,,1459.8018123186098,
Juan Ignacio Iliev,1417.620710562459,1484.5584104565166,1491.6348799002046,
Hernan Casanova,1434.2900318340517,1487.0688464121763,1493.0128473574403,1489.6437576805026
Mauricio Perez Mota,1482.4179768496906,,1487.1947097666557,
Martin Rondina,1489.724101069005,,1491.9189297266248,
Juan Manuel Matute,1442.335259574536,,1478.5082054723143,
Issei Okamura,1203.5278966239625,1428.8235749349783,1497.4467881947146,
Teri Groll,1487.1471442664704,1502.0841271187164,,
Edan Leshem,1420.9140216419548,1474.620103651032,1502.0151026881695,1500.0377497677857
Gabor Borsos,1381.0336126010413,1476.4394385942176,1489.4083625672024,
Maxim Bulat,1458.0398737142057,1473.4885132583763,,
Rudolfs Mednis,1378.34185067714,1455.5166251416251,,
M Abid Ali Khan Akbar,1425.073463110369,1496.1346004363616,1494.334622956745,1517.5
Dawood Sayed Hashim,1473.3008209846741,,1481.1435466032274,
Nour Nehme,1475.6025201826592,1480.603198893839,,
Julian Saborio,1386.6393947437928,1464.9877490190931,,
Pablo Nunez,1454.8831761486647,1472.5870461838053,,
Benjamin Lock,1421.8898212978968,1479.3413638598524,1475.8694011849132,1484.715791303227
Vitaly Kozyukov,1506.26029308212,1567.2380352521957,1502.5138761257406,
Tal Goldengoren,1480.1876669755286,1499.6737349453708,,
Altug Celikbilek,1538.0564332840688,1596.387526010295,1492.4591445617004,1505.4277466128326
Jean Marc Werner,1508.047432149617,,1510.8817202510324,
Kevin Jack Carpenter,1380.2211784240246,1478.444559494917,,
Lucas Catarina,1305.3058772350735,1471.1731294707313,1452.1815777840538,
Jaume Munar,1784.8450061409794,1621.3215243378404,1833.0341076171153,1438.3377685349365
Eduard Guell Bartrina,1492.1414255472741,,1490.3397844503231,
Orlando Luz,1518.764320539744,1464.0203558951637,1602.8342470587875,
Tommy Paul,2046.2529812088915,1987.9326448206382,1830.2413677790944,1744.0594394737473
Seong Chan Hong,1674.0683963465403,1708.2876489424577,1502.4316589323632,1423.6857053594338
Jordi Munoz Abreu,1247.453866939873,1448.565908638474,1492.8166788390777,
Joao Antonio,1485.0,,1485.0,
Goncalo Andrade,1476.6255135266763,,1480.805653791177,
Nuno Deus,1433.5564215694558,,1489.1423957971747,
Yannick Thivant,1369.172458069779,1450.185935986516,1491.1043880991858,
Miguel Semedo,1485.0,,1485.0,
Tiago Lourenco,1472.628501071231,,1481.0127064605797,
Sarp Agabigun,1163.288763567977,1466.7183004340568,1488.9659669367309,1498.0415557262324
Louis Wessels,1394.408928412788,1441.2796994353698,1502.9431082525036,1480.908471362385
Roberto Affonso Neto,1459.4646307278595,,1486.5261372164462,
Alexander Braun,1485.0,,1485.0,
Sebastian Prechtel,1305.0157834135944,1500.1678625533323,1467.4040378572906,
Zdenek Kolar,1550.8340599541698,1554.4361132868082,1597.5193767059473,1482.2677700392605
Patrik Rikl,1286.624101653395,1497.7918940666198,1468.3529124849672,
David Poljak,1323.0173119029116,1460.2278936634534,1474.0960096275835,
Dominik Kellovsky,1280.57807584635,1493.875528184619,1484.445392723525,
Mico Santiago,1376.9272599970275,1464.5098941008935,1477.4915006610934,
Chan Yeong Oh,1343.3570040422894,1457.4459534845205,,
Ivan Gakhov,1542.7785117209166,1436.0151430084602,1591.2616323961752,1480.2938506578653
Sagadat Ayap,1157.3607601617612,1442.119750172919,1481.3668201527742,
Soon Woo Kwon,1715.2842998880453,1727.9635661331697,1586.1180611666684,1513.8126906357152
Sevan Kelpetindjian,1496.8024153941635,,1489.3740168625989,
Nicolas Daniel Olguin,1480.4567289194617,,1481.6308815821258,
Goncalo Oliveira,1529.3492487103365,1545.3221605404508,1553.5726511046632,1487.2239508239215
Gabriel Petit,1431.2764054599036,1522.9346600508802,1490.8125,
Louis Tessa,1353.1281029492511,1512.4885479131995,1497.8824398939691,
Woo Hyeok Jang,1412.2069774964373,1499.3904997908865,,
Jea Moon Lee,1251.7276273414968,1449.176950057208,,
Evgenii Tiurnev,1381.8615186786826,1490.5722571013125,1498.5325051173436,
Max De Vroome,1474.222846406941,,,1480.7736418440793
Tom Schonenberg,1380.7319791382965,1504.6595082638626,1489.9942725357178,1496.4789359252466
Maxime Tabatruong,1406.3005816639409,1474.2127362668068,1494.9367277810343,
Saidalo Saidkarimov,1376.9987498850746,1482.6448035903381,1500.6354911976618,
Ilya Ivashka,1656.2919702550723,1666.4629594914627,1702.593986963288,1564.7675350802517
Peter Vajda,1380.858852276127,1499.301125327613,1475.8609765546944,
Juraj Simcak,1483.2221987499759,,1487.1209236009581,
Nicholas S Hu,1370.460498912649,1459.1761335931988,,1493.56875
Tom Jomby,1337.0993524417374,1435.8509233863326,1477.185327483397,1498.235265
Arthur Surreaux,1372.5073306608274,1461.3875949676353,1473.348746916075,1490.7411507520833
Dmytro Kamynin,1483.9155290498388,,,1484.1292746024908
Ben Patael,1336.069847057889,1477.6688997331626,1483.485241149002,
Jean Jacques Rakotohasy,1495.9937230340204,1520.2428854111413,1512.25,
Rodrigo Banzer,1448.2398806709987,1518.0470926595524,1485.9767110013815,
Alex Diaz,1409.8700435443216,1478.6927239490194,,
Jad Ballout,1408.5757360199054,1479.2543293909614,1486.7639314484734,
Hady Habib,1596.0407502863566,1580.2702244441732,1587.906774269896,
Giovani Samaha,1479.7197308813356,,1483.2165404898494,
Dmitrii Baskov,1485.9864573099205,1486.370313239385,,
Andrei Soltoianu,1484.7927029205837,1487.0619409310214,,
Egor Matvievici,1419.9722815951807,1490.842803549096,1482.305793708036,
Peter Nagy,1420.4018845167786,1479.945816893867,1494.37643923784,
Alex Knaff,1398.394380406595,1524.3989123705892,1497.9972148964216,
Stefan Lindmark,1478.7425937016442,,1483.680674668429,
Andre Goransson,1280.5331012404758,1493.7216604672967,1464.7311568333241,
Daniel Appelgren,1424.6746649375232,1490.229596794301,1495.1529523479112,
Dragos Nicolae Madaras,1444.2306271653783,1500.9214821759515,1502.8982325684856,1485.6879257873077
Sam Taylor,1419.5005211385383,,1496.3250702808177,
Oscar Mesquida Berg,1472.7718373733005,,1479.4291799420912,
Reilly Opelka,1759.2388934658995,1769.486949066064,1733.5276262610782,1525.4796647961264
Juan Jose Mateus Rubiano,1469.222421962793,1480.4649433286313,,
Daniel Mora,1292.4495445488412,1483.8085463757693,1420.693447975683,
Rodrigo Echavarria,1478.3232722174419,1480.5018642236214,,
Camilo Andres Erazo,1372.6815397890339,1490.8596380262604,1437.951468501801,
Ricardo Pabon,1490.2712089089946,1489.0572395213119,,
Jose Daniel Bendeck,1395.9158206781049,1493.6267573154498,1455.2284372387542,
Felix Auger Aliassime,1919.0061402093083,1866.525787029104,1913.5626710977167,1599.6836632764234
Denis Shapovalov,1956.7244581490725,1922.3930877222704,1822.7351083458589,1619.0102779229198
Scott Griekspoor,1487.8313866711069,1517.2801154561632,1540.3604091405005,
Roy Sarut De Valk,1389.2356902517479,1497.3775499785695,1476.90751450583,
Anton Pavlov,1507.7565224805558,,1506.1762265385385,
Ristomatti Lanne,1382.7873880553802,,1465.3073426318326,
Patrik Niklas Salminen,1319.5873779841131,1445.580217815784,1453.6322438404068,
Fran Zvonimir Zgombic,1374.685444486083,1470.301710553709,1478.966057676448,
Dmitry Surchenko,1321.715666015374,1474.1159381339908,1443.2235129678756,
Patrik Sudic,1476.202210148445,,1481.25,
Yunseong Chung,1503.3630983157707,1554.0873166449844,1520.4553584243572,1510.741432469585
Roman Hassanov,1354.744592221102,1472.1553484514131,1478.1425945302683,
Trent Bryde,1354.8341055221981,1485.562602577822,1502.9365630307896,
Evan Song,1389.5245653665397,1488.8391191483722,1491.478594184466,
Walker Duncan,1485.189354597123,1484.9359244121292,,
Jannis Liniger,1492.7408407224361,,1493.6011207598292,
Lenny Hampel,1438.8738939669593,1497.0560726752428,1517.4370798183734,
Georgi Rumenov Payakov,1469.9705041806733,1504.5842383714578,1469.0804097246214,
Francisco Adolfo Blanco Paris,1491.3591317720447,1490.8390730926824,,
Andrea Pellegrino,1584.042776818598,1447.4704879587464,1643.8748467802507,1445.8617898027253
Marvin Greven,1418.374235336342,,1475.664535895142,
Sadio Doumbia,1309.0002913439284,1490.0614728181793,1409.5508445489975,
Michael Geerts,1509.3838748832884,1582.9524039024466,1531.1556817460075,1468.639807069947
Pavle Daljev,1419.7391473276907,,1475.261509271078,
Christian Seraphim,1421.347888903197,1484.4412687256734,1484.2799622383905,
Sam D Bloom,1484.4184172185567,1486.9244106079686,,
Keivon Tabrizi,1478.8601637489821,1481.5764583452747,,
Oliver Anderson,1465.051598678529,1496.7376178920067,,
Puriwat Chatpatcharoen,1299.0874500298485,1468.2380098257029,1496.281871166106,
Runhao Hua,1378.5483186123452,1456.9597181096947,1524.2399340084505,
Vincent Van Den Honert,1491.7131821589774,,1492.48274921124,
Tallon Griekspoor,1948.249981273761,1908.312920654097,1808.8024112585888,1641.3498688106304
Vadym Ursu,1347.5121714655809,1449.7676648571066,1469.765999909204,1485.916782479935
Jose Rene Mejia,1444.0509064487012,,1475.1216258570005,
Gregorio Cordonnier,1413.4761205001057,,1457.8514730806905,
Matias Franco Descotte,1421.969660286076,1482.0093945492965,1511.409622617278,
Tomas Builes,1481.8684164307047,,1484.600690540204,
Alexandre Muller,1782.0370553970074,1698.6311548139245,1803.6000671166319,1494.5240442783586
Constantin Belot,1485.2939289948413,1487.0633729203844,,
Nino Portales,1447.4619486742931,1476.4146387020278,,
Hugo Grenier,1663.210456199508,1680.1580914042756,1537.528530902927,1523.0593699908118
Robbie Mudge,1448.5489801575238,1479.7648985998453,,
Damon Gooch,1431.8163413647053,1470.6771069737586,1501.0046783915811,
Nicolas Alvarez,1375.1183620854822,1473.5614777379153,1479.4280780922454,
Maciej Rajski,1390.2801348380078,,1501.502244049264,
Oscar Otte,1658.9625433298434,1611.8730031526704,1666.4424009250745,1622.7666110963517
Miguel Angel Este,1490.6569543772375,1517.5,1490.9990740021087,
Breno Lodis,1382.890367257228,,1468.8261802755146,
Kuan Yi Lee,1358.9796911351991,1515.0746139114215,,
Alexander Ovcharov,1431.822069311423,1472.5600149870788,1489.6466403780482,
Kirill Kivattsev,1407.335462387283,1522.7314926375143,1486.7879497858657,
Pavel Shchaya Zubrov,1476.2806252584228,1481.0265693740569,,
Philipp Klimov,1475.426049176153,1480.022478978602,,
Aleksei Khomich,1437.5003972810225,1489.2333608897786,1481.8525294956685,
Martin Blasko,1456.1541389089346,1497.48825829312,1486.9799540362606,
Alex Molcan,1624.4122905287768,1699.030318783982,1700.2560961811084,1525.8989413609968
Artem Dubrivnyy,1442.8928330190536,1524.4332427255686,1521.2175857150216,
Edward Bourchier,1438.3536661464475,1510.3552292528243,,
Roy Hobbs,1407.6303379401697,1468.1087037654584,,
Christian Oliver Lee,1484.5441003573942,1486.037303508533,,
Zach Itzstein,1414.3384635976852,1466.2658081235418,,
Thomas Da Silva Ramos,1483.7672116988547,,1487.3000656688212,
Oscar Jose Gutierrez,1247.0243769239466,1442.3775606278682,1453.0308815869287,
Fajing Sun,1484.6285814641874,1562.2289995150795,1487.6213071801467,
Chung Hyo Woo,1389.8300071078636,1414.3740588685118,,
Long Chen,1413.0961277222468,1438.1855690323725,,
Haitong Xia,1396.0679762696543,1489.1215719880784,,
Nicholas Alexander Reyes,1342.1566877554271,1462.5088596070336,,
Clement Geens,1458.9684672518129,1473.4296327996135,1527.6032777135026,
Franco Agamenone,1488.1619056621273,1460.642523915771,1574.3542214170866,1429.3861469724272
Connor Hance,1491.92756884309,1495.4582292933842,,
Sem Verbeek,1321.1859927832675,1471.8015668612898,1473.2051850922705,
Minhtuan Pham,1388.5178979963803,1467.4778013729117,,
Nam Hoang Ly,1434.4267112893049,1522.5552233217943,1492.5937279806603,
Jakob Amilon,1450.2464611858525,1480.0022716241335,,
Ace Matias,1489.7467376780467,1488.7346873832562,,
Ivan Denisov,1389.2256225091178,1473.253522381344,1502.395478393703,
Vicente Lagos,1494.061661370095,,1495.5000615348965,
Tomas Barrios Vera,1684.1196561657073,1558.2310347947332,1742.121050392728,1577.8005321330413
Asdrubal Gobernate,1387.3443485208986,,1465.283068407834,
Franco Moral,1442.4982751639936,,1477.9955297491642,
Javier Naser,1381.1107327528791,,1463.4697086901983,
Nicolas Alberto Arreche,1397.2144696562125,,1486.262923205059,
Gerardo Irarrazabal,1481.8817482272798,,1483.9939993151324,
Simon Navarro,1370.6995435642746,,1454.5833608507103,
Dmytro Badanov,1453.2204303667063,1459.4518712709696,,
Bernabe Zapata Miralles,1574.0445777179405,1534.9484493775271,1637.4864879095253,1519.5716088819
Magnus Eriksson,1484.530739654364,1483.7903312156368,,
Antoine Bellier,1416.863810998194,1509.2218539262758,1457.4214960440847,1502.2534375740531
Hans Hach Verdugo,1203.962049537644,1457.304708581251,1475.3023693507275,
Luis Eduardo Morfin Friebel,1483.9905722324847,1486.4872215732235,,
Anvit Bendre,1346.9591645570333,1466.397564880384,,
Aryan Goveas,1369.3350845491354,1489.9733968032654,,
Sheng Hao Zhou,1374.4883533533018,1457.101907249982,1491.8141648180044,
Thomas Fancutt,1356.849836547352,1464.856437397296,1476.8010868277192,
Sebastian Fanselow,1455.1854272903295,1549.2323855882014,1479.0378951375753,1489.852224055632
Pedro Martinez,1765.3173913006729,1664.989234072137,1873.962080414947,1433.808019153999
Nicola Kuhn,1540.0345897652003,1552.4568798138712,1527.698343668628,1519.2979696606528
Carlos Taberner,1620.9747202409885,1512.3346975040813,1678.0824819307966,1466.759130517473
Jordan Correia Passos Do Carmo,1318.0461976721203,1489.9466020839095,1427.883432028506,
Rodrigo Arus,1318.5011287046725,1506.9349530962102,1463.9307243831418,
Nicolas Xiviller,1428.888450533058,1505.8346691555003,1480.5958324907142,
Riki Oshima,1484.237947317698,,1487.4239632718254,
Jake Delaney,1286.6929781251401,1468.1118471483167,,
Daniel Hobart,1458.4664488462176,1490.7735622441935,,
Jirat Navasirisomboon,1269.9188329894735,1469.0054551057628,1485.7529826059001,
Danylo Kalenichenko,1400.7657149634297,1509.5054590739767,1501.4285830095716,
Sho Katayama,1312.131408249496,1478.6511787723775,,
Makoto Ochi,1343.009069423822,1447.5989518741103,1497.0443715807532,
Ken Onishi,1372.6235086883025,1483.1217988771223,,
Luis Valero,1335.5606654457317,1480.2753269554134,1442.926803584162,
Francesco Borgo,1482.0034711527735,1484.826624627415,,
Sora Fukuda,1327.7215879301798,1468.5570541968075,,
Julian Ocleppo,1416.8609123307153,1501.804193958743,1506.471214355417,
Mario Nicosia,1413.1259160288703,1491.6,1481.4026229450265,
Mubarak Shannan Zayid,1284.4100747327943,1475.0402556919798,,
Gian Marco Moroni,1475.719153193444,1501.7068437558848,1540.6109768375243,
Steven De Waard,1383.1860704244582,1459.0661854945251,1482.4231946634363,
Sam Edward Longhurst,1486.59443990033,1487.326171038358,,
Stefan Norodom,1488.0,1488.0,,
Brian Tran,1426.8422085926836,1484.5540707386715,,
Aleksandar Vukic,1839.7382042396944,1819.1118344274319,1639.4903514614696,1578.2740579349365
Lawrence Bataljin,1275.8498373824905,1472.9115623242017,1461.4406551270845,
Patrick Fitzgerald,1303.2864782051777,1441.2155309569032,,
Damian Farinola,1482.8845077061494,1490.792804593469,,
Cristobal Grandon Diaz,1382.114643954384,1482.8277063070516,1435.5746334648272,
Santiago Fa Rodriguez Taverna,1539.0835989655168,1532.7448359193036,1606.1636696356534,1499.1526356118766
Nicolas Alejandro De Gregorio,1457.9729211776178,,1485.5733947597473,
Ignacio German Dagostino Herrera,1488.0,,1488.0,
Franco Emanuel Egea,1345.2875122210396,1496.97474,1497.8580578157419,
Juan Martin,1489.2800722702198,,1491.067371871865,
Facundo Jofre,1450.168362525886,,1477.4238891332811,
Romain Bousquet,1488.1682734309156,1489.7325930759407,,
Natthasith Kunsuwan,1223.2480069972362,1460.1511053571746,,
Jatuporn Nalamphun,1483.970422157935,1487.265886810623,,
Jirayu Limpathum,1485.5003681831436,1488.4894923535742,,
Axel Geller,1377.2851379618612,1454.776129335769,1501.1150980402415,
Brian Orradre,1485.4809460547767,,1487.7109858469591,
Julian Busch,1479.6600689483973,,1484.1622931519703,
Matias Zukas,1366.195966789652,1478.0918939960263,1475.2401264532343,
Kody Pearson,1272.3913440246104,1423.957487758675,1475.3572170082741,
Dimitri Morogiannis,1412.9109183898456,1471.7260674532167,,
Adam Walton,1674.8259716078305,1712.2628306294753,1471.1674916820996,1497.6706890738972
Blake Ellis,1462.794826188558,1531.844835295013,1504.7486269615101,1499.0365331216417
Daniel Nolan,1460.557478454164,1508.7035907057998,,
Benard Bruno Nkomba,1401.0029672081068,1456.129028903838,,
Nathanael Consalvo,1499.2296112746837,1502.3165429623089,,
Aaron Addison,1231.777897781436,1429.936554285844,,
Max Purcell,1778.951373090053,1737.8447160885255,1537.1853326694363,1605.552980100505
Alexei Popyrin,2002.2600044444175,1985.6788131557305,1760.069128771484,1570.6055861682485
Alex De Minaur,2089.8296049393985,2044.0263264316773,1928.6561467344934,1762.9278661910373
Mayez Jupiter Elrich,1495.6850003861666,1492.9797118368856,,
Blade Fong,1489.6994491949442,1488.5088577780148,,
Leander Lazaro,1477.4463227027811,1483.1556005386049,,
Mark Vervoort,1210.2429165114809,1472.9083291916807,1439.6558664221138,
Diego Garcia Dalisay,1498.3602502715044,1498.9587278056877,,
Fritz Verdad,1488.0,1488.0,,
Alberto Lim,1351.4965193444546,1490.4290191680557,1497.5280273556593,
Gustavo De Oliveira Cruz Cruz,1409.0184530822874,1485.0,1466.7257977787867,
Christian Oliveira,1415.611787757518,,1462.8157096295286,
Alexandre Girotto,1433.670377249626,1481.000659566519,1485.6385249412135,
Joao Luiz Carvalho,1488.0,,1488.0,
Yuri Andrade,1463.165398266038,,1476.3746615986956,
Felipe Lima,1487.0844809275266,,1489.3026768737686,
Igor Ribeiro Marcondes,1559.326810528289,1502.1881050274383,1655.9681049895382,
Enzo Kohn,1484.1465347113974,,1487.0853809907567,
Lucas Lobao,1485.37461126273,,1487.9121731102964,
Joao Gabriel Velloso,1497.497110874686,,1501.4942211300981,
Javier Nunez,1429.7499613778646,,1455.6614251215722,
William Jamphier Melano Granados,1483.0735471275339,,1488.2802718349126,
Oscar Torres,1451.986373678524,,1470.4901934784812,
Torben Otto,1477.4200780204421,1484.302593259439,,
Kento Tanaka Tamaki,1449.086393261288,1479.2154991620362,,
Jakub Hadrava,1444.286138435932,1474.495326935328,,
Keanu Ellen,1487.1754766670317,1487.9402393063622,,
Wei Yu Su,1477.1023260860647,1482.8062704048,,
Jaume Martinez Vich,1488.4503962886663,1489.344416530467,,
Chase Wood,1450.2376341457427,1477.3022718632803,,
Jonathan Chang,1340.4294212191949,1449.0788103401885,,
Nick Chappell,1320.6878275928254,1415.1854310938481,1421.986476799675,1487.4649268334758
Ronald Slobodchikov,1264.1630432310992,1475.8972261073322,1414.8362550943707,
Alex Rybakov,1525.315691605,1581.4814249236956,1516.2528113740714,1501.0913646103952
Alejandro Moreno Figueroa,1452.015435684536,1455.7861178033659,,
Themi Sitzoukis,1487.6040629365027,1487.8265337509295,,
Scott Browne,1487.1845133672728,1487.4405478815522,,
Calum Puttergill,1286.8591584339474,1420.8196299371275,1474.314667361619,
Daniel Groom,1486.5730850144114,1487.0545212079708,,
Blazo N Djurovic,1428.9762071190723,1476.5924204496068,,
Matthew Leffler,1424.2211793770334,1477.7091987166323,,
Marko Jovanovic,1488.0,1488.0,,
Mario Matejcek,1429.6165320437274,1459.8125704473848,,
Alexandar Lazarov,1500.3936987088514,1540.8061135937733,1516.6427695598454,
Federico Maccari,1397.3930556145162,1482.6614524859742,1495.8688342390678,
Armando Gandini,1428.3856812427575,,1474.219818748932,
Omar Ferreras,1478.1262101957695,,1482.8023855484432,
Emilio Andrea Segarelli,1389.6238609804536,,1469.855446733747,
Raleigh Smith,1409.9171220456756,1496.6659011771756,1471.3116173419198,
Adrien Puget,1484.339782699188,1489.732327725168,1501.4082125044627,
Nick Hardt,1580.36857663314,1557.9420599131493,1610.107246138966,1491.7280748960325
Edoardo Tessaro,1489.1406588729906,1489.753263209275,,
Clement Larriere,1431.1763292308667,1479.720899163947,,
Rodrigo Chavez,1492.4274897938005,1493.98421007686,,
Adrian Fernandez,1485.7027719069413,1487.9473678621362,,
Carlos Ramirez Utermann,1348.8347710137534,1477.6711483822676,1474.9053905719975,
Juan Jose Priego Carrilo,1482.7376911367676,1485.5543966336443,,
Kunal Anand,1366.2268513390704,1473.5724622840883,1499.8645565454701,
Aditya Deswal,1457.4405558570368,1476.9625865068201,,
Arpit Sharma,1484.4124563871928,1485.5130286610427,,
Medhir Goyal,1496.783426155904,1500.0572644648653,,
Suraj Beniwal,1490.3849651685423,1495.910116212593,,
Garvit Batra,1488.0,1488.0,,
Manish Sureshkumar,1223.1991951295945,1443.217266623753,1490.291929007228,
Garry Tokas,1488.0,1488.0,,
Jayesh Pungliya,1360.0124274642567,1454.546330988882,,
Adil Kalyanpur,1184.2410887845701,1443.483496350614,,
Mateusz Terczynski,1325.2585191285502,1490.7203005978313,1494.2458689324114,1469.6515178900795
Szymon Walkow,1237.632621995582,1461.175634713038,1492.345100335692,
Kamil Gajewski,1418.0916019694673,1490.4491129954436,1485.5468645489123,
Karol Drzewiecki,1228.3493737075555,1469.5382592625026,1458.9003485629712,
Pavel Nejedly,1352.4702427739073,1489.3015129216176,1470.369814369066,
Adam Majchrowicz,1379.2873514652679,1473.0437358076663,1451.1057676931152,
Andres Zepeda,1437.4137448872852,1473.8009899189683,,
Joffrey De Schepper,1319.8645897371089,1453.4001183395947,,
Louis Chaix,1449.4375872004591,1474.9118831432736,1501.7634821476427,
Ugo Humbert,2051.521001467277,2058.76147525724,1703.2380289040073,1633.3122586352629
Robin Bailly,1476.6849858705486,1484.125820014968,,
Renta Tokuda,1379.3951664973392,1501.4700522535418,1493.917679327882,
Kazuma Kawachi,1253.1898928422463,1464.154179369804,,
Shoma Kato,1453.3195400285708,1475.1090402828718,,
Ko Suzuki,1403.1558024815135,1502.199472896075,,
Masakatsu Noguchi,1449.024315631677,1477.2776340141181,,
Masaya Kobayashi,1445.7250020132883,1477.6201751421718,,
Konosuke Kiryu,1477.5680287745702,1483.0398940429734,,
Shunrou Takeshima,1439.506759999665,1494.6589175201966,,
Hiromasa Oku,1495.638592413498,1498.2896067248976,,
Yuga Tashiro,1410.1926115651743,1464.4431651704112,,
Ken Onoda,1417.5122747245218,1470.2839502821955,,
Kaito Itsusaki,1413.0254826890769,1473.2203916953301,,
Yuichiro Inui,1366.8882993127738,1442.490313468617,,
Masayoshi Ono,1373.3484147887248,1459.5349033703455,,
Ryota Kishi,1412.1558457802093,1474.0476433145652,,
Yutaro Matsuzaki,1488.0,1488.0,,
Tetsuro Habusawa,1477.0964372375554,1483.9887561498258,,
Gengo Kikuchi,1444.0460303096847,1476.658650857171,,
Ryota Tanuma,1302.9569312482608,1441.8157170800025,,
Soichiro Moritani,1393.8569584655768,1470.017303426777,,
Shintaro Imai,1376.2046532872623,1481.9919296097037,,
Lloyd Harris,1816.554644803688,1776.470932458814,1594.1438601570233,1625.1980052371853
Manuel Guinard,1583.72909083792,1581.417414245936,1627.2173319154147,1459.267756560164
Alexis Gautier,1384.5186819400178,1457.255331451587,1451.6466382540304,
Lucas Bouquet,1416.9912424817542,1452.1772848881099,1554.5856760540667,
Simon Baudry,1474.058185627847,1477.7964032079472,,
Julien Eon,1403.8716737029572,1453.0236926683472,,
Adam Hornby,1405.2900859098922,1479.6056432313374,1477.6681969088504,
Manuel Castellanos,1487.4070664562994,,1489.5932797091812,
Casper Ruud,1976.2081519746282,1911.6551482238651,2118.6795635515773,1493.628679486072
Bruno Britez,1400.638128291803,1492.3539917240987,1457.3995136128865,
Ayed Zatar,1361.3678409101983,1491.4759018285092,1465.8752552861129,
Francisco Yim Kim,1479.194534669221,1485.168362416098,,
Hernando Jose Escurra Isnardi,1385.5998850190008,1480.4124374629005,1507.8532765373345,
Abdulrahman Alawadhi,1477.210980375899,,1482.6536381072494,
Abdulhamid Mubarak,1478.2735333101105,,1483.5261831831208,
Sebastian Arcila,1407.5404452106607,1481.0390904184155,1488.9394825283575,
Ignacio Garcia,1329.23711115385,1441.8907962544167,,
Tom Diederich,1484.4727416905118,1485.9480905153866,,
Courtney John Lock,1165.5548853135313,1446.1030929546807,1464.1380994721985,
Eero Vasa,1231.5120631684852,1457.2756948788472,1461.109887579285,
Filip Malbasic,1385.3823253364137,1492.3090485540554,1468.74492252351,
Adrian Bodmer,1280.840455415759,1489.2600441785105,1455.1733638576593,
Jonas Eriksson Ziverts,1383.3930934904297,1485.5991721307157,1501.202715832746,
George Von Massow,1484.6562652498778,1495.0925447861073,1546.3825533916147,
Robin Thour,1416.3659315230238,1493.080659431204,1491.0872979759592,
Christian Samuelsson,1465.1686703684613,1489.5,1511.4559829247492,
Elliot Benchetrit,1433.7291586801273,1520.475695117017,1483.0749158002282,
Mauricio Resendiz Dominguez,1426.0734060203456,1466.6720475476507,1491.6852312297876,
Andres Alvarez Cerdan,1454.5299255712334,1465.5746257804753,,
Ivar Jose Aramburu Contreras,1199.7510039324402,1451.7533934881537,1477.6606879487695,
Aland Sanson,1484.9312919074537,,1486.6767460346416,
Geronimo Barrios,1457.8213230565555,,1484.683834652646,
Rodrigo Castro Aravena,1482.4442764940463,,1484.739266515692,
Gonzalo Achondo,1343.9698873405073,1482.0,1473.8220638993357,
Xi Qi,1416.4589535847813,1486.6806623233183,1489.0188090528914,
Hao Wu,1344.1091349710607,1474.8267532173397,1495.423290355313,
Cheng Peng Hsieh,1209.758116553228,1457.847833897557,1495.2801818636476,
Rui Xuan Wang,1305.8837013033167,1474.4398977693622,1466.7525966191674,
Jun Nan Tao,1454.8832286769111,1473.9074631426206,1488.0041079075706,
Victor Krustev,1448.1223633511142,1479.2940559096219,,
Joshua Peck,1347.1262388414634,1473.1054006781621,,
Alexis Galarneau,1627.7470185730394,1660.8355710031954,1541.8288181070948,1504.4750166955841
Jack Mingjie Lin,1322.3431258212408,1470.6880732025622,,
Nicaise Muamba,1227.3956911988614,1450.733021696558,,
Iancu Lustinian Ghinda,1481.3039084566826,1484.2397928203145,,
Antoine Leduc,1384.4344829003608,1433.7283648541618,,
Lloyd Glasspool,1452.0152071804307,1515.242026523947,,1447.421840104595
Agustin Moreno,1445.3401860504766,1467.9336298849562,1498.7855500832677,
Yibing Wu,1802.407687180754,1836.4828421702243,1599.2860727235395,1485.2312975471962
Zihao Xia,1350.42627679075,1440.047402811339,1438.820128717337,
Aoxiong Wang,1422.8863668812196,1473.542376431139,1492.8357779817052,
Jiaqi Duan,1415.0642886778442,1481.782801271838,1497.2595718319408,
Nathaniel Lammons,1284.4052809140235,1471.3916860585,1476.8306650738514,1489.5
Eduardo Nava,1487.0189037697432,1464.9651057325113,1595.3418626658506,
Nate Eazor,1490.519080544169,1490.399814276551,,
Tomas Charlos,1488.4303215053885,1489.4640575618953,,
Vincent Thierry Schneider,1424.3459665956177,1491.6361494824043,1484.0828242634514,
Pavel Selivanovsky,1487.7588501514667,1487.8657147577017,,
Nikita Valentsev,1479.2196605153142,1483.4825277321636,,
Alexander Boborykin,1491.3476471645622,1491.9044776402366,,
Rodrigo Manzo Monsech,1483.2765938921511,,1488.2411779268589,
David Koch Carrillo,1481.1467639707885,,1485.343838888758,
Jose Pablo Andres Gomez,1483.0486996175075,,1486.8401453541755,
Alan Sau Franco,1447.100745279135,1481.4472715752115,,
Andres Rosales Pacheco,1479.9813965339724,1486.8161673536988,,
Edan Bakshi,1483.4418660887063,1484.4604844483488,,
Yannai Barkai,1479.0085992868835,1484.0294062742746,,
Ram Kapach,1484.2055178572323,1484.8362905433962,,
Motvey Radionov,1478.2470616187613,1484.7153549271243,,
Yankel Zemel,1496.2542403131747,1498.6436241935244,,
Alon Elia,1488.0,1488.0,,
Daniel Tamir,1477.903693716693,1484.5401929959423,,
Orel Ovil,1478.1339957191185,1484.2541966355113,,
Daniel Cukierman,1473.9127444594558,1521.7895770082087,1546.2026322010277,1489.0009090298815
Maxime Petel,1487.4056534360716,1489.7289842428813,,
Valentin Nourrissat,1484.9064470957642,1486.9709613823566,,
Martin Beran,1480.024879789512,1484.4143758498185,,
Quentin Coulaud,1481.583467786924,1485.0,,
Nicolas Ancedy,1484.9750618874498,1485.1684616141113,,
Martin Barbier,1478.9245235382264,1484.113699050258,,
Alexandre Belmonte,1482.6585641568138,1485.0,,
Wilhem Labrador,1486.7011837200223,1490.0767750096677,,
Aurelien Marne,1487.4544344331114,1487.6764466569389,,
Elio Ramaglia,1485.7990031802785,,1487.9046239156341,
Pietro Manola,1484.5995499883593,,1487.976598535574,
Francesco Faggella,1487.476683581884,,1490.4532679327592,
Savino Lapalombella,1304.0027809927094,1488.5777221974454,1467.9165371813947,
Giuseppe Tresca,1247.831292611958,1495.7767423263406,1469.084098749461,
Max Jacob Schnur,1285.9937912354492,1462.8900976593666,1473.2962919160093,
San Hui Sin,1339.5328497214118,1507.0902522419628,,
Seong Gook Oh,1385.6560360427877,1454.541979757839,,
Nicolas Mejia,1523.1896577233142,1522.767197714377,1629.3244649557041,1477.0192865908755
Russell Benkaim,1499.8206125739086,,1501.0141198554354,
Esteban Bruna,1331.4086642281088,1498.6420125092725,1464.9941966402364,
Juan Manuel Benitez Chavarriaga,1454.0255798166054,1487.4239627181964,1510.533354914316,
Collin Johns,1454.4427863723593,1501.449394313894,1482.3439504102314,
Joel Vincent Link,1434.1830617048008,,1474.686803911079,
Bogdan Borza,1454.4851256561699,1513.9997360798407,1493.9993465896289,
Florian Valsot,1488.203114379714,,1492.9042554154873,
Yi Feng Li,1484.7728480468763,,1488.1231905276397,
Li Wie Tan,1406.5554236171133,1479.3512266028165,1489.0261305404035,
Shi Hong Zeng,1362.954525437686,1441.2602861352086,1492.9404169001223,
Allan Gomes Oliveira,1484.1774563673755,,1487.5347813924882,
Luis Britto,1271.776395044479,1496.97474,1416.0942044044364,
Mateus Alves,1530.0198467052992,1444.5087663172123,1620.5184408524403,
Thiago Seyboth Wild,1822.0523623310307,1793.4883340955535,1758.4996537123932,1511.1168813088755
Mariano Kestelboim,1466.156729090975,1522.1833683458085,1554.365158182189,
Americo Lanzoni,1483.6551552609983,,1484.5334349151958,
Fernando Yamacita,1288.4053097041747,1498.512654558737,1462.796209706001,
Gabriel De Andrade Bendazoli,1489.577064750755,,1494.5736867157734,
Renato Lima,1466.9130780608252,,1489.7415141869071,
Felipe Meligeni Alves,1703.6236337844305,1554.470941497271,1763.2535124190313,1549.6375975835979
Gabriel Decamps,1404.9535387726398,1486.460187747668,1495.4964782336817,
Robert Loeb,1488.1389504902363,,1487.522876733023,
Eros Siringo,1446.2869243776038,,1481.1076037812154,
Edoardo Lavagno,1393.1360545221487,1451.6241298194943,1488.0110764672934,
Hantao Liu,1462.8348177248565,1493.9643974094197,1486.9872435468458,
Vitaliy Sachko,1573.1151570784882,1626.908416774696,1613.717729303187,1466.1203469011336
Mikalai Haliak,1316.1504023203115,1420.315448214495,1458.5268724159246,
Piotr Matuszewski,1226.6561806839143,1463.5149666694854,1458.7610685992192,
Liang Yu Richard Lin,1383.1140821493211,1463.9617345380038,,
Ting Yu Chuang,1487.0511992714235,1487.585699413623,,
Shao Fan Liu,1454.7067572731205,1501.5028978653866,,
Chung Han Tsai,1488.0,1488.0,,
Wei De Lin,1386.811052924252,1484.07762124131,,
Hao Yang Hu,1474.394101610453,1483.1060509163635,,
Wen Chun Liang,1496.6213036401602,1500.5376199572925,,
Yu Chang Wang,1434.10241689184,1467.8611346948587,,
Yu Hsiang Chiu,1365.1562294806097,1459.856252731028,,
Cheng Yu Yu,1335.0797353468263,1465.9109132718413,,
Tung Lin Wu,1638.4062075253185,1668.945408964464,1559.585110045775,1466.437390044855
Jared Thompkins,1425.1610360025231,1489.128116725533,1490.9726896554912,
Joseph Huber,1490.4905551074046,,1489.8335652556957,
Samuel Ribeiro Navarrete,1474.099126177893,,1489.9507977398682,
Hyeong Don Kim,1503.6205741097144,1504.4255278527755,,
Minseob Lim,1472.0183423300207,1474.7176921672803,,
Ji Ha Kim,1442.2606704072646,1475.7376071886492,,
Jiho Lee,1364.5224036639424,1466.9079593220354,,
Kirill Komarov,1439.2764714904586,1478.94309500803,1501.9760461887288,
Sharobiddin Abzalov,1252.6716277268054,1457.8798671071415,1451.3464818266966,
Abror Isakov,1446.989379737215,1477.0653500989906,,
Sergey Fomin,1371.5737558315354,1480.9059833294166,1526.418548292602,
Amal Sultanbekov,1327.9932879444611,1442.1744569646355,1495.8755402339812,
Sanetulla Kutybaev,1366.433673043025,1472.4111762906643,1497.1070324276268,
Shohruh Abdumalikov,1347.8419463026996,1447.8789813553456,1494.855,
Abduvoris Saitmukhamedov,1460.2873929934353,1484.2202696840704,1485.0,
Sardor Pulatov,1405.6597892958116,1458.8516078732255,1491.5467294349596,
Alvaro Lopez San Martin,1440.090773392907,1493.4500361014127,1508.616217190677,
Andrea Del Prete,1480.900808335858,,1485.0,
Marco Mosciatti,1480.9771962430602,,1486.8473001396108,
Augusto Virgili,1253.28057286379,1479.6212785273985,1453.6775172770597,
Francesco Bessire,1410.4962922141035,,1470.813155791541,
Gianmarco De Santis,1478.2243283669675,,1484.4905510679775,
Lorenzo Abbruciati,1426.0600128274848,,1471.889911466434,
Filippo Giorgetti,1474.1026265031574,,1488.569565348642,
Hunter Callahan,1452.2242912346223,1505.233154868203,1492.9342282657556,
Lorenzo Camilli,1488.0,,1488.0,
Federico Bonacia,1487.5059017236654,,1489.0949016548234,
Alen Avidzba,1438.258904809417,1528.4273860967132,1482.0418312413342,
Daniel Altmaier,1749.1650830063356,1709.160896373139,1750.2866154206727,1458.557413670524
Dominik Boehler,1473.8298954464146,,1485.1130156623292,
Andrea Vavassori,1691.2860831123799,1678.2819881126306,1747.4768284145148,1473.3450296949559
Fayzullokhon Mavlyudov,1484.8883031781263,,1489.1806975296126,
Sherzodbek Radjabov,1426.6988921958891,,1477.3747405257257,
Yeongseok Jeong,1347.3869341308164,1465.6988965882251,,
Ho Gi Kang,1415.258495250918,1471.5499541337479,,
Suthinan Tanthaseraneewat,1496.4261968277021,1503.8068250932608,,
Patcharapol Kawin,1409.916121640465,1464.7753269879688,,
Werapath Sirijariyaporn,1454.4747247684813,1469.9371124906247,,
Johan Nikles,1435.173590435679,1472.9377886195994,1528.920061906687,
Michele Longo,1471.791577314657,,1475.3214308624893,
Igor Rossi,1488.5700363071412,,1489.4891271688632,
Pietro Rondoni,1289.6198995814784,,1434.1851687728285,
Thomas Giraudeau,1502.572202126701,,1503.178916395678,
Filippo Moggian,1488.0,,1488.0,
Giovanni Orsoni,1490.6596988629651,,1491.2841191303069,
Filippo Piranomonte,1481.8105929769704,,1484.3228620022996,
Corentin Denolly,1463.0262452600364,1485.891750105181,1546.9596751354652,
Luca Giacomini,1395.3757612245458,1531.5075423193089,1463.0478188033567,
Samuele Ramazzotti,1408.653350581711,1510.1687169503264,1484.0464429675224,
Lorenzo Di Maro,1487.334880779668,,1488.9334225576806,
Giovanni Oradini,1406.6818196914835,1442.295375320411,1496.545285297738,
Francesco Ferrari,1302.5886384377727,1450.335099252203,1455.4770474130582,
Alexander Wolfschmidt,1487.5394867696277,1486.800897614749,,
Rudolf Molleker,1529.7835435363115,1502.7892949876054,1601.0433422299984,1474.361223646209
Paul Woerner,1487.303705802909,1490.103843391495,,
Ross Watson,1392.97438104575,1471.4573337063239,,1494.0347727636572
Matthew Chadwick,1474.3937821622605,,,1484.979100399354
Joshua Sapwell,1495.9031146140944,,,1502.514691257662
Lewis Denton,1486.552279174919,,,1486.273908978423
Max Benaim,1407.26111533941,,1486.8148971601688,1475.3019560595121
Daniel Orlita,1488.6943881387165,,1491.1127084110215,
Stepan Holis,1487.3743589619357,,1485.896978255552,
Vit Kopriva,1725.327987720206,1636.5840924369109,1732.1563360345688,1553.7603149827978
Matej Vocel,1254.7212678323144,1476.4425826944228,1485.2341850051532,
Jakub Novak,1456.1021153729082,,1483.3035091029901,
Ettore Zito,1464.5336102687659,,1490.9598475982198,
Nicola Montani,1488.0,,1488.0,
Davide Ragonese,1482.770817253253,,1483.591155091235,
Marco Gulisano,1489.4708840080102,,1491.407067390603,
Giuseppe Ricciardi,1487.7381384637074,,1490.1097290010657,
Marco Di Prima,1425.1820548108064,,1476.5668217869274,
Omar Salman,1401.0303404526242,,1475.47433896765,
Antoine Cornut Chauvinc,1362.583417071236,1524.6748630237053,1468.1373014036888,
Guillaume Mackenzie,1486.025027077267,,1489.368257528275,
Mikhail Galyamov,1488.7682169899044,,1489.820413392255,
Artur Shakhnubaryan,1483.79101900661,,1488.3392710913065,
Ivan Davydov,1433.1845323385157,1481.5885919659022,1491.1431682782456,
Maxim Geraskin,1480.6713102594922,,1485.0,
Ivan Korol,1481.9575002449822,,1485.0,
Dimitriy Voronin,1416.3492395832182,1476.7373933044107,1508.639953655434,
Suren Vartanyan,1483.0157120526655,,1488.3225434056624,
Ivan Bryusov,1480.7349678764024,,1485.0,
Anton Chekhov,1253.0001128088318,1457.6616326519802,1410.8804928303177,
Frantisek Polanka,1489.6753216592315,,1488.7647827932722,
Petr Nouza,1476.9974224372577,1505.0561615709155,1564.9334433165418,
Ondrej Styler,1354.8547895753456,1473.54933698985,1483.1823827107899,
Filip Duda,1406.8773898517115,,1480.530890804758,
Michael Morphy,1478.8787600499265,,,1485.0
Marcus Walters,1444.2851429489656,1501.467896443232,,1500.120502188784
Louis Newman,1476.312936001299,,,1483.1030158325989
Jack Molloy,1416.5677443594234,1502.404594792408,,1472.280151342877
Alexis Canter,1327.2164518561528,1469.948992462023,,1482.4850692962923
Alastair Gray,1446.3701201084705,1511.2197099453197,,1485.553265876386
Jocelyn Devilliers,1483.9567548250839,,1485.0,
Ronan Joncour,1471.3937444470216,,1501.9092382132437,
Clement Dorsemaine,1488.0,,1488.0,
Luciano Agustin Fisicaro,1477.6469758151793,,1484.4639653117272,
Quentin Folliot,1356.404854311285,1485.910424178026,1456.6643128155904,
Jeremias Rocco,1482.6089230352056,,1485.1088080029688,
Azizhon Turgunov,1477.4687522510364,1484.572972111558,,
Grigoriy Reytman,1478.662851045448,1483.871214922648,,
George Tsivadze,1343.648937079585,1477.7439640190028,1481.9579822727123,
Jay Clarke,1500.3993518448535,1537.389884703446,1496.9107503743767,1456.1963508696983
Ryan James Storrie,1431.601073355213,,,1429.0097832583322
Daniel Bennett,1416.850666630918,,,1472.5458441691596
Liam Caruana,1561.6993916370825,1602.1563975213624,1502.3155319376906,
Manuel Ribeca,1488.0,,1488.0,
Mattia Mannocci,1491.4091846885901,,1495.9269816410217,
Stefano Baldoni,1403.164976633128,,1467.2184767487527,
Andrea Baldoni,1469.2648523746093,,1475.603356196017,
Giulio Giulioli,1485.4272825243186,,1487.4505454444813,
Peter Samosi,1487.5599607373679,,1487.564431147697,
Petar Conkic,1480.4291778215465,,1484.2260021140787,
Patrik Nema,1403.1475612027923,1484.2137589493948,1480.7970004927977,
Filipp Kekercheni,1475.5875747077837,,1508.5528035623595,
Nenad Vladusic,1488.0,,1488.0,
David Damian Brna,1401.7671722187322,1473.400364786863,1485.7692519900372,
Tomas Vyrostko,1480.739678570256,,1484.8255097300143,
Lukas Klein,1759.9576096615772,1772.0400137292131,1696.0724811106272,1552.8207992224975
Lorenzo Frigerio,1410.6463709992631,1509.3197581456411,1462.9555265063973,
Dario Vogogna,1488.2134802750404,,1490.660417683514,
Alessandro Coppini,1391.2535500997785,,1460.2310543062993,
Fabrizio Ornago,1344.6664854963376,1466.7764594970336,1450.8920738695062,
Andrea Casati,1488.0,,1488.0,
Daniele Capecchi,1348.4390075226759,1531.2851116611514,1426.6297850533174,
Nils Brinkman,1480.31598505529,,1482.9332393804054,
Beruk Tsegai,1486.2783960634904,,1488.2824366575312,
Karl Friberg,1440.2634225515908,1511.8327295344727,1505.4518726922809,
Niklas Johansson,1374.58482585463,1481.7735685135685,1480.5165206045242,1489.13748698692
Daniel Svensson,1490.1859787945302,,1489.0023133150924,
Felix Rauch,1482.5751012448466,,1484.7895341255655,
Timo Stodder,1442.0274512036808,1480.8924215169334,1527.3752987388448,
Delf Gohlke,1488.5743052979647,,1490.7382228178458,
Alejandro Tabilo,1885.9213985749095,1807.1284609566728,1873.3397245660858,1578.3906244025322
Joshua Oxley,1484.7915092372348,,1488.9564861201193,
Vittorio Angeli,1486.4595711525344,,1489.1862662015135,
Andrea Militi Ribaldi,1412.5921227613455,,1473.9976046766928,
Benjamin Bonzi,1891.35625631554,1900.159731676688,1626.7596045164112,1592.1109711963625
Gianluca Di Nicola,1297.0305272091375,1498.1796786708169,1441.5564095980142,
Valentin Sansonetti,1420.6623274853605,1485.7540428340833,1488.8478124657304,
Josh Hagar Hagar,1419.6732979072553,1474.6267859769027,1482.5056828913039,
Konrad Zieba,1487.9618632763725,1490.0547470718118,,
Julian Allen Childers,1477.7144126240007,1483.3289257910103,,
Peter Tarwid,1476.838253813393,1483.3971120587396,,
Aron Hiltzik,1443.4836486330864,1481.992490432508,,
Eddie Grabill,1480.0795005559776,1483.5632241682426,,
Benjamin Vandixhorn,1477.247298393795,1482.8544666051685,,
Eward Covalschi,1485.2192939219713,1493.6253066313454,,
Graham Alrutz,1482.5681001948437,1483.8248688445367,,
Marvin Moeller,1491.5502011655728,1572.1044722979148,1539.067563738322,
Jan Zielinski,1404.3111945810624,1505.587724313368,1508.0162472719328,
Kacper Zuk,1434.744591606003,1489.5389779934421,1529.8428127477216,1496.2907039832717
Piotr Lomacki,1499.35006124195,,1502.1245336361994,
Thibault Forget,1487.245786376769,,1490.0955283791584,
Alessandro Cortegiani,1474.164757915415,,1476.8158906485312,
Matteo Marfia,1303.4744275596058,1484.2104496841002,1449.2376722183938,
Piercarlo Coccio,1393.8938107005083,,1466.58628375178,
Shane Nicholls,1389.6339078099231,1466.8145728383367,,
Kevin Kylar,1315.344841241066,1433.4676738840747,1494.3286927174056,
Benjamin Sigouin,1254.6648748902214,1437.3038881400475,1494.3228070788402,
Tadas Babelis,1287.020635783596,1466.2317419235994,1489.1886299062921,
Dac Tien Nguyen,1457.0314303328448,1465.5414902973275,,
Nick Zieziula,1485.7843084763492,1488.860824933622,,
Keith R Whittingham,1483.4867715591674,1485.1491856546388,,
Charlie Maher,1483.7298875920824,1485.7554523350577,,
James Hignett,1440.8822658091249,1473.4916244059618,,
Hangyeom Kim,1482.8593279005484,1484.2275786416585,,
Brandon Walkin,1302.1840140399224,1466.2634602890976,1478.3013706224958,
Ivan Goluza,1467.1341937366394,1477.2990655269582,,
Sukhee Ann,1484.6765462711899,1485.0623095420704,,
Scott Dawson,1481.759693421985,1484.0866654403471,,
Donggeun Oh,1476.8504182349802,1483.967430708925,,
Uisung Park,1341.4030886239934,1482.8580959402716,,
Tommaso Compagnucci,1317.7848625314705,1495.3922256162261,1432.40217338338,
Edoardo Lamberti,1453.5630135539168,1483.2064924853807,,
Giorgio Ricca,1251.8310305215912,1490.9265735997737,1452.3448580851812,
Hendrik Jebens,1326.2450221829793,1473.2808268534907,1455.5123583701281,
Daniele Spinnato,1411.5606551569192,1500.9052557782509,1491.154120570636,
Yan Sabanin,1386.0478752366357,1441.631712810991,,
Paride Mangiaterra,1485.218635501464,1486.862106765794,,
Edoardo Castagna,1487.7245141072422,1490.6062296500886,,
Kristjan Tamm,1285.9888026438223,1472.3604211029867,1468.5158906306358,
Pauli Partinen,1479.281176856755,,1483.2122170537998,
Roko Savin,1476.3124960689404,,1481.403699193761,
Ulises Blanch,1474.8600468568325,1537.933396635975,1540.0535275609216,1499.228652294761
Nikita Girey Demir,1491.434320102038,1490.647036608523,,
Leon Vessels,1489.544345855062,1489.7297980104315,,
Grigoriy Lomakin,1111.0500880647671,1411.165939989926,1432.9953587355255,
Zhansultan Chembotayev,1488.0,1488.0,,
Evgeny Danilov,1486.7022045947692,1488.1415641871602,,
Kaysar Bekimov,1487.8828089475487,1490.0345475361821,,
Mihail Khaldeev,1484.1577737532853,1488.4610427704695,,
Ettore Capello,1487.102159038504,,1488.0620335405258,
Marco Pivotto,1480.7037058118044,,1483.5593455589064,
Nicolo Turchetti,1370.4524378273168,1499.5455146693987,1477.944145081458,
Fabio Mercuri,1452.8057311197344,1501.2064476081405,1488.8161999874192,
Christian Lakoseljac,1378.1144900447089,1465.3577989528326,,
Beck Pennington,1486.6047249707024,1489.531923896699,,
Enzo Wallart,1353.3694571717874,1457.965391739324,1492.201192101808,
Jeremy Efferding,1486.6779129779038,1489.0932036685901,,
Trey Yates,1367.4311935473936,1445.3634730321496,,
Nils Ellefsen,1455.5140867530836,1487.9060925561037,,
Alex Lawson,1153.096263246863,1458.8133379319204,1468.4340728541745,
Alexander Gornet,1486.165583147242,1487.7583251634642,,
William Bushamuka,1384.1856610851135,1464.9202315200428,,
Dominik Recek,1400.7559755659715,,1485.5733662974799,
Michal Bisko,1448.5297866366138,,1475.0740318517728,
Lukas Vejvara,1454.9301829143792,,1482.4470375123765,
Robert Willekes Macdonald,1478.8330203576943,,1483.7170936321645,
Cedric Willems,1495.2338407095415,,1496.4821242670287,
Laurens Deelstra,1488.0,,1488.0,
Antoine Hoang,1385.7687387791225,1490.394647639914,1490.409686914479,1514.5877601367959
Bobbie De Goeijen,1490.0198388835058,,1492.223091840675,
Botic Van De Zandschulp,1870.932249766443,1860.6377553577795,1772.1238106239027,1550.391945667822
Colin Van Beem,1462.9561627157757,,1472.1070730108252,
Javier Pulgar Garcia,1482.9197752108023,1496.8526262320997,1488.0,
Gabriel Diaz Freire,1488.0,1488.0,,
Nicolas Alvarez Varona,1517.9092420985528,1550.583996798146,1530.4949348866778,
Alvar Gutierrez Medina,1480.8301626784719,1484.4819844636477,,
Pablo Irigaray Guarne,1479.9405623166763,1483.6086674784458,,
Saul Verdugo Vicente,1440.0083981521327,1473.792686244484,,
Oscar Mancineiras Cornella,1483.3811005477705,1484.2481860676262,,
Pablo Vivero Gonzalez,1416.6177830210243,1485.4573475482348,1484.106993221452,
Changwei Peng,1425.5433940772027,1466.7590749302956,,
Thomas Brechemier,1418.4478615209775,1493.5684707427997,1476.7821658596786,
Marco Bergagnin,1478.316464631573,,1484.1771239156637,
Gianluca Quinzi,1487.986018731779,,1488.0605898697977,
Alessandro Ragazzi,1484.2207015820616,,1484.6374134931798,
Luca Serena,1485.194618210854,,1489.1716382824663,
Juan Carlos Manuel Aguilar,1464.2923589084264,1469.5337259832004,,
Washi Gervais,1358.377288659103,1481.716875267336,,
Andrew Ochotta,1442.6059648775904,1491.478493538795,,
Tom Dynka,1488.0,1488.0,,
William Flavell,1484.3964960800806,,1486.945380299589,
David Prokop,1459.1174236117763,,1488.9747775205467,
Adam Bronka,1488.0,,1488.0,
Jan Zednik,1484.348218854695,,1485.292731100088,
Marek Gengel,1346.076130644913,1494.569176699289,1409.0205719585663,1491.2530343052754
Yvo Panak,1487.5178913639463,,1489.4677715848657,
Sander Arends,1307.2442080566593,1475.4222985633014,1494.9147831276232,
Rikus De Villiers,1482.7575328919377,1486.7279972947636,,
Bernardo Saraiva,1280.6186684804325,1413.5901591173729,1483.5753730918527,
William Griffith,1375.3763726229442,1470.6272859325416,,
Roy Lederman,1487.4195660841372,1489.7030398284362,,
Michael Genender,1429.878677861081,1459.2617798218907,,
Harrison Scott,1427.1895941732728,1483.004509175219,,
Perry Gregg,1376.0885774637036,1454.3584389917264,1488.3558951422037,
Victor Pham,1482.6084108602063,1484.541932600101,,
Erik De Santis,1490.3916384986148,,1497.9463173447912,
Federico Bertuccioli,1385.404218557834,,1467.053034587584,
Rached Rihani,1425.3738581846787,1476.3611838502825,,
Dan Martin,1340.9912161658929,1436.9796078549625,1495.593645530627,
Thomas Susen,1498.623613004753,1502.0892571789234,,
Edward Nguyen,1405.905552593316,1451.5338898822622,,
Juan Ignacio Batalla Diez,1470.4524938972356,1480.1049266546975,,
Fernando Cabrera,1487.303623114894,1489.293100245759,,
Domen Gostincar,1461.9369463794249,1485.842120867365,,
Matic Spec,1488.0,1488.0,,
Grega Boh,1447.759664551589,1480.8510116233188,,
Klemen Nikolas,1488.8268307283795,1490.8749682380517,,
Sven Lah,1412.0962645398138,1486.4150510364811,,
Jie Cui,1442.9984127197934,1531.6014556384503,1486.0818154851695,
Zi Yang Cai,1484.0532011450998,,1484.6229428925867,
Honghan Wang,1449.2154236331046,,1477.519219107718,
Huixin Wang,1372.4798379126923,1486.348032656395,1475.7983686861553,
Yang Liu,1484.287694624803,,1487.7800686940732,
Chengze Lu,1468.1946790946508,1495.2099564567363,1494.2443896662523,
Ergi Kirkin,1456.6484037195005,1429.7737712189562,1578.5052318804806,1496.4900708958646
David Pichler,1387.9124749179634,1456.4626364934045,1503.6635350934412,
Tommaso Schold,1488.3478830115503,,1488.4267819532229,
Omar Fiorenzato,1482.646607773661,,1484.652443745495,
Giovanni David,1475.208456788205,,1483.582750991721,
Bjarne Mannheims,1483.9735115560047,,1487.144252198585,
Kai Breitbach,1395.282087771775,,1493.2157607095064,
Jens Janssen,1482.7432171663875,,1484.730740493842,
Niklas Schell,1298.9784553331913,1456.3804570508298,1493.4351046966465,
Aliaksandr Prudnikau,1497.4548215227342,,1492.6154577690988,
Corrado Summaria,1433.4659986732333,1488.7265249089255,1499.8465423410507,
Giovanni Fonio,1580.454726178049,1628.8164055925376,1602.5300118914336,
Lorenzo Corioni,1486.0551766446758,,1488.3272503395422,
Dennis Uspensky,1437.3437663899317,1447.8382156562432,,
Chanon Phunsawat,1429.4047662459825,1489.1033182336027,,
Connor Farren,1254.055763089497,1427.1433060287102,,
Maurizio Speziali,1485.1236843972797,,1488.3946020676613,
Ljubomir Celebic,1411.457957629068,1484.067321761794,1487.0096209823373,
Davide Galoppini,1310.925674802052,1486.5889185636881,1459.4762592607601,
Federico Arnaboldi,1551.203795563357,1471.5361302445197,1644.369376616373,
Marvin Bernardo Becker Spiering,1453.3788556584457,1485.0,1477.8030973764396,
Felipe Assuncao Garla,1427.830769958837,1498.8891363833943,1481.9397172174008,
Enrico Dos Santos Lima,1474.873984819301,1484.7357709839061,,
Lucas Agra,1480.6602967985866,1485.0,,
Alex Blumenberg,1488.877171955998,1499.5310765765885,1502.5178474619654,
Vasil Kirkov,1323.148952797575,1508.449843365107,1485.8485324300627,
Amadatus Admiraal,1431.3355076902303,,1479.6226404461595,
Jasper Van Vliet,1481.375246136861,,1484.8706304709008,
Julian Onken,1471.9076494902054,,1492.8356766942454,
Kevin Griekspoor,1457.739346253933,1515.4162933426057,1473.3545078940174,
Brian De Vrind,1481.606843111705,,1485.09372557155,
Guy Stokman,1444.4179287661707,,1477.5631813064401,
Leon Schutt,1506.8385836203556,,1514.9158263137647,
Paolo Dagnino,1456.0823042140057,,1481.4981531590952,
Alessandro Ceppellini,1405.7771982668194,,1459.8713282907427,
Matteo Siccardi,1482.296970698337,,1484.6456946388507,
Luca Prevosto,1423.2063763272615,,1477.7054561842933,
Nicolo Inserra,1491.3830237238674,,1491.9363934813744,
Juan Pablo Canas Garcia,1471.0118511144167,1503.7521228675346,1497.3346820337274,
Ivan Marrero Curbelo,1320.8795618062545,1527.452007214772,1479.2093003615607,
Javier Barranco Cosano,1593.9124776768892,1576.82762575165,1613.926755927478,1500.426632179901
Tao Castillo Bernal,1487.7754083414748,,1495.9986934070466,
Rodrigo Ramos Codes,1488.0,,1488.0,
Iouri Sant Syromolotov Netrebin,1376.8065082687535,1481.1465123244302,1486.5064110380563,
Leandro Serrano Sanz,1488.0,,1488.0,
Diogo Lourenco,1443.0728729320736,,1469.9775475180072,
Zhao Zhao,1410.8342303666748,1466.3324833990455,,
Baptiste Anselmo,1480.5473555935982,1485.0,,
Arthur Hugounenq,1482.5248327893964,1484.7142013374769,,
Nathan Seateun,1488.8310931482197,1488.2749931137744,,
Clement Chidekh,1534.3160981902686,1600.4611999934937,1514.8989711125637,1487.701113550735
Egor Kovalev,1423.2301425563724,1480.8011166023532,1477.2893402950092,
Jonathan Gray,1414.2508299709007,1482.8593264139022,,1468.9945006830026
Alen Rogic Hadzalic,1423.7679016673092,,1479.1399152187307,
Sebastian Ofner,1749.9010378871315,1747.9665959269182,1766.3096268484403,1560.5415566563743
Andre Biro,1479.715405953578,1492.9704878078614,1488.0,
Goran Radanovic,1418.6052855863861,,1474.110822411869,
Ivan Randjelovic,1441.5776027773686,,1471.6773873631225,
George Botezan,1426.15735393335,,1484.0692546185942,
Tyler Mercier,1480.448835887354,1484.3617268855774,,
Felipe Martinez Sarrasague,1354.4959863292374,1470.4603501151046,1473.6347993735726,
Michael Ogden,1484.9041448252442,1489.3193115499955,,
Igor Saveljic,1448.436009614828,1476.6630169310101,,
Robert Levine,1480.4299561000637,1484.6935441215858,,
Arturo Schmidt,1492.728377875077,1496.8362591521557,,
Alan Gadjiev,1458.3864769162342,1461.6135571772086,,
Julian Bradley,1407.9787077271235,1477.0562332518966,1495.4327626615543,
Thomas Pura,1488.0,1488.0,,
Robert Kelly,1473.5873797770414,1494.235145338865,,
Ivan Saveljic,1431.3413918461124,1482.913935974428,,
Dominik Koepfer,1812.436330006769,1819.8107097049128,1783.0264137168383,1536.0163945080885
Catalin Mateas,1424.9873635293975,1477.9190194085415,,
Georgyi Malyshev,1448.5725814097611,1477.1790515379435,,
Nick Stachowiak,1409.9373581274144,1473.0923762300065,,
Mert Naci Turker,1358.7745659659242,1480.4947915175394,,
S Mert Ozdemir,1286.997422512443,1467.429568479399,,
Sefa Suluoglu,1435.129186603844,1482.2541169788624,,
Jose Fco Vidal Azorin,1354.2553993845263,1481.4733142287143,1495.7372657512763,
Cengiz Aksu,1288.67704596668,1479.8405493138378,,
Gokberk Ergeneman,1487.777541522184,1488.5655569532637,,
Mustafa Erdogan,1398.0192271490673,1469.0693093066013,,
Mohamed Khamlich,1487.3686366380678,,1487.4416554177194,
Mohamed Belcora,1483.1106957156564,,1486.9778354089085,
Amine Chadli,1471.392895513701,,1475.505615827945,
Sander Gille,1385.4314075331686,1503.1751390620473,1461.7073950814731,
Marouane Wasfy,1469.5016873721731,,1472.5161812135161,
Simohamed Hirs,1474.3468044852723,,1481.7829934303775,
Keisuke Numajiri,1486.2436311329684,1488.5848172293975,,
Ang Ji,1468.4384934004172,1473.4773463048784,,
Mateusz Smolicki,1483.327756667333,,1486.7671182496524,
Piotr Galus,1399.0900966265592,,1491.7817793487263,
Adrian Andrzejczuk,1360.4203924025608,1492.3023034388298,1478.4417396354756,
Filip Ambrozy,1404.612592741072,,1466.4969304523852,
Andreas Bjerrehus,1491.989262576895,1493.5579377155366,,
Benjamin Hannestad,1380.0546823350478,1480.2410595837011,1488.7783751305885,
Tomas Vaise,1356.7963578003635,1467.214726159438,,
Hunter Tubert,1481.1178016247188,1490.424230860153,,
Ricky Medinilla,1498.2341219718378,1502.0706344997943,,
Alex Kobelt,1297.8893487993482,1456.4498253951983,,
Kyle Seelig,1362.6766908804805,1488.4646778654467,1514.0647481245837,
Dragos Constantin Ignat,1404.4453126358487,1492.3226733232254,1483.7593388300072,
Martin Joyce,1392.58997791201,1465.1302249796117,,
John Mcnally,1316.459602217188,1439.0350899029988,1486.2070279128611,
J J Wolf,1660.719822274916,1668.0364824431604,1631.332463656283,1521.7219099679976
Marek Jaloviec,1289.2370034543917,1473.3121512673824,1473.0743418434429,1486.6853355310154
Oezen Usakli,1440.2182709940057,1472.2911802325268,,
Chien Hsun Lo,1405.0786207553856,1491.9996073043249,1487.8608405869718,
Yu Hsiou Hsu,1566.4789367362343,1624.6509291556054,1465.196885807001,1425.6597464809324
Joran Vliegen,1478.1882907640431,1489.5648095649824,1497.72760938676,
Adrian Andreev,1567.0195588938668,1586.2880367161586,1634.6312649858087,1451.7629942914382
Filipe Brandao,1477.1982627765017,,1480.7936405108278,
Bruno Pessoa,1488.0,,1488.0,
Gabriel Pascotto Tumasonis,1321.0055382659639,1494.7621953485911,1460.2273194550062,
Felipe Galvao,1488.0,,1488.0,
Luiz Eduardo Santos,1495.809083574117,,1496.7792201665775,
Joao Pedro Alcantara,1488.0,,1488.0,
Andreas Mies,1400.0738020432611,1475.4276817785528,1495.5803799101473,
Nicolae Frunza,1382.1930506846586,1492.1410815582215,1510.82236666488,
Bogdan Pavel,1424.4532693117246,1526.1866290730065,1445.9052995663305,
Valentin Vanta,1453.097062074032,,1482.123810151925,
Johann Willems,1426.8950108372183,1486.4834643864428,1491.9280645453641,
Sergiu Ioan Bucur,1498.4642193001628,,1501.7857542883391,
Maxim Kravtsov,1495.3063174795273,1496.0253513062078,,
Pedro Uribe,1429.0237115420016,,1462.5994597734982,
Juan Miguel Jaramillo,1488.0,,1488.0,
Diego Alejandro Giraldo Restrepo,1477.6987626755435,,1485.216660013533,
Juan Pablo Rodas,1481.6437548027145,,1483.822049560477,
Sergio Luis Hernandez Ramirez,1378.4749294630947,,1473.9008261471847,
Fabien Reboul,1418.5702284302924,1484.5955961129148,1510.9273427154505,
Victor Ouvrard,1421.6051175196121,1479.4767512172587,,
Jacopo Stefanini,1420.628162286553,,1478.0999311679116,
Luigi Sorrentino,1404.684609683773,1481.4378411723471,1490.0940957629036,
Daniele Chiurulli,1485.2688546707989,,1488.9656651158646,
Davide Pontoglio,1456.1818685621201,1486.2031846719024,1503.2612162167309,
Mikolaj Borkowski,1486.8090893248666,1489.9148620108883,,
Mert Zincirli,1481.6185153963527,1483.9100890838938,,
Robbie C Bellamy,1492.9088289647025,1493.2919048383312,,
Gabriel Vallim,1475.3200102167066,,1484.6786159687153,
Joao Vitor Prado Festa,1493.9654560833583,,1498.567082328592,
Giovane Bueres,1488.0,,1488.0,
Driss Lbahy,1487.1887157312176,,1489.72334936146,
Anas Chakrouni,1457.2455647444933,,1468.1039499891233,
Jeroen Vanneste,1434.780268020051,1496.9693668519974,1514.794931696391,
Theo Vandeweghe,1480.0549838030192,1485.3946881067784,,
Jonas Merckx,1443.089522654211,1501.0581557872677,1488.5442521670298,
Louis Herman,1488.0,1488.0,,
Zizou Bergs,1868.1347339527929,1806.9380032956085,1800.400954599206,1603.5478731607127
Christopher Heyman,1341.8192134633646,1487.2065787036681,1466.8090352241543,
Gauthier Onclin,1554.2718152442583,1567.740071559044,1592.8200014405286,1492.924228682824
Evan Zhu,1340.6909298106566,1454.5795806678757,1504.9013107378275,1476.6864421738737
Jenson Brooksby,1941.95023028451,1960.8083088324008,1643.3727763358186,1552.3514877661883
Miguel Diaz,1472.4721043549287,1496.9443625279584,,
Juan Bautista Otegui,1370.082686456718,1506.3606706361436,1469.91627969047,
Genaro Alberto Olivieri,1553.0032260721734,1510.1285793787858,1636.0046808173636,1441.9839259161085
Federico Moreno,1389.4560838896305,1487.4540280936808,1477.5076007100638,
Federico Nicolas Bertucci,1475.6545681956934,,1484.5098996761803,
Luis Mauricio Bonilla,1484.1952915775046,,1487.715313852395,
Agustin Suarez Gonzalez,1482.907375938692,,1485.2358018245384,
Franco Ribero,1387.9814820115112,1483.4958544311305,1469.842581206411,
Juan Pablo Becker,1488.0,,1488.0,
Francisco Cerundolo,1924.9116870116968,1851.478292540806,1955.2832027593809,1533.8453730611022
Alejo Vilaro,1391.893144063688,,1457.9933268366615,
Camilo Ugo Carabelli,1735.651089607381,1543.879574921896,1785.144247286976,1457.670321855099
Ayoub Benamar,1495.3800047458658,,1497.9980124027188,
Daly Meinert,1496.9636344949758,1502.0267255935646,,
Brandon Nakashima,1922.3644444299275,1885.8415022737586,1752.0443735199908,1639.3963305685304
Alec Adamson,1398.6871894824126,1467.6674587684645,,
Farzin Danny Amiri,1460.9908207642648,1476.0637897803808,,
Keegan Smith,1472.4400316659962,1546.1832436279233,1474.9995702955982,
Stefan Skadarka,1373.230029062811,1432.7126461703433,,
Stefan Frljanic,1482.0389635241183,1485.0,,
Ku Keon Kang,1448.245730325084,1480.7724198178373,,
Nebojsa Peric,1497.3341756588086,1499.1773221896744,,
Cong Tien Le,1488.0,1488.0,,
Mislav Bosnjak,1381.088318910761,1475.2354182004565,,
Stefan Vujic,1409.9341840441411,1471.481889054568,,
Hoang Anh Khoa Tran,1498.0566134788348,1500.2856648201423,,
Thanh Trung Hoang,1488.0,1488.0,,
Manfred Brandes,1481.5801103263555,1483.9095137004897,,
Pablo Landa Catan,1456.8448848317691,1492.0374831028166,,
Guillermo Alejandro Arrambide Herrera,1480.8366815951565,1484.7867763728539,,
Ricardo Ortiz,1417.6528161141698,1471.220356300707,,
Jose Antonio Rodriguez Rodriguez,1340.0248360802786,1449.5190647226266,1465.2614476881636,
Pavel Petrov,1405.2593964077669,1483.6668478796453,1484.9231697830091,
Kristian Lozan,1407.5349529709356,1480.9305740247926,1487.0230552949076,
Azizbek Akhmadjonov,1485.7274799599875,1486.6135975715415,,
Max Colorado,1489.6865726984122,1488.4050056577473,,
Stuart Parker,1455.3175861791055,1540.9772527582159,,1425.2310686495125
Evan Furness,1488.1412401108262,1515.378388797161,1556.3688598361096,1483.895286895595
Evaldo Neto,1486.1301320722657,1489.1451473264835,,
Richard Solberg,1433.5607305249403,1471.3019893256248,,
Patrick Kawka,1437.9953417051631,1491.9629469964436,,
Alexander Cozbinov,1333.4686840803743,1443.467603264292,1493.590178927858,
Ruben Alberts,1452.9148830589631,1483.0120773665744,,
Eduardo Lacalle,1480.2561440833892,,1484.1320344320272,
Nicolas Bruna,1266.2333001488178,1493.6446631326671,1449.225129760853,
Marin Dumitru,1480.8866931483306,,1487.7605088146083,
Cristopher Kohl,1462.258154282243,,1480.5296303907091,
Carlos Jose Cuevas,1477.333685589918,,1483.750110665476,
Levente Godry,1444.8201500069758,1480.806445655503,,
Gergely Kisgyorgy,1498.4955659665147,1499.0292241864122,,
Matthew Kandath,1448.6416459917268,1489.6329149456951,,
Mateo Vereau Melendez,1482.0164263353915,,1483.1616979786797,
Javier Rodriguez,1489.1081440752266,,1491.5107796635427,
Abhinav Sanjeev Shanmugam,1280.6913511824173,1460.5824847122867,,
Anurag Nenwani,1421.3421519247145,1468.8036323190938,,
Tejas Chaukulkar,1403.6918427260648,1486.51509622701,,
Anirudh Chandrasekar,1259.510055454159,1458.369733816081,1493.01486685308,
Haadin Bava,1452.0095928244193,1490.7283384550485,,
Dhruv Sunish,1397.6813085963067,1480.2139779454915,,
Siddharth Vishwakarma,1309.5448695359732,1448.7605251159791,,
Zhu Guo,1442.2558058486798,1489.8386873458358,1481.1053069266902,
Tian Xiang Hui,1483.6684708177543,1485.0,,
Shun Tian Shi,1480.358822092277,1483.4906100785445,,
Ze Gong,1478.833425483257,1484.2017875472109,,
Patrick Rynsaardt,1469.9131491606968,1473.453887011001,,
Paul Kramberger,1484.4081865376124,1485.2075420728365,,
Mustafa Ibraimi,1484.5807504733136,1484.9150524041613,,
Jeremy Beale,1353.5934675450926,1473.0694926017086,,
James Frawley,1417.631905720175,1477.9073818546567,,
Anderson Reed,1488.0,1488.0,,
Michael Shepheard,1448.1973315952062,1487.9741153643124,,
Alexander Babanine,1401.3761759880936,1472.5564220607719,,
Joshua Charlton,1427.0183552874753,1475.0571585423868,,
Harrison Lombe,1483.1875542695225,1484.6132054758104,,
Jonathan Bejar,1482.342476794903,1485.3782985117102,,
David Barclay,1309.2996487530052,1435.759083342453,,
Arjun Mehrotra,1373.2232348277892,1466.0900530733995,,
Jarred Wynan,1470.609030540071,1471.5484767160026,,
Nathan Eshmade,1468.8037271194626,1498.193698352461,,
Jc Aragone,1383.3777975439796,1475.6626045786718,1399.7351563751185,1500.148126694668
Aswin Lizen,1425.2434842137984,1476.7062315116002,,
Henrik Wiersholm,1383.2953207779838,1485.0099577171259,,
Ammar Alhogbani,1380.0913438870775,1472.7286427411084,,
Roy Smith,1307.9832120950164,1407.7863415857491,1494.3564489547048,
Luca Corinteli,1481.7302340635267,1484.4181764251398,,
Tim Hofmann,1488.389726988631,1488.0,,
Jurij Rodionov,1642.443262187941,1693.2686151030275,1579.9042152640563,1489.1591912933002
Leopold Zima,1239.7011291856395,1489.0332922234631,1465.3272809084488,
Rene Schulte,1516.6629255091086,1516.0155140268328,,
Ricardo Alban,1487.044815200178,,1489.7629252651031,
Emilio Bowen,1439.4220121370652,,1472.7544900736384,
Carlos Andres Carrera Hidalgo,1488.6326835206055,,1490.763925852521,
Camilo Ponce,1478.6409351752243,,1486.6744253573677,
Gabriel Andres Yaguar Espinoza,1488.0,,1488.0,
Victor Hugo Nunez Mendoza,1486.532176933873,,1487.438937984161,
Juan Manuel Lopez,1412.752714388732,,1464.1074687271432,
Andrew Ely,1492.252275196593,,1494.2296381622284,
Lucas Koelle,1485.8010454611458,,1489.9815770007415,
Matej Maruscak,1500.0529436354182,1500.105466287038,,
Patrik Obal,1488.0,1488.0,,
Michal Marko,1483.976116200277,1485.0,,
Andrej Glvac,1410.3199060473198,1475.9285051905229,1506.6422117663294,
Tomas Liska,1428.6352911235115,1485.9932192029803,1505.216494480946,
Luca Wiedenmann,1443.0865985887185,1507.3699590908345,1500.3965856606817,
Jack Schipanski,1484.79760084781,1487.7629271629858,,
Scott Jones,1346.3439723044294,1480.607008165207,,
Yuki Mochizuki,1435.0948865224716,1534.0261505517624,,
Takuya Komura,1483.7394365658067,1484.6374134931798,,
Kazuki Nishiwaki,1262.7001808658686,1440.6624534882933,,
Kent Tagashira,1414.0346951916779,1494.732653533621,1473.766512113847,
Shinji Hazawa,1352.4131652375593,1477.6277846727746,,
Shinta Fujii,1432.1264436050747,1475.314022915634,,
Ren Nakamura,1262.8150617633478,1462.0851964077779,1463.4180233364727,
Sho Shimabukuro,1673.0268202916593,1675.5787965943707,1541.6823039447254,1587.1550450142834
Daiki Kato,1487.168129260688,1489.7732950746915,,
Ulysse Bertrand,1487.5102367499362,1487.609393525057,,
Edgar Jeanmougin,1392.7048686152445,1468.4482946207354,,
Mick Lescure,1469.4976902311366,1513.544949328054,,
Luc Fomba,1488.0,1488.0,,
Michael Kerschbaumer,1484.8610341402639,1486.3374935907666,,
Luca Pancaldi,1407.760111740735,1507.4358210217072,1468.5593057761673,
Patric Prinoth,1251.809332282342,1460.2142619034355,,
Jonas Ciechi,1449.8291883726208,1476.486363892519,,
Erwin Troebinger,1416.7776380916139,1491.8905465366997,,
Luca Mainetti,1478.9834120113226,1484.1707618449027,,
Andres Gabriel Ciurletti,1376.604787165026,1489.4359027360645,1469.5624230171188,
Marco Facconi,1487.1161587731303,1489.6536341671508,,
Vuk Budic,1483.9960375095698,1487.2856522994612,,
Gui Gomes,1450.7834200158366,1499.9014629992757,,
Lev Kazakov,1484.3926410405206,1486.850150712311,,
Ezekiel Clark,1280.3041452334035,1438.3089814427603,1510.834237599487,
Aleksandar Kovacevic,1638.515700968602,1672.3121220129728,1499.9413099732913,1476.674376509775
Noe Khlif,1464.4745587866773,1494.6668690648337,,
Ignacio Carou,1248.4963512512572,1477.4002965904774,1344.8098087984692,
Gonzalo Bancalari,1418.998920801587,,1465.1330240661134,
Masaki Sasai,1427.515244313249,1468.8351118927894,,
Rio Noguchi,1516.4630160965844,1584.6140310895705,1425.9999744107336,1477.5382901761045
Yuta Shimizu,1650.1630664539532,1686.6870538880678,1488.5287081473302,1514.1819171538534
Yosuke Watanuki,1749.85676086475,1770.332541961662,1619.7941026765693,1565.1664597646868
Andrea Grazioso,1479.623437737268,1483.8631964698504,,
Beibit Zhukayev,1664.3182415398503,1642.5343071032976,1505.667880498715,1549.9967136451367
Sultan Narbekov,1395.8456343366236,1465.6373891235617,1487.2808400202227,
Riley H Reist,1483.6395264660334,1484.2574933730677,,
Matthew Mendez,1485.0457177436724,1487.1668456458435,,
Sean Van Rensburg,1368.862021072673,1476.78549733989,,
Frederic Stotz,1483.457522721963,1488.4641183421481,,
Krisjanis Stabins,1493.578194874141,1492.6918269623732,,
Tomislav Edward Papac,1317.7126180114979,1471.0091524707016,,
Matthew Dellavedova,1409.7567077000192,1441.7438465568837,1521.963540078311,
Corey Gaal,1379.4454911126766,1489.8042959210293,,
Jesse Delaney,1299.732950416267,1458.1676678447877,,
Dylan Gee,1487.5835189482684,1489.0439737666036,,
Benjamin Hassan,1660.2335253417393,1657.84253911139,1693.873018893502,1486.0126638199824
Florian Broska,1410.7369582718213,1498.454341095419,1489.3129331506598,
Igor Kolaric,1485.6726053470504,1488.5208067265137,,
Jackson J Withrow,1426.856042457983,1505.2618838757385,1500.5359437357677,1486.9935499007265
Felix Albert,1482.7522729049401,1485.015608693285,,
Juan Erro,1488.3311945217392,1489.7113967224461,,
Filip Dolezel,1493.4477707803626,1494.2232989857368,,
Shane Vinsant,1485.6732335830275,1488.339551441795,,
Alexander Brown,1385.573614278438,1487.6708042225143,,
Andrew Korinek,1483.6092385571574,1485.813693397212,,
Yshai Oliel,1417.0867734672513,1488.2384596629502,1495.1926661187135,
Alexander Merino,1195.0336677460448,1478.854994834687,1441.4375855723297,
Philip Wilbert Major,1457.2916978002572,1467.330743457598,,
Spencer Newman,1473.850576153178,1482.3979731640716,,
Justin Lunn,1480.6687239849161,1485.2462491115393,,
Mattias Siimar,1426.6803226798547,1481.2429579173784,,
Anthony Susanto,1344.7122856870385,1443.7799936292831,1490.907332737933,
Lucas Andriamasilalao,1486.9701820616176,1487.83265229068,,
Simen Sunde Bratholm,1464.2457895774332,1488.6325126221839,,
Hamid Reza Nadaf,1448.8661100607367,1512.6945190897104,1482.5,
Aziz Dougaz,1540.0922263044156,1556.5143826837775,1565.5686451010783,1461.5832111992574
Menelaos Efstathiou,1312.7314730926585,1445.0960098994435,1483.4699981400324,
Nicholas Campbell,1476.7064107199205,1481.2710463419976,,
Hong Kit Jack Wong,1377.2220969039524,1498.043195423688,,
Fabian Marozsan,1822.5378760399185,1818.0796960884854,1767.3114806724716,1482.526521925886
David Szintai,1440.1490013806765,1490.799335286646,,
Peter Balla,1489.0109470064683,1489.0478451131369,,
Zsombor Piros,1619.9288249421015,1652.5956731646172,1633.9473836960667,1536.9710352643608
Mate Valkusz,1604.9809072905255,1595.8756689293966,1618.956288845578,1479.02501285845
Skyler Butts,1493.8420167204838,1518.213098767449,,
Sathi Reddy,1374.1421124604053,1471.582562221553,1474.422812392869,1491.6
Bjorn Hoffmann,1489.5749490350706,1491.492478837655,,
Florian Lakat,1402.8639988923617,1470.5146056327112,,
Maxence Broville,1364.6469133362643,1483.0216339591034,1488.8897283210194,
Matteo Martineau,1580.8537168756927,1641.1395328676765,1508.2611004530988,1491.1446933719658
Andrew Watson,1441.913856026433,1493.5554850820117,,1485.3695590953616
David Nguyen,1494.181767306952,1495.8247435266135,,
Thomas Wright,1481.878419567171,1483.736871410768,,
Mandresy Rakotomalala,1490.7912088429882,1488.6281412278584,,
Mauricio Rivera Caballero,1417.6730714155883,1468.9575354679293,1489.5,
Alan Fernando Rubio Fierros,1293.8950335906677,1480.7127045317638,1444.196341476473,
Antonio Ruiz,1476.7975241717827,1483.342623357032,,
Boris Kozlov,1326.7649604250732,1447.0746683284951,1471.6431078003686,
Naru Shirafuji,1381.8326179898186,1479.7568672807752,,
Jumpei Yamasaki,1318.8939743319986,1472.1203827233717,1492.230621348765,
Toru Horie,1486.0431995879126,1485.5433505802805,,
Gustavo Teisen Pereira,1491.4440725994239,,1493.8545060504578,
Yann Wojcik,1355.580552578746,1473.4610653123211,1479.0494219356492,
Pawel Zawisza,1482.632328266753,1485.0,,
Masamichi Imamura,1417.278593005772,1531.8386325837437,,
Nasa Hatakeyama,1461.1255279278275,1488.897228210923,,
Sung Min Han,1484.8494462870133,1488.3569209613831,,
Oscar Matias Leiva Biason,1480.8140204266506,,1484.5313942354305,
Mauricio Alvarez Guzman,1481.0658297444454,,1485.5006723452038,
Jorge Abde Celis,1481.7442826816432,,1484.114789425916,
Matias Soto,1543.3171413907057,1519.568769546996,1589.9857556358604,
Luka Vukovic,1458.1740697072303,1496.399650517045,,
Eric Morris,1489.259325176541,1490.9643384923304,,
Raony Carvalho,1491.3265140232702,1491.3642311436972,,
Jianhui Li,1408.3087790610232,1470.492306152924,,
Tobias Sonne,1481.4662981159024,1485.0,,
Gaston Tonello,1480.7916192385342,1485.0,,
Tomas Gerini,1426.5470030697327,1499.7543313831582,1486.5257720534496,
Francisco Aranguren,1487.8616183874008,1487.3825023984693,,
Thiago Agustin Tirante,1659.4049617430887,1604.8052183214952,1684.18465463018,1491.247068536614
Fermin Tenti,1345.818970280063,1478.0851088086915,1479.865871014722,
Jorge Enrique Gonzalez Aramburu,1489.2442174982086,1490.855393796368,,
Miomir Kecmanovic,1857.6679749440082,1795.8579417145747,1819.1996048070405,1556.5132690782748
Xiao Qi,1478.0659196794757,1483.2290558965067,,
Peng Xiang Gong,1479.8482036194528,1485.1909483156337,,
Jiajun Zhang,1481.101889720244,1484.3531931850084,,
Carlos Arana,1483.8227587244885,,1485.3189648668936,
Mateo Galdon,1491.2605391679776,,1487.4252978653008,
Yanais Laurent,1430.8970635139635,,1464.3961509213452,
Fabio Costa,1482.6234133808032,,1485.0,
Maxime Mora,1343.794463812556,1468.5229031979036,1459.052920413706,
Matteo Vialmin,1488.0,,1488.0,
Pierre Louis Dodens,1491.1104253407402,,1493.8451452443135,
Mykyta Mashtakov,1322.109706413505,,1470.7020580285264,
Illia Biloborodko,1403.384308063056,1495.0108357816516,1491.2855306481365,
Soren Hess Olesen,1479.7636243427835,1495.375107362853,1504.9097982092756,
August Holmgren,1582.125226449002,1617.3682824668372,1511.9377770866486,
Domenico Scelzi,1481.0925141136174,,1485.153942744646,
Carlos De La Pena,1505.59114948811,,1516.991740518352,
Patrick Kypson,1601.5517407157092,1657.8403817502935,1570.7357153294154,1498.519571849473
Sebastian Korda,2041.835362648494,2001.7284557947341,1764.9829744609683,1644.6134445813748
Cing Yang Meng,1395.0774896484472,1489.825455930289,,
Alejandro Davidovich Fokina,1883.9449819868896,1879.1592744773968,1828.2806236962501,1498.3008494562998
Artem Strokan,1369.2764028417123,1434.511342127908,1461.8754684984917,
Andrea Del Federico,1276.4157645173914,1486.6012099044422,1440.061384493305,
Charles Force,1425.7256415569727,,1456.5333871567318,
Rana Roop Singh Bhullar,1487.4864877570587,,1488.5940051484135,
Joao Monteiro,1375.2312322713312,1491.974291126888,1461.621426574499,
Sung Jun Park,1436.0635520445792,1473.994043199324,,
Sung Hun Kim,1489.337937941872,1490.7623820831427,,
Ji Hoon Son,1414.2509627291417,1507.7696004886152,,
Ki Su Jung,1457.734084898977,1465.9908573441473,,
Charly Zick,1432.773367165238,1480.8484563396623,1492.8570316763037,
Tadeas Paroulek,1423.0886386366553,,1485.483440567182,
Sean Sculley,1481.6025248548922,,1483.225149637094,
Robert Galloway,1286.0204020310284,1477.0803310879685,1481.316505299435,
Nicholas Bybel,1453.359811764618,,1494.7070256567765,
Ryan Hardin,1485.2016389117225,,1487.0740770609455,
Mohamed Nazim Makhlouf,1422.0630506472892,1485.6857288558215,1492.9045780828965,
Yurii Dzhavakian,1422.2005369612639,1498.3705486308263,1476.6510766587996,
Grigoriy Korobeynikov,1394.3202889714091,1467.1407716348442,1494.8686106997154,
Azizbek Lukmanov,1465.5535703039388,1484.3089214213066,1483.819383117519,
Alessandro Luisi,1477.5827288943885,,1493.6958256194184,
Hyeong Jin Cho,1480.899360797499,1483.6822527607962,,
Yu Seob Kim,1488.4788082536272,1490.25617652184,,
Eun Chong Shin,1488.9634456679403,1487.616088008975,,
Olivier Duberville,1486.8929498175146,,1489.1006445724997,
Ju Hae Moon,1486.071461216433,1489.3478216798421,,
Kenneth Raisma,1433.5958087613446,1492.9200196249694,1475.031491019543,
Raphael Baltensperger,1403.101403587632,1485.735514182988,1487.833155119097,
Andrea Trapani,1456.5363309292313,,1484.7516625017274,
Luca Potenza,1414.695725765663,1502.780871922809,1497.0009292164543,
Tiago Cacao,1385.2731935203099,1491.6,1458.381377683473,
Francisco Cabral,1300.4530120745221,1498.5166442653322,1454.158458843613,
Kevin Portmann,1490.8392585460456,,1492.0540395102075,
Curtis Clarke,1459.6802180788434,1475.7601092755303,,1492.0068564700075
Joshua Paris,1366.106152642819,1487.9902874833663,,1478.70604520692
Finn Bass,1453.682191285164,,,1479.8649307498076
Barnaby Smith,1489.9535317117814,,,1488.8251709651884
Sean Hodkin,1424.1199061327784,1463.4982688309724,,1491.6
Max Stewart,1487.5916890096662,,,1491.3047410413367
Iznaur Akhmaev,1461.701378177266,,1469.3797257374822,
Victor Girat Magin,1491.3467276216688,,1491.7276831572945,
Jules Okala,1350.3373690336987,1484.0572833907909,1481.4352137222836,
Aziz Dadabaev,1441.7906411033264,1488.0098107662166,,
Olimjon Nabiev,1406.058549983971,1489.4781627649697,1486.693986782738,
Timur Sottimov,1426.07450109977,1479.2675501570095,,
Julian Cash,1387.923415754762,1473.6163735408022,,1464.413427174048
Bogdan Bobrov,1399.969120808088,1473.4844653580572,1508.5624902554785,
Lorenzo Santini,1481.8158622811181,,1484.3292880641682,
Federico Cecconi,1487.2936166556644,,1487.5365893453866,
Cristian Carli,1453.0956756850933,1488.900825769041,1498.2380290409376,
Andrew Ruppli,1488.0510130259174,,1489.5681035324913,
Jan Simon Vrbsky,1482.9531389755305,,1486.124799796231,
Amer Naow,1411.5905549136235,1482.5901862537505,1490.637038967016,
Jaime Fermosell Delgado,1461.4617263429875,1491.4587194476521,1497.5959334338665,
Kai Wehnelt,1363.903327654414,1481.3500766868656,1469.6053703205919,
Linus Frost,1451.5297585725948,,1492.678242499462,
Arvid Nordquist,1436.4562902861533,,1490.9968048894693,
Eric Ahren Moonga,1440.2270457105649,,1471.6177572321803,
Jannik Opitz,1417.6841051370532,,1475.522626426998,
Arnd Weyhausen,1484.0440638111438,,1484.9782317699526,
Ramazan Nureev,1436.6244936411665,1482.3450554127016,1490.3454357988528,
Felipe Ramirez Luna,1481.440488987907,,1491.210632170762,
Andres Ariel Fernandez Lopez,1461.4790146874427,,1470.3629169734575,
Michele Cappellacci,1442.1809836517277,,1477.1964026370658,
Milan Radojkovic,1343.734058274016,1455.7849000404951,1494.660404253891,
Moez Echargui,1490.776555593898,1523.4563421162068,1559.185843480368,
Logan Smith,1464.1476859906704,1491.6754182059856,,
Felix Corwin,1410.3519165793532,1498.9014888567,1508.074308562703,
Jordan Parker,1418.0088668264746,1455.9309658926836,,
Michael Redlicki,1453.0596352142768,1492.10204344961,1492.9463579581377,
Sameer Kumar,1488.4973921803655,1488.5132646026873,,
Martin Redlicki,1387.2308089714759,1480.7335550259095,,
Jeffrey Schorsch,1494.3957767795741,1497.6945404789928,,
Brandon Holt,1627.929413615941,1655.3474455916585,1499.11879047184,1486.9824174272476
Timur Maulenov,1249.8040825890646,1460.3114374989805,1470.5292961423547,
Malik Bhatnagar,1486.8135967480239,1488.9573254432898,,
Sebastien Collard,1440.7466711262362,1473.0606423517388,,
William Blumberg,1440.9258145957863,1501.5496235220546,,1509.3687548904613
Piotr Grynkowski,1475.02921351369,,1482.1900624111552,
Norbert Tadyszak,1460.3596027598273,,1485.0832320966078,
Jakub Gewert,1478.3889710272458,,1483.9670391922796,
Jakub Grzegorczyk,1476.8597929080254,,1484.3651149499958,
Maciej Lorenz,1482.6571109326055,,1484.3307874942554,
Marc Andrea Huesler,1717.0834164473754,1713.5814383186537,1684.6903669794758,1553.8019529913836
Michiel De Krom,1353.5039243664435,,1439.8375611082222,
Rocco Savin,1475.9082048285065,,1480.4104991886848,
Shane Monroe,1489.7546259977921,1494.360603238301,,
Kushaan Nath,1480.2510902721237,1483.8309238920974,,
Christopher Rosensteel,1477.814890815705,1483.0629755349855,,
Jacopo Berrettini,1529.8406723260935,1475.093977037952,1603.377941680205,
Riccardo Balzerani,1296.9108214148223,1496.629472079565,1439.35627496051,
Taha Baadi,1284.2088938094844,1426.4080676089266,1484.9345758745865,
Jason Jeremy Hildebrandt,1495.4547210412663,,1491.9071368875489,
Antonin Stepanek,1481.6720717802384,,1484.796699522029,
Pyry Hyrkkonen,1487.5759202655274,,1494.4070309770607,
Ricardo David Mayagoitia,1481.5327704755205,,1484.6079443867616,
Aaro Pollanen,1481.6827928120908,,1484.1271165078326,
Patrick Kaukovalta,1389.3603385648032,1497.708720063733,1485.5552007519684,
Francesco Paschetto,1462.2713553776125,,1493.481976754648,
Mousheg Hovhannisyan,1440.6686811664028,1454.2545134357933,,
Matt Halpin,1392.958684398728,1478.1838146521518,,
Oleksandr Bielinskyi,1409.030150662202,1486.343967646849,1461.9158063661619,
Zakhar Trapeznikov,1482.614584469845,1487.0206497613813,,
Sergio Martos Gornes,1209.4647065498816,1453.5094567151111,1460.962028615959,
Jorge Blanco Guadalupe,1466.4640304355512,1503.3359228966478,,
Bruno Mardones,1451.1052983944542,1461.100593705825,,
Mario Mansilla Diez,1420.0752671742364,1489.5500695721626,1488.9600372154398,
Danny Thomas,1428.481592664142,1480.7737563042829,1495.788864966735,
Ryan Goetz,1418.2818816080112,1475.8987939535552,,
Rick Kepler,1483.5995139318334,1484.6374134931798,,
Raheel Manji,1490.2502146654424,1491.7566523386752,,
Alejandro Hoyos Franco,1322.0145612655447,1484.4415821425966,1446.6849999270983,
Dorian Tomaz Janezic,1495.1054514581933,1496.8404889750989,,
Janos Zibrat,1488.0,1488.0,,
David Lucas Ambrozic,1421.5397501197622,1471.1229064338427,1493.2918454572523,
Tim Sandkaulen,1377.6816312000149,1483.0846722960464,1483.6305744180984,
Mats Rosenkranz,1497.2761898845424,1562.2934099060928,1466.9390424142068,1465.0477493445917
Henri Squire,1654.9054842653595,1614.9671929712354,1691.3662613189097,1442.0589547358077
Joaquin Caballer,1485.9887267116967,,1486.6605338784632,
Patrick Walker,1484.979966594709,1487.2081246730625,,
Henry Choi,1489.4656239550802,1491.932544410714,,
Rahim Esmail,1490.342615316795,1490.7619539809002,,
George Jecminek,1488.8186720552285,1489.9148343342913,,
Alexander Day,1449.6952168364728,1480.2231730107765,,
Alexander Weis,1457.5964427910408,1442.764050945259,1503.7202246895993,
Toni Simonovic,1483.9688252802985,,1485.168960823209,
Borna Gojo,1800.1920357208576,1813.9539841911853,1679.7705031674332,1456.8905383702793
Hugo Minda,1427.3813024980382,,1480.7099644238392,
Lukas Smolak,1488.0,,1488.0,
Gijs Brouwer,1671.0409191103317,1644.0470067743047,1598.560140124087,1576.024163621064
Leonard Von Hindte,1440.9360325906214,,1471.4730391516243,
Francesco Moncagatto,1490.0153796526756,,1491.449024363832,
Pietro Ansaldo,1485.4347496625,,1487.789274768966,
Lukas Ollert,1424.9664898861574,1476.490797367331,1490.7144591167428,
Jose Juarez Caro,1454.544397144097,1481.0080288041972,,
Jose Antonio Dugo Reyes,1492.537530251212,1498.6360596527488,,
Mikhail Korovin,1484.401091934426,1488.1256172516069,,
Tao Mu,1375.160811994167,1462.4990167536878,,
Mihailo Samardzija,1477.1706014894219,,1483.5884210520253,
Milan Drinic,1493.5321545165536,,1495.1351757599662,
Christian Hirschmueller,1431.8172833783087,1499.5465788860902,1481.93972894548,
Julian Zlobinsky,1453.8788457861203,1486.0621619176309,,
Spencer Furman,1481.9645396981548,1483.5448215366148,,
Umut Akkoyun,1380.832816550816,1469.0429002670996,,
Koray Kirci,1283.4705345238976,1485.0164982508682,1483.795086753938,1498.5103385869315
Matthew Foster Estwick,1406.2415287989606,1469.6821788204863,,
Seung Ri Choi,1484.542926350034,1488.4942916841403,,
Dae Hee Lee,1485.5865952621832,1488.172282340441,,
Dong Hak Sin,1457.8136664291724,1482.345698633007,,
Jun Sang Park,1486.7271609764246,1489.0935426253566,,
Yanki Erel,1421.1822526170283,1520.9014840258342,1464.2534639264027,1496.5062851306482
Calin Manda,1404.250670207583,,1476.659120170812,
Vlad Andrei Dumitru,1286.5568779724247,,1463.132540509522,
Ioan Dan Abrudan,1487.1500098594868,,1487.7869030914737,
Vlad Andrei Dancu,1375.8761093969592,,1510.5979630340069,
Tony Bourcet,1385.4903371075538,1460.3961824593687,1493.8330627139355,
Daniele Catini,1486.4506297215687,,1488.070831840769,
Giuliano Benedetti,1491.0198572548845,,1491.935736267239,
Alessandro Procopio,1486.5281546763742,,1488.7643318962391,
Spencer Papa,1481.7060439366662,1488.4928205631713,,
Olukayode Alafia Damina Ayeni,1407.7265784507817,1479.9767045177189,1476.2110390062085,1467.2279330610947
Rodion Pak,1482.0134512205527,,1487.3306446609283,
Pavel Filin,1474.3683225634402,1489.9578071823128,1489.5589398934271,
Dostanbek Tashbulatov,1221.1736089957792,1445.3715655410886,1443.6882167858817,
Alexander Pavlioutchenkov,1388.3665700788745,1426.5556534470588,1491.6,
Tsung Hao Huang,1353.643385316506,1464.4064299871352,,
Chun Hsin Tseng,1609.6296948196127,1573.018783839507,1728.3287028467219,1437.5132483279797
Jake Douglas,1452.0103579333722,1483.250690787409,,
Cesar Antonio Gomez Diaz,1488.223987558227,1490.6743475858384,,
David Argasinski,1482.6773578128464,1484.421717837557,,
Tadiwa Chinamo,1479.0042222720956,1484.2263168770596,,
Akram El Sallaly,1419.8361517754267,1494.5838117278838,1498.3942055997152,
Santiago Besada,1496.3958431442347,,1504.2267958109187,
Juan Pablo Grassi Mazzuchi,1480.7220459582459,,1483.7815203786067,
Sebastian Baez,1806.669960518365,1685.3514538511968,1935.1742180463277,1452.8737174165863
Timothy Sah,1490.1464265752454,1492.702253705818,,
Kai Lemstra,1319.3048197438484,1475.118622744294,1479.6654544638877,
Sven Lemstra,1455.0574893965415,1482.3122135777255,,
Fabian Penzkofer,1473.4239294753725,1485.4214499675004,,
Daniil Zarichanskyy,1457.4721041752978,1491.485936443634,,1484.2944947385392
Matvey Khomentovskiy,1485.4743654055144,1495.301282668354,,
Jack Vance,1415.7058217309868,1471.7573119743165,,
Henry Craig,1438.128490950321,1475.8105921109789,,
Eric Samuelsson,1464.5823368640577,1488.208721807928,,
Trevor Allen Johnson,1470.6584969699368,1496.3656506061568,,
Artem Vu,1488.5919608302304,1497.796808630077,,
Jakub Paul,1547.3369909844228,1592.6079232650595,1519.5485676576764,
Mirko Martinez,1346.46267435371,1466.875026028786,1476.6331335099903,
Vasko Mladenov,1454.8165018381342,1497.4636611933063,,
Joel Kielbowicz,1483.5407063181701,1485.532339399502,,
Daniel Guccione,1481.8353142268797,1484.404697989625,,
William Ma,1382.6725152397592,1449.5273951245354,,
Matthew Christopher Romios,1271.2707475704342,1431.5954834311922,1449.3409958346497,
Ken Cavrak,1427.7802679395168,1482.9466009748294,,
Lucas Vuradin,1431.1844135180745,1470.796796737286,,
Jack Murray,1491.2219185450513,1492.823185049003,,
Cameron Silverman,1486.5306101521435,1488.6259272506873,,
Ralph Regus,1484.7958623202444,1489.7544353679607,,
Marcus Mansson,1487.5475258487434,1488.5231578439566,,
Tom Farquharson,1523.6729672513823,1538.0414953360669,,
David Juras,1434.4887496574968,1493.7875795216244,1484.4910734842056,
Martin Fekiac,1449.0013555298929,1477.0608952119437,,
Yuto Sakai,1472.7488267003903,1481.5700802533088,,
Clement Tabur,1493.1442275538047,1418.3692837999083,1571.3040854308742,1479.0
Enrico Dalla Valle,1547.6132171470683,1529.6665018577746,1617.197274778301,
Roberto Marelli,1483.7196982109606,1488.0515678793374,,
Andrea Guerrieri,1410.275519614375,1455.1629750651118,1518.1862700514662,
Pietro Mugelli,1482.6725232550962,1484.6387632264812,,
Caleb Chakravarthi,1385.520364929252,1475.919675437369,,
Dhakshineswar Suresh,1385.0593404902995,1483.7590571859369,,
Armaan Bhatia,1473.982337915524,1484.0562908853835,,
Nicolas Acevedo,1502.8152038428987,,1501.6257970453973,
Luca Gelhardt,1461.444680534236,1484.1985274340016,1491.6,
Oliver Hudson,1483.3735923511804,,1486.6483215433886,
Carlos Cuevas,1486.996925381497,,1490.1290117232895,
Shohei Chikami,1414.4495450381942,1474.8169148409706,,
Masaki Osafune,1463.4983745826632,1475.9800407639052,,
Andrea Bolla,1483.7670777357691,1485.0174951279791,,
Nitin Kumar Sinha,1310.8529245610594,1464.63327940054,,
Dalwinder Singh,1427.4401844696836,1505.1421425359033,,
Pawin Jirapoomdaje,1485.1617667604137,1489.4360074164517,,
Palaphoom Kovapitukted,1339.8302261889412,1460.9193008524114,1504.044364151384,
Colin Sinclair,1401.0831000029534,1494.2638492835742,1511.3470319811809,
Kittirat Kerdlaphee,1486.323304807609,1488.3888777247187,,
Punnakrit Kritakara,1486.1568743242115,1488.1704875120017,,
Nutdanai Sincharoenwattana,1491.1477732999356,1493.0022367333243,,
Phongsapak Kerdlaphee,1480.8589032622,1483.6517618308396,,
Felipe Muzzi,1484.8774018694073,,1487.3626898641203,
George Hime,1483.6649498162556,,1486.8474845659844,
Vorachon Rakpuangchon,1495.0142618119285,1495.399199166899,,
Pierre Debrosse,1483.5157058539648,1484.6988687129463,,
Julien Delaplane,1485.28688079817,1486.1607350954175,,
Finn Reynolds,1304.916225592386,1436.9762120354405,,1494.6805849117038
Akanit Pumjit,1477.9879964992479,1482.7079006682354,,
Emil Ruusuvuori,1826.4784689544817,1873.1140002439938,1627.2409146611653,1556.8997457892274
Thanapet Chanta,1283.087231860336,1458.234199872953,1483.679525208072,
Jason Taylor,1301.3381829024227,1465.1465125403695,1476.9968761051207,
Jaimee Floyd Angele,1344.7438549483713,1472.7372397234424,1488.3559120788354,1492.7703014167214
Alexander Crnokrak,1431.421404017709,1486.1208020599338,,
Mick Veldheer,1330.3225138611242,1485.5426234923118,1483.8777608006283,
Patrick Zahraj,1518.9409718625104,1599.7797563619556,1460.0411085353724,
Marlon Vankan,1387.985507896688,1500.968945578652,1480.8058087434488,
Quentin Gueydan,1371.130029606648,1448.2895237953503,,
Thomas Yaka Kofi Setodji,1421.4560836175742,1514.2426034771045,1489.3278825761313,
Rayane Roumane,1460.3104229000423,1511.744576963605,1477.6911336562573,
Thomas Bosancic,1435.223464349,1470.5200233076469,,
Karl Poling,1430.5321663714465,1530.8980157075337,,1495.528160678561
Michael Zhu,1338.010278163733,1447.7459921773927,1481.4988825562057,
Arnau Dachs,1487.8200493126187,1489.5368175293231,,
Christopher G Haworth,1487.2410561346856,1487.604195014778,,
Petros Tsitsipas,1227.2646677430887,1470.7025367914823,1453.1014372705145,
Xavier Lawrence,1478.394919119912,1482.5,,
Minjong Park,1477.7280529935463,,,1482.5
Luis Diego Chavez Villalpando,1510.1128653625356,,1517.0699715508028,
Youssef Hossam,1518.266081418566,1542.4160043802347,,
Peter August Anker,1486.0,1486.0,,
Rafael Eduardo Gonzalez Retana,1477.3887128195342,1482.3224775061287,,
Ainius Sabaliauskas,1457.4509861761128,1506.119237156488,,
Anthony Jackie Tang,1509.3519929953297,1516.922369215918,,
Amir Hossein Badi,1481.2474244616644,1482.537823164629,,
Simon Carr,1325.6005233803285,1459.9965138262316,1489.2776695940538,
Peter Bothwell,1474.5334486557294,1493.104504304862,1502.0267062663438,
Michel Saade,1481.4870691836486,1482.1531304219752,,
Muhammad Althaf Dhaifullah,1476.8263499107557,1480.8587833666911,,
John Bryan Decasa Otico,1474.2569092079643,1529.1332347069683,1479.0948084737113,
Yasitha De Silva,1396.4870288477648,,1461.2129460184942,
Alex Fairbanks,1481.2038330179803,,1486.4347913292816,
Mehluli Don Ayanda Sibanda,1362.013739272252,1489.531795667721,1483.4455030027948,
Peter Sallay,1485.7202696373172,1487.4038918201088,,
Peter Makk,1432.6084150505487,1488.5946744711523,1488.027490582933,
Rrezart Cungu,1402.1113943442178,1498.947872492737,1474.6978773825133,
Jacob Brumm,1304.5209483025383,1443.4195507743157,1470.9253065254497,
Alex Brenner,1482.547186989523,1484.346726108297,,
Jeff Greenwald,1482.3327864172504,1485.1639812937544,,
Conor Berg,1489.803394886866,1490.3880696835874,,
Alessandro Damiano Ventre,1498.7925844026945,1506.6790417423138,,
Alexander Donski,1417.326815732507,1516.5572055457678,1520.5317611260348,
Ramakrishnan Rangaraju,1484.5095197790024,1486.8148468152417,,
Gokul Suresh,1484.4722452216117,1487.5506126762868,,
Leo Bresson,1488.3750756352515,1488.9873142956687,,
Gary Kushnirovich,1415.4689070987865,1474.2599174577804,,
Filippo Mora,1484.7443219595589,1486.7584140701244,,
Boris Arias,1193.0668611080378,1488.2210148681702,1469.0936811528939,
Isaac Arturo Arevalo,1494.4264708444136,1497.9072386563764,,
Michel Alexandre Fortin,1488.0,1488.0,,
Juan Ignacio Batalla,1441.4694170914647,1480.99647680937,,
Patricio Betancourt Gonzalez,1468.2953250486014,1488.0,1484.450093415473,
Hugo Gaston,1767.9044692570842,1662.0749214461373,1831.4602400423335,1522.1995660393222
Alejandro Hernandez,1492.0712027066236,1492.7434306199482,,
Naoto Kai,1442.9226904400177,1475.1146827234395,,
Teppei Uesugi,1489.3822265500232,1490.6651768944653,,
Tristan Boyer,1721.9561476443778,1637.3721821139177,1721.159301136127,1482.6795888805682
Chukang Wang,1270.6939480629424,1411.811660911869,1482.397550714508,
Justin Boulais,1340.0834813757995,1458.0827413125564,1487.7432705130054,
Raphael Archambault Laurin,1482.9052967260473,1486.0773110402536,,
Chih Chi Huang,1432.0319283376502,1480.786122961572,,
Arthur Rinderknech,1854.6104678302386,1843.3790241295783,1729.5138166264012,1515.1805413055863
Herbert Jody Maginley,1328.8969401308595,1465.1035596892807,,
Or Ram Harel,1456.7089786944682,1486.5440792912548,,
Grant Solomon,1488.0,1488.0,,
Cyril Vandermeersch,1331.7134359930876,1457.013717911099,,
Jonathan Kanar,1440.7791777983662,1509.1386961051664,1471.3412674616582,
Charles Bertimon,1490.2078305740524,1491.8026737077862,,
Michael Ray Pallares Gonzalez,1479.5872319246291,1483.892145405604,,
Miguel Semmler,1447.0470914399812,1486.7502923452746,1463.8134370568748,
Joel Cannell,1477.9225354663954,,1485.2218721099532,
Alberto Romero De Avila Senise,1506.7095715863927,1538.5954741598953,1482.624161717928,
Romain Bauvy,1478.9936214931024,1484.3902937695486,,
Pierre Faivre,1472.1523657488437,1486.587938284655,1490.608122463578,
Carlos Sanchez Jover,1498.867295458447,1502.4926712903293,1547.841294408238,
Luis Gomez,1485.275801361553,,1488.0,
Muzammil Murtaza,1355.9596498455098,,1478.6494475650713,1477.2430828461468
Holger Rune,2078.9377735769276,2035.7460401356893,1984.470033303798,1623.7788926941255
Chun Hun Wong,1468.0796568845008,1472.009047262428,,
Daniel Michalski,1486.1623051482904,1492.0219343734866,1553.9791183058323,
Mark Chigaazira,1486.0,1486.0,,
Soufiane El Mesbahi,1478.3828339925415,1482.1103924854303,,
Edris Fetisleam,1514.0,1514.0,,
Yassir Kilani,1486.0,1486.0,,
Francisco Llanes,1300.6988089496197,,1470.0422800600488,
Brandon Perez,1312.4283349989425,1483.0568545463143,1481.8232572309882,
Francesco Garzelli,1489.5153337001166,,1491.8607272581987,
Raul Brancaccio,1510.9303144854655,1556.9176938678977,1573.3962590731248,1481.6174099084537
Ismail Saadi,1494.1941723176092,,1487.2801223464742,
Ray Ho,1264.244524664526,1431.0541529853106,1493.8960771438187,
Tyler Lu,1428.3593518238813,1469.0478137434127,1473.708040003639,
Bang Shuo Yin,1354.7815189731377,1462.1692954564235,,
Hao Yuan Ng,1483.2775682189929,1485.280773653729,,
Amaury Delmas,1493.6454388135312,,1484.060530426923,
Ivan Yatsuk,1487.2777644035243,,1488.0,
Samuel Shropshire,1464.4841544181731,1481.0665494575167,1503.1800135531028,
Daniel Paty,1388.6096292922105,,1468.1271080291172,
Skander Ben Abdallah,1387.9177461842817,,1470.969916950191,
Adam Nagoudi,1485.2161343546798,,1487.2092320884185,
Mohamed Ali Bellalouna,1490.017953812298,,1492.736650750689,
Berk Ilkel,1342.0010537057717,1475.167984930497,1488.5374087933992,
Davide Guerra,1480.3196119156341,,1483.743059264356,
Ercole Di Ianni,1485.354249478031,,1487.9046214529876,
Connor Thomson,1410.6698099478544,1478.4161195754805,1487.0000425661513,
Scott Duncan,1433.719251440906,1486.83415928987,,
Isaac Stoute,1447.5345401648722,1469.9297431338514,,
Brandon Murphy,1480.1842036091002,1489.6964963713183,,1488.4774972584491
Jacob Fearnley,1785.2677240992255,1770.0003078222153,,1589.9975188613894
Aidan Mchugh,1414.5371104714745,1463.5354433594723,1498.7153444656904,1464.5601004548112
Mert Alkaya,1490.704226717597,,1493.146422566164,
Pavel Kotov,1766.2110465677488,1705.7800372542922,1795.7188488740874,1484.5542922675957
Mario Urquidi,1484.704348074624,1487.9859711122226,,
Jared Pratt,1481.7135930169272,,1484.658038981181,
Isaiah Strode,1384.6478943991597,1489.1232253833775,1481.4525807690247,
Paul Oosterbaan,1469.7317851023845,1485.4010440931522,1485.0,
Alexandre Rotsaert,1488.6857267476864,,1490.3913293259288,
Samuel Bensoussan,1475.8332645257276,,1500.9357281387322,
Eduardo Agustin Torre,1489.074371233763,,1490.7081948355828,
Sam Riffice,1477.4845642050575,1566.6280100426245,1499.481696667068,
Tae Woo Lee,1463.863357956329,1473.7000344895584,,
Dong Ju Kim,1404.2155990726226,1453.2418078205078,,
Jae Hwan Kim,1461.9948465226412,1470.1669684534793,,
Vincent Verpeaux,1475.072305278002,,1484.9505128405317,
Dan Added,1474.5820354149928,1539.5944086696977,1468.4157150048577,
Martim Leote Prata,1417.1229397105476,1487.2510080867519,1492.7112542107461,
Hugo Maia,1435.8902673428433,1503.6916586628763,1489.9172472044816,
Daniel Batista,1448.8307320124804,,1491.87163255414,
Simon Beaupain,1322.3740238791938,1474.147619979439,1483.796653674323,
Yan Bondarevskiy,1403.1839954402076,1494.6608175026558,1479.9173728046378,
Andrea Giallanza,1489.500225485137,,1491.859068651849,
Giovanni Cozzolino,1476.5542852718531,,1484.9074572163913,
Hugo Pontico,1392.1988731001352,1483.8063842811273,1488.0443306126103,
Mathieu Perchicot,1357.466953095299,1461.36699805878,1452.3950778530982,
Christoph Negritu,1555.872014984403,1577.971737605754,1593.626009161802,
Andres Fernandez Canovas,1508.7976133576071,,1513.5559177460532,
Luis Faria,1322.582516367383,1494.925098466659,1433.7283581324057,
Marko Miladinovic,1438.143735144877,,1494.8899276811412,
Luke Johnson,1269.7988828878906,1463.049912074372,,1494.0103036804499
Billy Harris,1662.5696461305236,1628.6418368656596,1555.0457468190782,1590.146201107077
Joshua Rose,1486.5100156615658,1486.6997066803967,,
Tiran Sanghera,1473.9364963551698,1485.0,,1487.3912982030686
Jack Draper,2106.017891714865,2062.1246076513667,1624.6815021501177,1639.0178043673193
George Houghton,1429.4432858772434,1475.5718703801176,,
Edoardo Sardella,1492.6513360520767,,1490.3503904051772,
Peter Goldsteiner,1361.0476681377606,,1452.6575825234354,
Michael Vrbensky,1526.344485315925,1495.9242747564258,1600.4481388205786,
Sundet Nagimetov,1488.8497170796848,,1487.8583005815346,
Ben Jones,1418.8362924145688,1499.0913924936608,,1500.634106362563
Mark Whitehouse,1404.2478775247787,1495.788079562504,1475.7256940316338,1498.4597374881478
Jack Findel Hawkins,1500.058333711378,,,1491.677178202163
Timofey Skatov,1735.903477592293,1621.957197688259,1727.7741112593576,1506.1718270097601
Mirko Cutuli,1471.7962176068293,1500.5065067186836,1490.6992277072131,
Alessandro Ingarao,1489.5597079191023,,1490.6540613998045,
Ugo Blanchet,1556.3263741844023,1511.4863506754286,1655.0639316512516,1485.2515752857098
Adam Jones,1485.981042092183,,,1488.0
Jonathan Binding,1501.5228557020112,,,1499.0177771681697
Dominic West,1488.0,,,1488.0
George Loffhagen,1460.3077106511153,1496.4346168618797,,1466.8820942022921
Marc Castellana,1489.1903469057106,,1487.3096452107236,
Andrea Picchione,1443.1733314089722,1461.5594743459544,1548.0174813388774,
Enrico Iannuzzi,1483.9397748736758,,1486.9041850339465,
Tomas Vanko,1440.8845984679701,,1473.4102819710558,
Thomas Statzberger,1448.9841697114243,1466.935869344104,1498.6147965425919,
Goran Markovic,1481.5884641296343,,1484.1036946673332,
Pasquale De Giorgio,1487.486120986972,,1489.073391033154,
Jannik Sinner,2448.487058432894,2451.109361756313,2044.1509649633829,1770.3247350212248
Manfred Fellin,1486.6455806079332,,1489.4746321025464,
Anton Matusevich,1421.7610608176399,1481.368715227937,1499.6446884427444,1476.1327658255584
Marius Ruzgas,1481.0599512884119,,1484.4562526301092,
Simon Freund,1290.4517176756924,1481.5582090771063,1459.8415795237202,
Ozan Cildir,1479.5938321436772,,1485.0,
Tillmann Erdbories,1498.84235365876,,1501.3226570413565,
Nicolas Bianchi,1497.1195324867294,,1502.0611217107255,
Niklas Guttau,1375.104972358095,1484.7532407252806,1473.1592930644017,
Alexander Knight,1484.5223818080153,1485.3419175401912,,
Mcclain Kessler,1479.3797121785665,1484.183853775623,,
Emil Reinberg,1369.3621970198276,1478.4102880402831,1483.0037584002534,
Oliver Crawford,1453.0887730632414,1528.6302821573906,1497.972896587771,1485.006791918689
Guy Orly Iradukunda,1407.8780137879492,1515.9472276933482,1474.7366879025608,
Baptiste Crepatte,1494.8364476128281,1539.0254634666574,1482.1912469458891,
Liam Draxl,1583.465513099362,1645.5300324483371,1542.4362256734303,
Ryan Nijboer,1424.074574285711,1462.0519883516838,1514.7012035530695,
Admir Kalender,1369.9309562379476,,1465.8717657435766,
Garrett Johns,1477.4579504418355,1528.272897316515,1507.9712241173656,
Cannon Kingsley,1418.9174274770744,1481.3332917170733,1509.6852753324795,
Pietro Rimondini,1482.3711747523355,1484.8109785637062,,
Ludovico Cestarollo,1489.2659423784214,1491.5641780877354,,
Martin Damm,1504.7384514290154,1565.4239441822178,1469.3642989018567,
Mikko Rouvala,1480.9424457582168,,1483.6130752784243,
Panu Virtanen,1455.4593290802181,,1484.425696999208,
Austin Hussey,1499.3546673042945,1504.4730382199566,,
Michael Cunningham,1483.1756767300803,1484.5784166113278,,
Martin Bugaj,1479.899162321776,,1485.265724096465,
Wojciech Marek,1349.2980676200891,1468.9323656893946,1459.3672157386325,
Chris Harrison,1477.7925876922197,1483.6479154712542,,
Robert Kjellberg,1487.5275795307266,1488.0,,
Nick Cmager,1484.0376705604651,1486.109928157659,,
Anze Arh,1486.2661806752737,1487.0835064349974,,
Justin Schlageter,1486.2137862329914,,1488.1290244587829,
Federico Iannaccone,1441.0921942912041,1479.2041810352646,1528.1691778453442,
Francesco Forti,1513.4266664637125,1562.503903988294,1509.5323948889807,
Young Hoon Jeong,1483.1227062387386,1484.6405887586002,,
Adrian Oetzbach,1366.399616381474,1462.8514332490167,1493.8839089520345,
Roman Warias,1489.0315062074465,,1490.3238581035725,
Riaan Du Toit,1482.7899556751838,1484.5602474199586,,
Jack Davis,1489.9345661203085,1492.086375562714,,
Jake Hersey,1486.145273569782,1487.4215283281856,,
Pedro Vives Marcos,1346.2895175077265,1483.75337209082,1487.8292745040424,
Pablo Schelcher Muro,1487.6885941063738,1488.0,,
Vivien Cabos,1363.3691988284886,1475.1423424358197,,
Paul Cayre,1507.0454293082155,1511.4998398117762,,
Simone Roncalli,1290.7871096564563,1488.439044132649,1428.521037495792,
Diego Jose Manrique Velazquez,1482.549797899795,1484.7293616389613,,
Javier Ladron De Guevara Hi,1487.8977153208457,1487.0035149735495,,
Hanyi Liu,1266.209634212865,1422.2157500994408,1493.180992147231,
Nemanja Malesevic,1447.5012108358148,,1479.907270974104,
Vladyslav Orlov,1366.5317907206795,1476.263388679759,1482.3653337901621,1492.4289444282192
Igor Banicevic,1481.854038626578,,1487.318130594231,
Marko Vujic,1481.9942588466517,,1486.1073926715117,
Patryk Kosinski,1481.8926483716136,,1484.2244687918906,
Aleksander Woznicki,1482.476718706408,,1486.0067646118218,
Georgii Kravchenko,1425.283178270807,1510.7667872102406,1501.168407413289,
Darko Bojanovic,1490.8728561590792,1492.943493414844,,
Nicolas Brand,1483.4361673637916,,1484.7661203666132,
Tim Seibert,1487.2156331737697,1489.7506913941208,,
Nuno Borges,1890.215359364642,1858.0920562067818,1859.6492433612789,1466.8599757229715
Jacob Dunbar,1462.4478465225873,1496.371327564183,,
Boris Fassbender,1427.8355701066332,1495.3887801444048,1486.6328972531287,
Robert Damian Savin,1477.0156943600941,,1484.4151869774087,
Cosmin Ontica,1484.513868194577,,1485.0,
Mircea Alexandru Jecan,1259.3233643030976,1489.4700499865764,1422.0679401859422,
Mihnea Lorin Stefan Turcu,1480.1910937404773,,1484.7026024499846,
Samuel Brosset,1328.9575962580584,1468.7066957429101,1491.0686949701737,
Constantin Bittoun Kouzmine,1341.1105473262437,1418.601788882121,1472.3359323270884,
Daniil Klimov,1483.9620671576636,1487.7518067917958,,
Denys Klok,1370.9026494118662,1480.5306106282603,1481.7991989410793,
Gabriel Ciro Da Silva,1484.1071002614492,,1487.1047239529532,
Joao Marcos Nusdeo,1316.8782571048664,,1458.0948976787738,
Matheus Pucinelli De Almeida,1540.1581625816116,1468.438897080682,1612.57186951668,1490.0937826177362
Juan Alejandro Hernandez Serrano,1331.8243379766895,1487.868600637812,1470.1101786850124,
Harrison Adams,1353.6688460862183,1458.9754659487817,1494.1839662924208,
Emilio Nava,1608.8272388336288,1653.4240457487394,1627.0909192405966,1471.8145333366394
Philip Hjorth,1432.589210223266,1483.7077265288067,,
Alejandro Moro Canas,1615.5541959768263,1598.8783933441005,1634.7907344203334,1541.9969491934212
Kuzey Cekirge,1421.433792232397,1483.1143840786244,1491.6,
Melik Feler,1492.0852155888454,,1493.4873990173357,
Bekkhan Atlangeriev,1316.39501965473,1471.1324560740616,1494.7783021983414,
Manuel Bernard,1489.2338612109477,1489.849879678759,,
Seounghun Lee,1478.7482047221304,1485.0,,
Junior Tavarez Pichardo,1477.9559441247334,,1484.926654879271,
Sardor Ergashev,1481.9981410814933,1484.3964598855246,,
Michail Pervolarakis,1317.5875497305065,1435.8579316623573,1477.5520889101062,
Michael Weindl,1388.9006447455502,1475.1148584380303,,
Hugo Voljacques,1498.6163918238753,1512.2071908551911,,
Leny Mitjana,1467.203101640067,1480.9185113371016,,
Benjamin Pietri,1483.6411386801685,1487.0118928224222,,
Conner Huertas Del Pino,1407.313982915535,1506.969061890832,1474.3275265375164,
Tomas Martin Etcheverry,1886.641834273336,1814.705770063368,1893.0745670170452,1456.460985277029
Arklon Huertas Del Pino,1382.8356109262706,1455.5355546420453,1507.5264792557487,
Ye Cong Mo,1398.78322256112,1513.2819969614475,,
Socrates Leon Tsoronis,1483.5534075955359,1484.5867252334558,,
Erik Holt Crossman,1500.5682738846083,1507.6778609650753,,
Radomir Jovanovic,1483.582279810612,1484.6019037181939,,
Jayden Court,1336.6157208198101,1458.7770787558525,,
Adam Taylor,1275.7513848196256,1449.161867715366,1466.4842967746663,
Moerani Bouzige,1396.2706449427662,1482.8527493322536,,
Tom Evans,1402.9292066006356,1465.6275436820692,,
James Ibrahim,1459.5299256949688,1496.3183954871308,,
Bastien Presuhn,1460.3678072281232,1461.8124583048577,,
Cayetano March,1300.4904692223934,1481.859656110822,1452.0076794258312,
Matthew Segura,1417.773945769954,,1476.0904794758846,
Erik Chren,1492.218923499212,1489.735113854638,,
Samuel Puskar,1480.4513767333133,1484.5863345864527,,
Patrick Harper,1489.7262853777206,1489.1019314481778,,
Facundo Diaz Acosta,1715.1798246770236,1533.4456527497493,1838.47354821188,1448.2453232201149
Julien De Cuyper,1344.1611262156252,1454.9195907801857,1504.2096791725148,
Maxime Pauwels,1487.5092551058146,1488.0697485106655,,
Lucas Poullain,1514.2208330750432,1565.3339398100825,1512.0384778467896,
Vasisht Cheruku,1488.5470045829763,1489.1807065182545,,
Lucas Gerch,1477.172403472633,1497.505153000203,1548.0017387638263,
S D Prajwal Dev,1303.3085738486789,1492.0258955384827,1481.5160751610135,
Tomas Farjat,1447.4387618237513,1496.0552474373933,1537.582896085721,
Gergely Madarasz,1359.2706813817094,1499.8047026481765,1458.0391346170115,
Fletcher Scott,1428.3445763862665,1491.6,1489.074739707501,
Elio Jose Ribeiro Lago,1399.6212337433803,1492.9754238076478,1465.83525712949,
Jacob Eskeland,1488.8478954329653,1489.171947120308,,
Karol Paluch,1484.7182706444335,1487.4441512426758,,
Sumit Sarkar,1449.8241588146652,1479.8885827328463,,
Itsuki Matsumoto,1484.0366702567408,1485.4043715620662,,
Taisei Ichikawa,1431.9255168081997,1513.069840320964,,
Naoki Tajima,1322.6202760539738,1461.116771383894,,
Tamaki Yamao,1488.0,1488.0,,
Giacomo Dambrosi,1392.0471346444465,1484.559896739373,1507.38823891433,
Rinky Hijikata,1822.4997948901196,1835.3412699913295,1466.5798596212842,1550.2968290551084
Ajeet Rai,1394.1934086441047,1487.0719360782261,1485.360972143939,
Maxime Cressy,1609.008871836631,1634.2314362949385,1479.5042146456567,1566.565924075394
Franco Roncadelli,1421.0250596750436,1491.2604744246705,1518.025408173744,
Preston Brown,1283.190346878235,1442.6938914122093,1472.7604447974759,
Jiri Lehecka,1976.5624951149966,1908.040158636571,1848.7302250297632,1550.6632411150927
Gabriel Donev,1339.4759459103961,1471.163229745611,1484.626403450673,
Giulio Zeppieri,1723.5004689940786,1723.1356937280614,1688.3023965694968,1490.571114292457
Lorenzo Musetti,1975.4131472307072,1851.6886489689566,1934.341620971409,1707.4392334264323
Mateus De Carvalho Cardoso Alves,1458.9651901066413,,1484.7811204038712,
Natan Rodrigues,1452.9717589841475,,1477.83273185301,
Zane Khan,1485.3090946855868,1544.1611071029897,1500.6014298643831,
Kengo Sasaki,1484.1836247536635,1485.6872316239162,,
Amador Salazar,1305.4189271314046,1485.300435672783,1455.1956160620016,
Nathan Ponwith,1265.385806291173,1388.9691672897968,1491.6709967168176,
Xinmu Zhou,1488.4478409065384,1489.6159105875292,,
Carlos Alcaraz,2250.9676926292505,2165.664614312997,2210.7227424056027,1892.894621505184
Adam Moundir,1391.6112412292568,1480.5949519455405,1497.405909102269,
Kyle Johnson,1479.4999538281393,1482.1070012524933,,
Filip Cristian Jianu,1499.3661876339079,1487.7371500855008,1571.3729356943516,1491.1979532974412
Kasidit Samrej,1426.5425972029607,1540.0283808466684,,
Matteo Arnaldi,1909.6213250136846,1893.5502088888888,1870.7095401516767,1518.502970596649
Carlos Lopez Montagud,1449.2679953047523,1491.412375779115,1520.369637352284,
Chang Lin Tsai,1439.5399301788616,1464.7839618318546,,
Ivan Kosec,1478.619468349877,,1482.7206719129106,
Pierre Delage,1428.4301798942327,,1480.657434294885,
Jonas Forejtek,1498.6809160304106,1539.8196624805903,1552.3430396307792,1490.5792086871522
Dalibor Svrcina,1621.7740640523475,1661.0664300904891,1586.2093592600434,1461.599525912521
Tomas Machac,2005.177137897847,1981.8611343926837,1772.5048270945506,1563.21452272576
Young Seok Lee,1486.4422593588192,1488.4621183637782,,
Jorge Plans,1436.4728966899727,,1483.307191822369,
Flavio Cobolli,1971.2119379342014,1928.9693218441967,1823.6504383074544,1476.4943957732423
Emiliano Maggioli,1383.2353270350584,1481.0684528024262,1476.4352218328627,
Francesco Passaro,1698.2920468246214,1569.6095995188637,1749.132259217385,1466.2274465659063
Savriyan Danilov,1342.8250835417132,1461.609824580385,1475.924257295264,
Yair Sarouk,1471.0573754692232,1476.916266979876,,
Shahar Elbaz,1486.5824227958951,1486.4473225045606,,
Jason Kros,1484.9245460294346,1486.8592034269657,,
Paul Jubb,1640.3092341779186,1634.3967349058817,1541.0371147284734,1539.9736552491759
Ryan Peniston,1470.3128488256968,1543.8780195956624,1488.7150849543712,1467.9120972817216
James Trotter,1667.7688262553368,1730.1067571137278,1469.761875935985,1485.196957524437
Youlian Iakovlev,1466.9960315503963,,1474.2265944362318,
Alexey Zakharov,1496.92927195356,1509.337574337725,1607.6630842481268,
Adil Karimov,1478.3590450101574,1483.2742816929629,,
Shamael Chaudhry,1486.741051627159,1490.4159283149515,,
Stefan Dostanic,1501.1492348761788,1551.8834770828792,,
Alexander Lebedev,1437.766535412723,1453.7817796863694,,
Alec Deckers,1388.1187455777638,1491.882145355828,1502.7931656441751,1494.228579874525
Jesper De Jong,1779.97760193045,1693.168532252433,1821.9458278576667,1490.236596711728
John Hallquist Lithen,1441.8844603976888,1501.491360851257,1491.1902905848815,
Nikolas Sanchez Izquierdo,1480.6682451660029,1410.3268601252307,1525.5407471210742,
Cole Gromley,1496.268436790457,1496.1644777302777,,
Andrew Fenty,1348.9206728789713,1449.5504633515513,,
Kooros Ghasemi,1491.3521275352216,1499.7328065453828,,
Roni Rikkonen,1348.152321430441,,1463.82959837944,
Moritz Thiem,1490.1878743558486,,1490.571768063987,
Sandro Kopp,1450.4699829742342,1518.068902555214,1489.999997192514,
Toby Alex Kodat,1513.846014270425,1527.7403128780893,1542.1216911156623,
Nicolas Moreno De Alboran,1740.0681290941393,1733.7235541055563,1720.1670746013242,1494.9822790461617
Ronald Hohmann,1418.9876205222777,1477.0449052822444,,
Mario Gonzalez Fernandez,1393.3466536946614,1506.4322680002315,1489.5366110525392,
Digvijaypratap Singh,1383.9616996489003,1477.2158363552765,,
Miguel Damas,1421.6163968745157,1449.0120282167582,1503.115155350215,
Robert Strombachs,1467.856512147006,1514.2611250680966,1521.124922909709,1492.7183003602202
Filippo Speziali,1486.4620317944994,,1486.8381200257813,
Gabriele Bosio,1417.0967316352453,,1470.7295015250377,
Kosuke Ogura,1353.5005518617181,1480.213858742855,1485.1841198224806,
Yasunori Hashikawa,1499.3457847662792,1505.6617854797619,,
Yuya Ito,1504.5554018329033,1506.6765696592947,,
Niccolo Inserra,1473.2033003690965,,1477.6226461939227,
Zvonimir Oreskovic,1480.7950277078721,1485.0492490273332,,
Gian Marco Ortenzi,1454.6923852061298,,1510.6292974693188,
Luca Castelnuovo,1352.4013923847526,1505.044455311243,1470.092444081258,
Imran Sibille,1359.97363623116,1472.966360815935,1480.8419314205855,
Zachary Svajda,1671.2793552537491,1700.8710106318579,1471.8211304653908,1535.9017078705374
Govind Nanda,1512.9647548142013,1566.3615481683246,1509.6828488220353,
Yoav Schab,1489.8069044964548,1488.0,,
Christian Langmo,1493.7768954375942,1544.4615614681456,1485.3308405431742,
Omni Kumar,1430.942996984529,1494.8799451703067,,
Baran Cengiz,1499.3883270613323,1503.6131917752155,,
Burak Can Yilmaz,1485.1850023422687,1485.5060562427577,,
Pablo Llamas Ruiz,1665.130048797942,1580.8695382552817,1699.2460292600035,1502.7084525171458
Filip Kolasinski,1499.1632469115505,,1504.2109024349202,
Christian Sigsgaard,1393.5311895919854,1484.4794590153917,,1490.4792498460577
Sebastian Dominguez,1495.442143598287,1484.9911421424295,,
Franz Luna Lavidalie,1445.33574978653,1472.2621222948624,,
Philip Henning,1379.768376641403,1493.8047037046854,1476.6985038882467,
Juan Lugo,1490.330873005376,1491.1798859976152,,
Adolfo Daniel Vallejo,1516.88093938638,1484.9764548496214,1592.3688162471176,
Fitriadi M Rifqi,1441.7579061950507,1533.2357158697098,,
Ari Fahresi,1517.1053589216112,1517.9395308889927,,
Coleman Wong,1635.0223799168814,1684.9667603416738,1461.4201304589787,1452.1681354246134
Pak Long Yeung,1472.6578527733238,1488.0001989534217,,
Wai Yu Kai,1459.3800062507191,1474.5460771426347,,
Maksim Tikhomirov,1488.4688146245626,1491.0261419133208,,
Robert Cash,1439.4275894587684,1511.0190247058633,,
Harry Wendelken,1394.4208455547516,1486.1605221425248,,1459.9911679123193
Harold Mayot,1694.068659040745,1691.8679413558,1621.1173489497687,1564.8620023769374
Roman Andres Burruchaga,1697.8443113874457,1554.2810868334686,1733.4620923015889,1524.361602658039
Juan Manuel Cerundolo,1709.958532148466,1575.6455535786683,1760.9654653316927,1452.3474201901163
Valentin Royer,1648.0045489998922,1609.246671860122,1687.5439829319662,1479.5012151660057
Max Andrews,1499.1988526243028,,1503.1690817583203,
Joao Lucas Reis Da Silva,1510.9776205901976,1490.0597480936124,1555.3570368030246,
Gilbert Soares Klier Junior,1486.9170849301565,1567.686599874437,1502.638673173353,
Pedro Boscardin Dias,1430.3826072359407,1493.2874455258034,1486.8477384969135,
Arnaud Bovy,1492.1764827479594,1493.5182288344047,,
Jeremy Schifris,1480.4580483446066,1481.4686073514965,,
Alibek Kachmazov,1684.9625331184486,1717.5204443711934,1518.550982986902,
Simon Yitbarek,1492.8740718933288,1488.0432619482144,,
Arthur Reymond,1360.739063213684,1476.1411814354417,1462.9623083073202,1493.8524806379467
Osman Torski,1471.3252365209457,1475.6021525079962,,
Alexandre Aubriot,1336.7949185672837,1463.4134631925165,1493.4632625942083,
Pedro Iamachkine,1487.1483442116325,,1488.5899613223683,
Dane Sweeny,1439.5678150394401,1531.904287351859,1447.1965605022822,1437.9781997220869
Tristan Schoolkate,1614.364220772725,1660.6448335827706,1448.7335682227115,1503.7307128904765
Cameron Green,1489.5988170867063,1491.626059118711,,
Jai Corbett,1495.5702562021845,1495.3497373026782,,
Gianni Ross,1375.4958736357028,1460.6437957202027,,
Max Wiskandt,1448.875061550954,1539.9728186586715,1493.8394219108397,
Alexander Zederbauer,1451.5550281069748,,1477.9230225300441,
Yuta Kawahashi,1430.5254550322054,1487.034949494643,,
Seita Watanabe,1381.944728525119,1472.2897075951157,1486.3493696768583,
Austin Rapp,1461.8011911153503,1478.6988953651314,,
Aleksi Lofman,1380.259608184843,1471.7441109600647,,
Otto Virtanen,1771.555140064113,1772.3620391984907,1521.4423957931072,1588.0426375722711
Leevi Saatela,1398.8030662764538,1476.716387832828,,
Frank Barnett,1482.5472929206192,1485.7063780407364,,
Mohamed Abdel Aziz,1488.2839867347682,1489.7612450567565,,
Yash Chaurasia,1481.0565369469618,1484.5745034770748,,
Daisuke Sumizawa,1380.985545543353,1448.2261903504475,,
Roman Blokhin,1496.2954131440758,1503.9967440628593,,
Fabio Coelho,1277.0150830327743,1469.0347036928217,1434.94366774493,
Rashed Nawaf,1438.1780288925288,1484.293562062045,,
Kiranpal Pannu,1374.5887532716429,1435.3876348289307,1501.0657037889048,
Michael Mathayomchand,1479.5084924145049,1481.9074450102669,,
Nicholas David Ionel,1430.6543936361566,1464.884885309238,1509.647556179345,1478.0125373970718
Eric Vanshelboim,1451.3295792211939,1505.4280525664822,1517.6504603862027,
Kyrian Jacquet,1698.9982219869182,1684.8194434057837,1654.5390812032476,1480.2689898552683
Emiliano Troche,1472.4226897136823,,1474.5924211820338,
Juan Martin Fumeaux,1398.5610935688012,,1477.2738278587897,
Nathan Chavez,1481.9063415596188,1484.6983328453475,,
Rishi Reddy,1349.0482043100994,1453.8843671347,,
Nikshep Ballekere Ravikumar,1482.0786650098632,1484.7805429641667,,
Nico Mostardi,1415.628492230376,1473.80897774067,,
James Hopper,1492.0465275758575,1494.2506764878383,,
Brian Shi,1495.4656906180244,1495.4090463449675,,
Matteo Gigante,1643.780691025775,1635.7695299013096,1646.3485980888797,1517.0393987565
Leo Borg,1317.9650286430553,1461.609183571599,1462.5990136517812,
Francesco Maestrelli,1571.5910211553569,1582.4043217384828,1566.8593788033822,1461.9008036541347
Luca Nardi,1713.2985223382502,1713.3727682646759,1660.7729477408745,1454.2291273026765
Alonso Alejandro Delgado,1407.1762123010146,1489.3844105990024,1481.4092218410703,
Shintaro Mochizuki,1635.4450861792286,1646.1017951201068,1675.5125927036424,1481.8907839015737
Razvan Baiant,1497.3991232731885,1503.179113243899,,
Ilya Tiraspolsky,1483.5226557551548,1486.021136751367,,
Kamen Damov,1489.4443601530472,1487.8880829656375,,
Nino Ehrenschneider,1445.2161855473546,1492.013777362035,1495.7999286950378,
Arthur Cazaux,1815.8366348884956,1836.5417190423145,1556.4085993261006,1519.508290877685
Cleeve Harper,1385.2019812940493,1478.3424436317744,,
Gabriel Diallo,1854.9223445950008,1851.303722518166,1607.5523578920986,1497.768738675812
Milledge Cossu,1323.4989000011722,1489.5069556882625,1470.8424239886187,
Daniil Ostapenkov,1485.6219371609052,1496.6108332654771,1527.888104803523,
Hasan Ibrahim,1481.868476965381,,1487.522619081141,
Lukas Hellum Lilleengen,1450.5377126194123,1494.254051428042,,
Kaipo Marshall,1335.2448484931072,1469.0892249985984,,
Jesse Flores,1326.5444812406206,1486.8184287880376,1455.285731230221,
Rodrigo Crespo Piedra,1405.7842148350333,1489.7379534005784,,
Blaise Bicknell,1468.2860832719898,1552.1580027551781,1509.6472475742323,
Rowland Phillips,1342.7332321025642,1458.6877919968786,1490.9844701376535,
Zura Tkemaladze,1365.4591586707481,1487.5669701115828,1483.662641324998,
Daniil Glinka,1403.982509517101,1492.6008630470994,1475.2410365880082,
Nikoloz Davlianidze,1486.0,1486.0,,
Sheil Kotecha,1475.010806260582,1481.3057269136984,,
Ismael Changawa Ruwa Mzai,1469.5594167854356,1480.9610684690047,,
Gunawan Trismuwantara,1369.3182780366253,1497.7352799795335,,1459.2357504355025
Kevin Cheruiyot,1486.0,1486.0,,
Karlis Ozolins,1381.9784107027137,1485.3747262125885,,
Amr Elsayed Abdou Ahmed Mohamed,1390.0699100760698,1495.2559031689211,1496.5061990958202,
Phuong Van Nguyen,1480.7059041469497,,1481.8783640818533,
Aissa Benchakroun,1511.4448457826177,,1517.5,
Martin Antonio Vergara Del Puerto,1388.2456257552417,,1466.1898238019444,
Thehan Sanjaya Wijemanne,1481.683057012355,,1483.1343525362213,
Eric Jr. Olivarez,1483.3092610293809,,1486.4327418913113,
Ching Lam,1483.8806118047314,1487.3951692208607,,
Maks Kasnikowski,1617.3495550839634,1620.562166745551,1635.616045332997,
Hazem Naw,1515.6005863411688,1609.9110689331158,1452.9662534601898,
Anatoliy Petrenko,1484.214910926622,1484.8825700859966,,
Rostislav Galfinger,1488.1769366270896,1488.676482138819,,
Bekzat Usipbekov,1492.2143573639337,1492.9237693202479,,
Aliaksandr Bulitski,1489.0134962143784,1488.2701062992082,,
Alec Beckley,1344.2406162422353,1486.0957359217284,1480.6294201228766,
Robbie Arends,1457.0439819867702,1483.6463473382457,,
Pierre Malan,1465.7336951295106,1490.1524782597955,,
Carl Roothman,1456.788947098418,1484.6443697167822,,
Vasilios Caripi,1488.0,1488.0,,
Chrisjan Van Wyk,1483.5861872718776,1486.1590589783002,,
Jean Thirouin,1415.8990372067117,1487.1467671116511,1483.6610118268081,
Muzingaye Dickson Andile Sibanda,1482.8661700292303,1485.1111859646758,,
Vaughn Hunter,1448.992640928152,1473.295498205391,,
Gerhardt Marius Becker,1484.2911477512969,1486.7509175896346,,
Khololwam Montsi,1450.778071609409,1478.573658953033,,
Andrew Paulson,1562.8653824474802,1510.7517598870068,1605.4317477770044,
Martin Krumich,1411.2073943596254,1487.682468367357,1475.9293953816914,
Luciano Darderi,1757.3936903208278,1485.6618728221893,1895.364308565398,1478.9755848130455
Giovanni Mpetshi Perricard,1875.478937490247,1808.4409837919306,1681.7671380230854,1605.5548030386342
Leandro Riedi,1724.9306676642095,1722.931125511159,1559.7037964974834,1549.5476857488582
Matei Adrian Georgescu,1482.347688989811,,1486.6751111965254,
Radu Mihai Papoe,1485.3106988853713,1497.6146900580172,1564.5229421119914,
Cezar Cretu,1567.6692254155957,1524.2552790622974,1602.0006341894273,
Gabriele Felline,1490.9154640658464,,1491.4782210949345,
Remy Bertola,1537.356464314271,1592.527210043201,1527.1120411599136,
Duje Ajdukovic,1700.1406401057352,1669.361705128155,1729.152475447709,1461.3038245067755
Carlos Gimeno Valero,1525.614871417003,1519.7119998272901,1562.5984283718476,
Diego Augusto Barreto Sanchez,1407.75697930987,1462.7298024673585,1522.8436776632543,
Pol Martin Tiffon,1486.2782951090467,1470.790561422027,1548.1503552296856,
Pedro Araujo,1354.601693362195,1462.779863375813,1425.0831551810638,
Oscar Moraing,1413.0367374042546,1489.6769758474252,1480.6323132487178,1488.8623579344198
Max Hans Rehberg,1661.5953813487731,1622.1253025679198,1631.218033286901,1462.80078412414
Lorenzo Bocchi,1357.608294370723,1487.3762800124582,1452.0011808198033,
Brian Cernoch,1401.7730689178616,1463.6369372223205,,
Angel Diaz Jalil,1404.1070118433722,1489.9981319301928,1480.4334337753442,
Christopher Li,1415.9097821974906,,1474.8391225627972,
Gianluca Ballotta,1359.594970465202,,1463.237681297485,
Eduardo Ribeiro,1376.557584932865,1482.5109907647222,1470.1294500341678,
Paulo Andre Saraiva Dos Santos,1341.0317057308293,1487.2559786385077,1449.476949831912,
Sean Cuenin,1411.5551151121253,1487.198832218246,1474.2955168953104,
Danylo Veremeychuk,1490.7162434455768,,1492.0432770847276,
Luca Van Assche,1699.2573475434788,1716.712524515108,1698.337041980583,1506.6792694849312
Li Tu,1688.1006175730065,1706.7646184682771,1464.0620047336345,1519.1097599283917
Titouan Droguet,1648.2339517981718,1629.0732689695797,1693.0282927621593,1515.6233935632367
Devin Badenhorst,1484.2657873505868,1486.2623459727674,,
Jamie Davis,1477.313584956542,1474.7408100746559,,
Daniel Antonio Nunez,1281.619824858602,1485.0,1450.5674945472274,
Miguel Fernando Pereira,1404.4499006512176,,1471.9293877320322,
Guido Ivan Justo,1449.9205115284465,1496.4506642103681,1520.004034546357,
Dylan Salton,1490.4903479129405,1491.437648921838,,
Alex Marti Pujolras,1443.3323842925981,1508.6301405395827,1491.2867593365152,
Mark Owen Endler,1490.2273213182953,,1490.726966900377,
Dominik Palan,1369.4461400294642,1450.3434961527569,1470.987959442188,
Danil Ozernoy,1432.9518981598515,1467.7039779722804,1489.1509718843774,
Shaheed Alam,1485.6940345878215,1486.7689254208901,,
John Echeverria,1396.847176912875,1512.0675140915014,1495.2012088290398,
Daniil Golubev,1439.8977088594545,1465.6810050769295,,
Dominic Stricker,1711.5854997416147,1735.825207678116,1615.5031345953412,1545.666606983167
Lluis Miralles,1492.9000186485862,1492.3243370651921,,
Marco Miceli,1423.7608536501539,1489.5440670842083,1486.2150386196727,
Lorenzo Claverie,1373.3597170588914,1476.6350758572023,1499.8760768277198,
Abdulrahman Al Janahi,1487.545611294126,1487.4387895063248,,
Jurgen Briand,1488.082910926782,1535.044048079257,1506.8879158350526,
Martin Breysach,1486.187797967448,1487.4884929426107,,
Lilian Marmousez,1437.3301794450454,1487.7467921603134,1527.9127320795608,
Jerome Kym,1769.6332892730932,1678.329623410257,1727.5187633988508,
Juncheng Shang,1840.1036507760089,1824.103552239086,1636.2456378469662,1579.3841592579208
Frane Nincevic,1408.4748681708732,,1464.770212408561,
Mili Poljicak,1433.6490082181306,1472.7240035235066,1550.316595669616,1485.5604942989596
Angel Guerrero Melgar,1488.2014660474554,,1489.8666074752023,
Tiago Torres,1495.2095167503307,,1498.9681924427862,
Miguel Gomes,1345.7311044717185,1488.2626364166736,1403.1057593610035,
Bozo Barun,1434.1641443272893,,1463.7585883041884,
Boris Butulija,1425.8210603632372,1484.1775514533415,1495.2257204443063,
Marko Topo,1539.121608420401,1511.020150853931,1578.1179778917044,1486.3868532840218
Hamad Medjedovic,1844.6529003984042,1778.2197582912067,1809.3252791590655,1559.1533160429487
Omar Suarez,1478.3431745345206,1484.4077502240384,,
Juan Diego Rojas,1487.3193854547183,1488.0,,
Stefano Reitano,1369.26269444255,1491.8480022848123,1475.6893222828196,
Antun Vidak,1493.2735808400353,,1493.7292871878815,
Hanwen Li,1344.0296005733255,1457.7914139581148,1490.6270066808236,
Timo Legout,1386.9007331263658,1490.5842828698073,1479.2197221387485,
Arthur Fils,1982.7190458341872,1901.299566441579,1875.8923400261142,1621.0057605935149
Lukas Pokorny,1427.2451721763364,1514.7961029795192,1491.7206298510014,
Matej Galik,1490.5419850929966,,1489.866312004663,
Lukas Palovic,1400.4592929752068,1492.6171590194608,1475.0016456707388,
Milos Karol,1433.9890411420597,1546.2326748476085,1449.7946137709514,
Mathys Erhard,1516.9678615128464,1485.1720292760879,1553.6423525971215,
Axel Garcian,1340.9463004527909,1457.4309377427871,1473.9562531365962,
Arthur Fery,1578.3443858832036,1652.7231099793216,,1412.2463834014902
Sascha Gueymard Wayenburg,1424.3063867366516,1488.4828245649503,1481.9290642064614,
Dmitry Bezborodov,1490.1718039998811,,1490.3592999513364,
Michele Vianello,1481.3533196933972,,1482.014699216137,
Lorenzo Angelini,1419.8862030862108,1450.4153171908993,1493.3348784476473,
Felix Gill,1536.2248812867833,1519.9093668917487,1603.3060701870738,1449.6469083873471
Lui Maxted,1488.537022195081,,,1474.008181333296
Jakub Mensik,1877.773397528645,1852.8955358372712,1718.8020662790275,1486.6592906940994
Adam Jurajda,1435.562753740364,,1466.935376145841,
Jakub Nicod,1530.5240808335946,1488.7658376284232,1595.167054122428,
Daniel Siniakov,1332.839739482079,,1433.5253133438614,
Daniel Rincon,1573.9212626142541,1474.5912208855275,1641.983758617326,1432.4993876826406
Marc Othman Ktiri,1464.2950821005593,,,1483.4699989758656
Daniel Rodrigues,1459.4258385524138,1507.5276447138149,1492.3036818509968,
Jack Pinnington Jones,1570.489194743752,1591.5923684201277,1494.1304901430635,1530.4845681264403
William Jansen,1350.2415472753712,1481.5390245308847,,1480.1316534791695
Bjorn Nareyka,1493.7513123752144,,1495.8811363532848,
Benedikt Emesz,1406.8089696412205,,1469.8921285217534,
Lukas Neumayer,1632.5478452649213,1476.652876675769,1671.2927096167305,1477.2877863465726
Jakob Aichhorn,1492.028086355843,,1491.56906971125,
Deney Wassermann,1438.1037771441477,,1505.4402390498294,
Bart Van Den Berg,1480.611975128553,,1485.6630809207998,
Guy Den Ouden,1503.0143160464763,1478.6506878430228,1594.5881535297356,
Alexander Maarten Jong,1463.3793456311716,,1492.4811277333604,
Lewie Lane,1401.2583108564895,,1480.3781002439644,
Dan Alexandru Tomescu,1414.3918524564056,1502.20623135874,1492.0659926239673,
Oleg Prihodko,1476.8561783093896,1567.3393475914227,1485.4404845344036,
Stefan Palosi,1416.021945141401,1487.4249549065134,1514.4554157705722,
Islam Orynbasar,1370.6591316323374,1472.3124512339607,,
Oleksii Krutykh,1472.22258727691,1601.6112379116942,1521.8805310882076,1478.8069761764248
Yerassyl Yerdilda,1422.0266401390973,1473.7460582258848,,
Timur Mukhtarulin,1469.2300700919689,1487.8419171566306,1484.04289733608,
Alessio De Bernardis,1378.204371928541,1491.1659606223138,1471.7594197542755,
Ben Shelton,2000.59490486795,1977.0636703203193,1691.194267563064,1543.488106299806
Damien Wenger,1490.4275323143042,,1551.3970212637505,
Kirill Kolganov,1479.5339094259136,1484.3889608687036,,
Inaki Montes De La Torre,1604.96770547327,1612.5982296431914,1555.1161199398834,
Blas Ruiz Romero,1486.0240363347868,1488.791875063218,,
Alberto Barroso Campos,1387.6988358022888,1495.5778555673369,1383.1454656781773,
Iiro Vasa,1381.4069359858079,,1466.1693229030182,
Samir Banerjee,1410.5132600732438,1463.379947038113,,
Alexander Shevchenko,1751.3973423333987,1744.5932230251879,1729.9278985911626,1463.0887191328686
Marcel Politowicz,1489.6970770905757,,1490.7156593399882,
Aleksander Orlikowski,1489.566630182883,,1490.9859007873558,
Nicolas Herrero Cuesta,1417.0217277631184,1472.0428267917528,,
Julio Cesar Porras,1411.5566972651793,1498.5995071421726,1485.286153909531,
Gabriele Piraino,1352.9073443678333,1483.6822918709408,1439.232856174189,
Matthew William Donald,1420.2775951248552,,1459.1785775776593,
Bart Stevens,1347.368547475674,,1442.7987820172884,
Krystof Zapsky,1476.5979178288733,,1482.556666607698,
Manuel Mazza,1352.5040861162536,,1453.362526495302,
Marco De Rossi,1429.957908535834,,1480.758213002071,
Marco Speronello,1425.1957334519102,,1476.8816938899456,
Oleksandr Ovcharenko,1398.6062308681542,1444.1533762267304,1531.1622494003666,
Jiri Jenicek,1444.044709191395,,1478.001743111259,
Jasza Szajrych,1404.2245339692656,,1469.108489321309,
Szymon Kielan,1342.8940377454721,1481.7528716347365,1460.0751695319766,
Marcello Serafini,1444.3557449663165,1477.3698285830503,1505.5975034458397,
Gianmarco Ferrari,1424.341328502871,1487.5349868762275,1479.5635234453932,
Reese Stalder,1380.3838810322015,1471.8892989198955,,
Rafael Giotis,1431.084575329018,1487.6471828506978,,
Essa Qabazard,1485.7049485255084,1487.744044644468,,
Aaron Cohen,1459.7990686746741,1493.8010536012762,1485.3588535894003,
Romain Gales,1484.9002182926633,1485.5686105973757,,
Tennyson Whiting,1321.9211489087222,1459.6511120491496,1469.3606596543518,
Eliot Spizzirri,1643.9569081064012,1662.0965658334314,,1501.0788868399206
Danijal Muminovic,1481.3959166537634,,1484.9828109241241,
Andrej Nedic,1354.6784387122748,1479.244124176222,1450.9386943540826,
Vladan Tadic,1409.340398953602,,1468.5673967521116,
Nicolas Tepmahc,1416.5401512944215,1475.0104048505932,1483.800555426819,
Aleksandr Braynin,1364.981788112164,1466.3152076549225,1464.2929202503437,
Richard Zusman,1428.6791752590486,1484.1452458589788,1493.1095999477868,
Ignacio Monzon,1393.8340216326264,1494.3851891887468,1481.1225664700926,
Benjamin Winter Lopez,1402.541513657222,1521.3393125876153,1461.7715757244262,
Lukas Krainer,1439.3566395122411,,1470.2538229362494,
Neil Oberleitner,1448.1037487628898,1496.043742898512,1524.6028949317717,
Filip Misolic,1644.485290039033,1583.475104417633,1681.7968816458924,1466.925143100397
Luca Staeheli,1390.9162764526743,1484.6387485696407,1486.8787246789261,
Alvaro Guillen Meza,1525.2649140059082,1463.3503800597537,1613.103936779225,
Glenn Smits,1483.0627979256226,1486.0011026318655,,
Justin Barki,1458.054229775214,1508.1515379087675,,
Aziz Ouakaa,1378.601894232384,1496.3451228247277,1462.2707469404384,
Bor Artnak,1404.7945896812348,1485.1656627771627,1461.5721916369325,
Sebastian Dominko,1382.1522556492703,1507.799056467764,1457.5955565152417,
Siim Troost,1419.4024629974203,1487.6200834316276,1482.5591050804528,
Johannes Ingildsen,1341.7946466037097,1494.1834237566,1456.4313071572856,1496.8892739292498
Erik Arutiunian,1421.4856205913666,1495.149427446424,1496.9254635491616,
Alexander Zgirovsky,1431.49886402955,1520.9413077778602,1476.3824486406118,
Murkel Alejandro Dellien Velasco,1575.2381617905496,1481.4155825526839,1622.7502815763257,1478.6309523028744
Roey Tabet,1487.668984064107,,1490.2353698007548,
Alexandros Skorilas,1428.3272964879332,1483.3804662868665,,
Vilius Gaubas,1563.4773962697261,1508.056188877903,1618.3284280278538,
Dimitri Badra,1474.8436954794968,1480.9918560328417,,
Edgars Manusis,1485.46825871322,1484.9710995816554,,
Henrique Rocha,1615.1445528470358,1554.0381665018797,1634.8733467348204,1491.248523912782
Sebastian Gima,1413.9649036707517,1489.4269316792927,1484.9127405186002,
Toby D Boyer,1489.3480017017012,1491.2375975072748,,
Simon Anthony Ivanov,1356.9404133629164,1493.6759267339642,1449.5029131244446,
Ignacio Buse,1626.2403881911034,1546.3814813294327,1659.0596247976982,
Gonzalo Bueno,1494.991012644456,1481.4794618125038,1579.104476777192,
Daniel Merida Aguilar,1461.4206828539643,1476.1894606496555,1521.155387901628,
Marcel Marlon Sudzum,1486.2913597916393,,1487.7076909827515,
Victor Lilov,1355.1760354312162,1473.703010697128,1468.907388239329,
Diego Fernandez Flores,1395.1002157705998,1482.758844148953,1497.3938255461135,
Sebastian Santibanez,1382.4304508598693,1472.0765515631558,1488.5570704597062,
Daniel Alejandro Ortiz,1489.0395547329974,,1487.6772713074151,
Mateo Gomez,1439.9377298380093,,1474.2097693518876,
Enrique Pena,1310.9720470640839,,1438.4348883190173,
Francisco Comesana,1741.2959255531928,1614.7914363903658,1716.242191091804,1526.9183893646973
Luciano Tacchi,1407.1396469326294,,1476.157754036329,
Valerio Aboian,1450.0814408528572,1474.9891097672573,1543.6610162037896,
Leonardo Aboian,1452.1888574382845,,1530.2114911691024,
Juan Bautista Torres,1633.1976517414364,1484.0211198236063,1702.0500516408842,
Mariano Navone,1747.1592270869417,1495.4650699692224,1886.0603376614883,1446.3065151716028
Gal Emersic Potocnik,1487.6185491156264,,1489.1825521800297,
Fabian Fallert,1431.6484430556573,1481.6007595371643,1489.0940752879221,
Anthony Genov,1407.8504084695608,,1462.4254789709908,
Louis Dussin,1412.7332531039854,1485.9563552522961,1493.4472452070877,
Philip Florig,1328.6513236777132,1433.017002093076,1431.464106256839,
Alfredo Perez,1476.21476166135,1542.4685493126171,,
Christopher Bulus,1424.8124000665398,1493.6413677139378,1482.4651576323577,
Jordan Sauer,1494.2188037657927,1493.5032011239318,,
Filiberto Fumagalli,1371.912845911306,1470.086529414369,,
Mattia Bellucci,1835.4047310865465,1799.3950963884158,1602.896555567133,1590.3209313655275
Jeffrey Von Der Schulenburg,1368.0810230902284,1484.8566149670874,1483.433800167921,
Alen Mujakic,1486.7738451238604,1490.0267390128056,,
Francisco Castro,1372.66482722407,1490.5364703220882,1481.4680015556128,
Facundo Juarez,1464.2503996612957,1488.4595037675847,1538.5340855120999,
Adria Soriano Barrera,1456.3508999986132,1550.340879610419,1472.6303548462656,
Peter Nad,1401.1010950745854,1472.5336923205139,1494.4653053400416,
Peter Benjamin Privara,1405.658018989911,1486.6236959014082,1491.1252235911027,
Johannus Monday,1475.5731671127041,1540.728427801596,,1475.8175081692555
Samuel Vincent Ruggeri,1586.293213504513,1599.095194792665,1601.2244920907635,
Gabriel Debru,1570.4243615900202,1475.773872645479,1652.8310749282512,
Iago Almeida,1491.0103557139907,,1491.053860922568,
Gustavo Heide,1666.8328021495593,1552.981565591758,1712.1779077217338,1479.0
Keenan Mayo,1276.3892843683918,1373.4477308079738,1469.9837381153764,
Hunter Heck,1456.3589686731668,1507.133810524573,,
Robin Bertrand,1510.9390012800723,1569.4931800739116,1486.8610292436226,
Valentin Lapalu,1446.5664306197136,1484.0160219698162,,
Gabriele Maria Noce,1371.7313998949767,1496.1916781517652,1470.0828931087829,
Federico Salomone,1331.733933113731,1475.1458632978786,1480.9674653881268,
Fabrizio Andaloro,1409.4733361623908,1531.641235270751,1463.4371140651558,
Omar Ahmed,1485.2057815447915,1488.3814916011615,,
Hasan Abdulnabi,1487.054364744105,1490.4888590904322,,
Samuel Sanchez,1408.6084387691153,1488.9138992652547,1482.1120112491099,
Lance Amaury Lage Castelan,1416.2894424218389,1474.326627565,,
Thabo Ncube,1485.2689096470742,,1486.0,
Alessandro Pecci,1475.9719489226788,1488.0864745242823,1560.3870900147572,
Valentin Vacherot,1741.3690533408176,1710.0059724215564,1690.9595457018545,1487.0885345150791
Andrey Chepelev,1462.7171715871143,1488.5355417769672,1524.9356042308866,
Victor Tosetto,1483.670556135824,,1488.6617680314205,
Thomas Kano,1484.2018016117752,,1488.549559869339,
Joao Victor Couto Loureiro,1302.932914686764,,1386.4366870309682,
Lorenzo Rottoli,1410.5204355554808,1484.8871453992078,1475.0911059870248,
Francisco Rocha,1335.5678512349457,1450.0063933056683,1433.359878676326,
Benjamin Dhoe,1485.457068147694,,1499.1376584694688,
Henrique Petiz,1481.8987031970664,,1485.0,
Jaime Faria,1649.8718950607988,1523.7447516718182,1713.7505976985717,1467.5331021443426
Tiago Silva,1341.833467493171,1485.531757966092,1475.70901222317,
Joao Giannella,1485.2723772580641,1486.3860521507765,,
Lorenzo Esquici,1415.7309270727799,1494.801084286097,1466.8583116460532,
Henry Lamchinniah,1492.9801573289303,1494.5798859137208,,
Edward Winter,1360.7333332234216,1428.702084824309,,
Aleksandre Bakshi,1510.8068712279623,1572.457109320907,,
Aristotelis Thanos,1464.2190034519997,1504.701314490953,1508.9579449615894,
Thomas Pavlekovich Smith,1476.995622146722,1483.4473233760818,,
Charlie Camus,1345.2974173669957,1452.0564590220295,1488.7303324064937,
Cooper Errey,1472.8985849568794,1473.0304548195504,,
James Mccabe,1597.638225544567,1636.672649872014,1449.952513136517,1493.8710574942413
Lorenzo Gagliardo,1408.9179182594737,,1471.2289277068776,
Luciano Carraro,1479.6595567850509,,1483.185971307119,
Leonardo Lopez Linquet,1467.2561948175571,,1480.499289279701,
Federico Agustin Gomez,1664.7760533665526,1587.4313924711173,1725.5390191171455,
Sean Hess,1421.461014128345,,1462.7509012854107,
Alejo Lorenzo Lingua Lavallen,1490.928212020068,,1556.3410690061053,
Juan Manuel La Serna,1374.8639075828357,,1472.4549127716236,
Zack Vialla,1406.798744108592,1487.3322098000492,,
David Hough,1470.4433318787849,1475.3002559145493,,
Hayden Jones,1366.9224550887752,1441.4342981147556,,
Philip Sekulic,1580.9841921178963,1638.3356099748366,1477.644196650935,1475.7290606173533
Jeremy Jin,1438.053610713708,1484.8263750592337,,
Gabriel Roveri Sidney,1345.3550232201749,1471.5834774930129,1490.6886059804322,
Mateo Barreiros Reyes,1453.9407805351948,,1531.5840385649942,
Bruno Fernandez,1410.953812286752,1483.7215798593265,1500.7267524569186,
Matheus Amorim De Lima,1466.5050747820367,,1489.6904651316506,
Alessandro Dragoni,1421.7787166175794,1488.9827575644563,1489.5823037162004,
Cristobal Castro,1357.309356421534,1485.486568767627,1444.1578577207022,
Jordan Iturra,1472.0378583302702,,1475.5175167217487,
Ignacio Antonio Becerra Otarola,1357.294219345297,1493.3555745533454,1465.5270838377082,
Nicolas Iraira,1488.0,,1488.0,
Felipe Hernandez,1451.7568352048233,,1461.2105389754424,
Alexander Bernard,1408.4031652963492,1490.4994267296086,,
Jack Anthrop,1465.6848521701136,1526.537527253667,,
Thomas Deschamps,1338.4076289925295,1464.9371661923437,1479.7694287365018,
Santiago Navarro,1460.4727502210123,,1473.8385023815677,
Juan Carlos Prado Angelo,1561.0230496882157,1516.1845374351403,1610.743721234152,
Karan Singh,1393.7466213902176,1470.1191779263886,1522.1565061405306,
Adam Neff,1378.1467546289575,1442.8323868492848,1486.3234634813625,
Bruno Kuzuhara,1400.1085041576448,1438.064914577516,1499.5632572853863,
Kris Krawcewicz,1494.2715801121349,1494.1450566236354,,
Issa Alharrasi,1489.9146746462031,1490.9387019849225,,
Rodrigo Pacheco Mendez,1462.6223152120788,1500.9555753129418,1496.3812607512411,
Simone Vaccari,1488.4882324509615,1483.7304028093904,,
Eliakim Coulibaly,1540.214677205844,1561.1420870962195,1535.7256686832104,
Alessandro Spadola,1380.327412092131,1479.082235598093,1480.2862506035813,
Marco Brugnerotto,1427.7310365555743,1480.416946357714,1473.9339091971335,
Gabi Adrian Boitan,1517.9804292939264,1483.4706726322675,1601.8701618926418,
Muhammad Shoaib,1401.1410148122973,1482.124418224161,1495.7917410062641,1494.0080108018426
Edas Butvilas,1549.579837120239,1575.049861195059,1572.659253618767,1495.7337401349498
Stylianos Christodoulou,1453.2640140112558,1517.5,1487.75,
Delmas Ntcha,1479.6673461054713,1482.3111390059128,,
Sylvestre Monnou,1514.0,1514.0,,
Ki Lung Ng,1420.313105964228,1486.9544054043083,,
Sebastian Sec,1494.392652287449,1495.0100162455278,,
Charles Broom,1489.153799417811,1493.6505150137552,1480.2277579872466,1508.8493491196189
Richard Biagiotti,1483.7839751480233,,1485.8769559949678,
Murphy Cassone,1598.3201220422523,1639.719994957935,,
Yannik Steinegger,1407.5371648527494,1472.489917415664,,
Tim Handel,1411.26066451705,1467.6739793047989,1511.0478447497776,
Jan Sebesta,1489.2825531253482,1491.4393469642312,,
Kilian Feldbausch,1532.4850094720389,1513.4648310523794,1570.9855138607666,
Paul Valsecchi,1418.72395812121,,1476.260769459648,
Dino Prizmic,1687.1548092101282,1684.248888461842,1651.9582467903124,1496.9326756205746
Nicolas Parizzia,1421.9945038463336,1491.458519143359,1482.094118795214,
Mika Brunold,1522.1420291597913,1541.048035351948,1532.3381803787267,
Illia Stoliar,1485.7018370411502,,1488.682603335111,
Maxence Beauge,1410.0929347640783,1463.3642175018267,1503.5384444499662,
Lilian Breut,1488.4972234238458,1497.5693119456869,,
Mehdi Benchakroun,1491.3638760183214,,1493.6321266502034,
Ivan Liutarevich,1302.4675166931077,1473.3620241882236,1425.7683762758982,
Blu Baker,1431.3280397246874,1489.609216038703,1494.1716416160568,
Luca Castagnola,1382.9299488966542,1499.5840385420706,1450.1197273523685,
Pablo Carretero,1429.6855365409026,1477.4366678239357,1496.1087535579804,
Diego Balderas,1494.6902453576968,,1495.950883736384,
Max Alcala Gurri,1450.26053556709,1495.9594889393147,1505.088910184047,
Vojtech Petr,1486.1783591044375,,1488.2800009653,
Luka Mikrut,1523.4190341240023,1485.5975604085568,1580.234554343656,
Tobias Franco,1328.3183626310067,,1442.6337804367613,
Thiago Cigarran,1305.2927965916658,,1413.6571477292869,
Santiago De La Fuente,1400.6634649269354,,1481.4536181572446,
Rodolfo Jauregui Sainz De Rozas,1400.6224215087109,1481.87960738966,1483.9133386263643,
Jan Jermar,1414.8859259760518,,1471.8619498275698,
Simon Malis,1486.687084528285,,1486.9008886297481,
Ondrej Horak,1482.3043258954813,,1488.0359238965273,
Aidan Mayo,1590.3178735299452,1620.2528449249137,1501.2589091005348,1501.780567788374
Learner Tien,1804.2375007887317,1818.3673217913567,1497.6537597907966,
Arthur Gea,1552.4603456542345,1507.8609669393454,1601.2653757647752,
Sebastian Sorger,1393.1554108905375,,1451.1639064675928,
Lukas Velik,1487.8925460260741,,1488.7308774063483,
Nicolas Villalon,1367.8083113365503,1492.3028337231215,1459.1894585981477,
Liam Gavrielides,1426.8366985510893,1454.6618247595802,1528.2812371929933,1486.9394702855539
Nikita Sidorov,1454.4928800968034,1488.0,1472.175655147559,
Martin Borisiouk,1445.0967220982404,1520.237816487563,1480.7024288912055,
Kalin Ivanovski,1438.732815296123,1521.6520499271883,1471.3528040157555,
Artem Podorozhnyi,1482.4200268143034,,1484.7521291160638,
Mayeul Darras,1494.1187789103506,,1494.9092145630161,
Mykhailo Mossur,1431.9960002693308,1482.0844926257955,1490.3124917960008,
Saba Purtseladze,1402.8837661851335,1505.4206703725667,1421.1648207365004,
Wissam Abderrahman,1483.8708185097378,,1485.0,
Benedikt Henning,1414.9441931622025,1490.2840887722646,1492.5141214130228,
Youssef Labbene,1443.2037158663352,,1477.557400209927,
Tim Loosen,1488.2728278264756,,1489.9153700058944,
John Sperle,1377.295759232132,1491.1743884127277,1445.921074426859,
Giulio Colacioppo,1477.545191626616,,1479.5348059553312,
Giorgio Tabacco,1412.7695660292009,,1443.4497355785395,
Terence Atmane,1699.8948183213327,1726.3331965997947,1638.8891271702064,1479.923912363187
Peter Fajta,1429.2091699019452,,1482.3127150914238,
Giles Hussey,1450.0399440962342,1497.6494110847207,,1475.5813961294887
Oscar Weightman,1426.968604610321,1503.152844809991,,1491.9242491062341
Daniel Little,1397.7315010436687,1493.7424306876094,,1468.715283888955
Toby Samuel,1476.6179817503864,1520.3014479611093,,1466.157040162093
Andrej Krajcik,1486.9736942407626,,1489.1638928267018,
Joshua Dous Karpenschif,1425.3628574990528,,1479.0365876485992,
Henry Patten,1491.8297811679145,1512.0996262207707,,1488.6580023631507
Cristian Campese,1442.9238533402026,1471.4798564067805,1491.1141878192575,
Massimo Giunta,1397.7123892588315,1479.9272293296083,1478.3622248883764,
Jannik Maute,1488.0267406406529,,,1483.3809087532147
Vincent Stouff,1488.2394877119705,,1490.7562232186235,
Bautista Vilicich,1382.886353609978,1466.1409491716593,1492.6554274136847,
Mateo Labuckas,1488.0,,1488.0,
Julian Cundom,1430.289959051767,,1479.905233337471,
Benjamin Denis Alarcon,1461.0103489398984,,1489.0171207869057,
Lautaro Midon,1502.1308996558648,1511.7605339948013,1560.4423435222845,
Alex Barrena,1488.3959203313775,,1551.321484545227,
Luca Pow,1396.6095276148028,1490.342005054129,,1455.0544352980214
Fausto Tabacco,1427.0494399169697,,1458.5062400489555,
Lorenzo Joaquin Rodriguez,1437.225089186787,1484.5358352111464,1516.2722921727045,
Juan Cruz Estevarena,1485.6942369843948,,1489.2098587992812,
Nicolas Eli,1432.9328621030588,,1477.302182038832,
Andres Urrea,1332.5978128252686,1453.8673463168168,1458.4298036601776,
Lambert Ruland,1480.1194933765805,,1484.9477045814735,
Marcel Zielinski,1371.1834260869293,,1440.1589130083112,
Alejandro Turriziani Alvarez,1451.8836565132813,1483.0320462332552,,
Sergi Perez Contri,1427.9449310146708,1481.3014893874547,1482.6707973214418,
Enzo Frances Tessari,1444.415407272586,1475.7898198254404,,
Dhruva Mulye,1410.94565550581,1491.034602131356,1482.0,
Amaury Raynel,1418.378358257878,1500.7456702596514,1476.300109504144,
Luca Sanchez,1430.8244923426116,1476.0305103516266,1494.73388891358,
Theo Arribage,1375.348298802224,1466.3308704072729,1488.1527637797694,
Abel Hernandez Aguila,1416.0425951999748,,1476.079545611582,
Kuan Yu Chen,1443.852129967305,1468.2162347503556,1491.3719690343578,
Daniel Salazar Martinez,1404.3316951437992,,1485.3817791958302,
Juan Sebastian Osorio,1385.8737470482156,,1454.4084090079552,
Nicolas Cortes Campos,1485.299163511804,,1488.9090388452207,
Nicolas Buitrago,1356.9522698293529,,1426.7386622925706,
Niklas Rohrer,1490.1920024127896,,1488.6712600885144,
Elgin Khoeblal,1488.1428025373773,,1489.3765992686342,
Sidane Pontjodikromo,1448.4219586937597,1494.4858985915835,1483.5772313276918,
Max Houkes,1532.9924649635293,1481.4493072388286,1584.9054921867767,
Marian Petre Prajescu,1489.3717681203675,,1490.4426554594781,
Ilya Snitari,1409.416696206808,1503.8208424178715,1480.9193242222268,
Vlad Stoica,1495.1442986355532,,1502.3295033012325,
Tudor Stefan Gheorghita,1417.2094509750111,,1476.788953753395,
Patrick Maloney,1468.8428226497438,1530.0150566736404,,
Gian Matias Di Natale,1409.671433086103,1492.9616109150115,1475.846517357158,
Aidan Kim,1396.8793323121452,1470.6840444557367,1487.8378702525254,
Nishesh Basavareddy,1765.8972002831192,1789.6828948723746,,
Max Batyutenko,1483.8894543054726,1485.0,,
Aliaksandr Liaonenka,1464.3733013048288,1507.704912178456,,
Karl Kiur Saar,1432.6067559016496,1466.3760049477007,,
Egor Noskin,1486.877473155719,1498.9247557649153,,
Maxim Shin,1440.5044878218687,1482.3169396013482,,
Arslanbek Aitkulov,1447.3003880970948,1485.262666874169,,
Gerard Planelles Ripoll,1488.3479930912042,1490.5772236427526,,
Dali Blanch,1458.8156979149608,1492.9472909885483,1525.060042474516,
Juan Carlos Garcia Garcia,1482.7874510573627,1485.4975283927683,,
Hermanni Tiainen,1480.953512820958,,1484.294981455181,
Peetu Pohjola,1406.7731431165735,,1470.8199178208044,
Pietro Pampanin,1423.9926146625553,,1475.847964153225,
Andres Martin,1491.3009904043543,1539.4312857183559,1499.2683646145479,
Sid Donarski,1390.3438923718081,1447.2196613569388,,
Marko Stakusic,1359.4200825221435,1408.3376325842028,,
Juan Carlos Aguilar,1447.7202238160157,1479.3684221439332,1529.2850754222725,
Henry Von Der Schulenburg,1484.4689825484672,,1487.472467051847,
J J Mercer,1484.774111645236,1490.059861911,,
Colin Markes,1384.7359191335856,1455.5491669130893,1467.0854326464087,
Millen Hurrion,1495.4500370371957,1496.2540735450314,,
Matyas Cerny,1419.7110483569943,,1480.9314264637428,
Luis Carlos Alvarez,1457.983628925631,1520.1697098172826,,
Benjamin Kittay,1430.4806673671198,1468.7908539758846,,
Ryan Colby,1493.9622871601994,1494.171267675546,,
Tom Gentzsch,1455.3875956844374,1488.597297894811,1520.890356644794,
Raphael Collignon,1756.4918407240714,1673.9502132526047,1693.267840708501,1501.6571575390294
Martyn Pawelski,1390.955518496529,1464.5810656129102,1482.790708896603,
Michal Mikula,1498.1446231603702,1512.228646531464,,
Tomas Lanik,1398.3170534522546,1488.558978727435,1482.8679574464677,
Olaf Pieczkowski,1493.4908530808725,1506.6160430856028,1531.7518269251068,
Alejandro Jose Gandini,1401.7768173534787,,1468.8071294028473,
Daniel Baquero,1409.364304905877,,1472.3630137834202,
James Tracy,1375.2334218027352,1452.1859262499634,1493.0295602204146,
Angel Josue Maleno Rosario,1487.7006025944124,,1488.0276195640736,
Drazen Petrovic,1445.9462604121425,,1475.2155188127995,
Matvey Minin,1482.050477029723,,1486.3575075352637,
Yevhenii Bondarenko,1492.1319187418808,,1492.2216440191874,
Aurel Ciocanu,1474.174807831553,1483.9182170524864,,
Stefan Simeunovic,1480.6432470829345,1484.4668780297934,,
Niels Peter Van Noord,1487.1692929957528,1487.449426594537,,
Thantub Suksumrarn,1396.0219219310018,1473.2261059228836,,
Krittin Koaykul,1448.2177409224914,1472.1513184249554,,
Bu Yunchaokete,1821.6539877880457,1831.2971689532806,1534.7279802182588,1482.454579326799
Yuttana Charoenphon,1420.9328310442706,1481.1629998919796,,
Mark Havlicek,1487.3751316104087,,1488.3902881509389,
Rocco Piatti,1385.9504038851835,,1467.7113089754816,
Abedallah Shelbayh,1596.9253712474297,1637.4252040926,1583.7311459499024,1506.4115505349935
Credit Chaiyarin,1319.7590127914787,1433.4174825594687,1481.0843978445744,
Anapat Timangkul,1430.4072025988557,1476.8311060628046,,
Ethan Quinn,1625.5851728602063,1666.711468804214,1457.0059746363083,1513.1864059794016
Imanol Lopez Morillo,1530.251049576898,1489.4822984586917,1568.3553108372744,
Marko Andrejic,1506.2791754722894,,1507.744520739945,
Jake Krug,1480.4660990091409,1484.4171411898958,,
Andrew Zhang,1486.312317600444,1489.7444219224287,,
Tyler Zink,1421.7151872927855,1488.9483362568967,,
Pedro Rodenas,1453.0964861811385,1492.4358347267614,,
Mac Kiger,1410.3623397571284,1470.2542230638737,1488.338978697494,
Shunsuke Mitsui,1428.242562015905,1479.6460139638675,,
Ryan Seggerman,1490.3939604873622,1514.2417867399765,1570.165411892277,1488.0
Tuncay Duran,1405.068521911665,1465.1176524021782,,
Rishab Agarwal,1432.0504211492039,1496.2546385269404,,
Jaycer Lyeons,1419.6475802344778,1491.6783369186087,1472.6223019300037,
Mateusz Kulakowski,1489.692228716553,,1491.670375927397,
Viacheslav Bielinskyi,1446.5651688438893,1494.5703355161131,1498.1135827064109,
Luis Carlos Alvarez Valdes,1514.7825037227844,,1516.242131367456,
Isaac Becroft,1458.2656569014007,1490.4922880897388,,
Osgar Ohoisin,1460.0450700942415,1495.3870213801356,1500.2505225615298,
Daniels Tens,1378.8684670166901,1442.8079868061604,,
Nathan Anthony Barki,1493.85480370559,1493.7872926597743,,
Tegar Abdi Satrio Wibowo,1494.0227934386332,1493.9584590841725,,
Lucky Candra Kurniawan,1485.9919099929796,1486.1935401917385,,
Lleyton Cronje,1491.9303236827109,,1491.6109424123513,
Mark Lajal,1663.4434659971491,1688.8890581029812,1442.1485993237477,1564.495270417901
Matic Kriznik,1454.2835336453752,1473.7460271587486,1509.3141456171027,
Elmer Moller,1692.085718728164,1610.9994011799674,1713.0918498763806,
Cesar Cruz,1388.543710717973,1485.977536023272,1469.3921813725765,
Michael Bassem Sobhy,1429.4865010930753,1487.5189178909054,1481.5512770214773,
Preston Stearns,1412.4949326363449,1475.9245941982094,,
Constantin Frantzen,1430.2432061503816,1478.4920410298007,1487.184828072781,
Filippo Verdese,1481.0590240305557,,1483.0405737501665,
Simone Agostini,1398.1484301031237,,1458.7108469520533,
Hudson Rivera,1440.4222937428801,1467.5019082342376,,
Mihai Razvan Marinescu,1421.8302734155068,,1474.6642490277688,
Radu Florin Macovei,1489.610223249756,,1491.5080821016868,
Bruno Caula,1480.7156491689286,,1487.649111172629,
Santiago Bramajo,1481.4572391250997,,1485.3319468684583,
Diogo Morais,1487.085761253611,,1489.1927215127153,
Petr Nesterov,1476.55033677064,1504.3368657776477,1525.3268304733936,
Alejandro Manzanera Pertusa,1402.3285027772022,1473.7510458686327,1488.1043694807795,
Izan Orgiles Garcia Retamero,1487.0002649379437,1486.4803687165895,,
Darwin Blanch,1372.927548915477,1473.162114757102,1469.1503548885337,
Rafael Segado Esteve,1429.7137034622824,1478.0584287801735,,
Martin Landaluce,1706.4259472249905,1681.8987876641202,1585.5254133414583,
Nicolas Zanellato,1451.262284812832,,1507.894934103867,
Matheus Cury Bueres,1367.9842752776492,,1462.1925857069002,
Seung Min Lee,1449.0719226148603,1474.8005486388918,,
Woohyuk Sim,1453.8280349297024,1477.419259714722,,
Alexandre Reco,1472.1279431851106,1524.512818060077,,
Alex Michelsen,1929.6316562371824,1934.6614993400658,1528.500300941979,1589.6045371804807
Yuta Kikuchi,1482.0338595715152,1485.896176743097,,
Rafael Tosetto,1350.438237841603,,1417.7625454572035,
Mikail Alimli,1433.620422461892,1484.9440893602036,,
Mathieu Scaglia,1460.6904744783706,1495.2551184446197,1484.7796329509026,
Woobin Shin,1459.0521824121613,1535.56916279943,,
Jangjun Kim,1491.501266017523,1492.3607535105798,,
Henry Barrett,1478.699682180297,,1484.8861580304092,
Tristan Mccormick,1385.793511648583,1464.5753598325248,1482.1620779092357,
Igor Gimenez,1425.7424894282922,,1495.6764147572658,
Andres Andrade,1573.8583162165392,1523.701280614001,1642.4285437530557,
Alexander Blockx,1691.6289050184912,1699.4998077393836,1544.374705153126,
Gilles Arnaud Bailly,1490.4213593897355,1523.5891535452417,1494.8128761004434,
Suk Ann,1396.4177954237457,1470.5182271825308,,
Noel Larwig,1451.1649217819408,1478.5107051883665,,
Pijus Vaitiekunas,1486.4453761124528,1489.02736098843,,
Antoine Ghibaudo,1500.684534960751,1576.4795202913008,1472.3351340714348,
Dusan Rsovac,1483.8344610687043,1487.9992977442034,,
Anton Ornberg,1487.7587680111512,1490.1578449473404,,
Milos Dabic,1490.6991160847513,1492.5614176615059,,
Maxim Verboven,1491.1465791169667,1492.5725862239399,,
Jonas Greif,1489.7608777891012,1492.693050310137,,
Nicola Rispoli,1488.1051306054164,1492.3787273961968,,
Mitchell Harper,1395.019929316766,1449.109462666818,,
Nicholas Jovanovski,1486.6776906175562,1490.3718568836155,,
Zaharije Zak Talic,1418.161779603069,1463.922121386154,,
Chris Rodesch,1496.0418981999792,1552.9981907485273,1486.0183418629429,
John Moncada Salazar,1480.7264446127442,,1484.3230723590248,
Roberto Pinargote Palma,1484.4564592264562,,1487.226495371875,
Sam Ryan Ziegann,1455.1189203679787,1468.956673715618,,
Ethan Cook,1479.7482198717732,1485.2692581078604,,
Nikita Volonski,1482.9933630174075,1487.4621202142146,,
Matt Hulme,1424.9324930779978,1492.2469287861697,,
Jordan Smith,1494.8311928858084,1498.5188026673522,,
Asahi Harazaki,1470.1948536460136,1490.4247500805716,,
Takuya Kumasaka,1439.3776465054327,1504.1569179212538,,
Yamato Sueoka,1483.2801238951672,1487.2959266520763,,
Hikaru Shiraishi,1414.6318287626143,1476.1257751687044,,
Rimpei Kawakami,1463.0236999567894,1511.1898531687455,1486.5506307045623,
Taketo Takamisawa,1424.3511446261884,1477.3094372893424,,
Seiya Nakanishi,1481.4463259565953,1483.97236586334,,
Keisuke Saitoh,1388.7194706685455,1471.3434667208412,,
Arthur Bouquier,1498.2422616064193,1549.9777311059293,,
Jan Kumstat,1422.6068541771517,1493.7380302673223,1471.873103125042,
Keegan Rice,1388.89190343603,1448.3811586180216,,
Duncan Chan,1483.5090552752836,1486.0799712229739,,
Joshua Lapadat,1411.1985798392432,1464.7442116122306,,
Jaden Weekes,1384.5717848586107,1468.7699645724072,,
Andrew Rogers,1484.0702580980205,1485.0,,
Koki Matsuda,1455.0070443412862,1498.2985393221363,,
Naoya Komoda,1487.2904739689714,1487.5366175318652,,
Shunsuke Nakagawa,1428.3735164964576,1482.3906904155617,,
Kentaro Otsuka,1422.829445586366,1479.439117634358,,
Yusuke Kusuhara,1407.9081297181158,1471.3949335271443,,
Alexander Petrov,1507.1834544035376,1512.8927312830383,,
Kareem Allaf,1461.7968533183086,1472.9880311297895,,
Oliver Okonkwo,1402.1555160658263,1465.0075407310803,,
Kenta Miyoshi,1510.9222729827175,1559.1355974648882,,
Roko Horvat,1424.9483919131824,1491.361286282932,1481.5687802893754,
Otso Martikainen,1417.274316443163,1474.969511817589,,
Joao Eduardo Schiessl,1410.463656944648,1499.2083707078232,1478.2269052099984,
Joao Fonseca,1839.1254061403856,1791.3897894917877,1652.4072467504939,1474.073427256247
Luca Fantini,1456.9976310767888,1494.9496350314753,1503.2401385230346,
Alvaro Peiro Serrano,1490.9044083660324,,1490.1727146726714,
Joao Silva,1405.3686061479384,,1466.2586894162955,
Maik Steiner,1472.330518174419,1486.3765229167896,1499.293027544861,
Guilherme Valdoleiros,1389.6761401308422,,1463.7332788472993,
Niccolo Catini,1390.8929560838699,1482.6179875868427,1472.272674715025,
Svyatoslav Gulin,1521.1648657295832,1500.6784121425933,1559.3848260692378,
Leonid Sheyngezikht,1387.990851932547,1463.5921158551478,1470.775615053832,
Ignasi De Rueda De Genover,1457.9089267529114,1486.380445156324,1489.7668309229055,
Inaki Cabrera Bello,1500.6243213290118,,1503.798722289388,
Jisung Nam,1491.496804103697,1494.2607082739048,,
Maximus Jones,1446.321787017726,1495.2625725939101,1482.6200842145943,
Gillian Osmont,1420.5548892440686,1455.6150838566855,,
Aditya Vishal Balsekar,1449.62863879071,1480.532113154431,,
Manas Dhamne,1461.885623521561,1495.781690055975,1503.3232746785277,
Lucio Ratti,1435.7587736462262,,1471.938287394745,
Luciano Emanuel Ambrogi,1497.8257121250808,1476.4019912789545,1614.7707420890335,
Stefanos Sakellaridis,1413.3552034174024,1487.909261932236,1503.0222509723053,
Tiago Pereira,1362.83082480804,1466.5649122952414,1444.771153424735,
Derek Pham,1484.9615335329515,1488.4375153062444,,
Alejandro Bancalari,1399.266937306386,1487.4,1471.027542797688,
Tibo Colson,1425.0644357650147,1458.4860831625087,1503.0120198808781,
Victor Ernaelsteen,1493.8033914100342,1494.9066493688204,,
Blake Bayldon,1367.7817932043472,1470.4583655317435,1478.3211034404476,
Thomas Braithwaite,1411.1287671919313,1464.086404420963,,
Rhys Searant,1487.5719541031008,1487.628965752889,,
Matthew Woerndle,1482.8537141814118,1486.879552533817,,
Leanid Boika,1481.8256424068102,1484.8004694600486,,
Joshua Sheehy,1363.555347081242,1430.3038047696816,1483.5844657980776,
David Jorda Sanchis,1545.3282838415919,1530.4290531818358,1549.2671315964606,1483.560609343665
Miguel Garcia,1477.6867738227397,1476.5978281424996,,
Yaroslav Demin,1360.4435067087243,1438.1920639486805,1482.0501403534818,
Andreja Petrovic,1497.5664712310463,1497.265669707859,,
Amir Milushev,1493.1140983925245,1493.493990185488,,
Antonio Muniz Hidalgo,1488.7769611602778,1490.5605749063204,,
Liam Krall,1492.3825139729531,1492.5882263341405,,
Pijus Reklevicius,1485.6938035732564,1488.7092784268398,,
Oges Theyjo Jaya Prakash,1488.902544525293,1490.617008834483,,
Bharath Nishok Kumaran,1444.225303579442,1473.2614673239304,,
Dinko Dinev,1430.834076900015,1500.665021681759,1467.8707104411524,
Anthony Popyrin,1436.6749234715437,1474.4141071938136,,
Manish Ganesh,1435.787368548745,1461.8735897893316,,
James Van Deinse,1496.6307396950551,1496.6641701098183,,
Keshav Chopra,1423.6541644947133,1471.4504600165387,,
Cooper Williams,1423.11553444269,1471.4822348601322,1500.8640666466636,
Chirag Duhan,1490.0091325227274,1491.596015669569,,
Arthur Weber,1434.6303252958608,1509.0535329853744,1477.0175124132813,
Timofey Stepanov,1489.4554128621926,1491.5330239210014,,
Andrin Casanova,1401.9571406723423,1484.9462580482798,1480.5097735089646,
Dylan Dietrich,1487.742387373701,1509.7182946334299,1525.6417704560743,
Matias Rojas,1467.2015467699196,,1472.6085980812993,
Maxwell Mckennon,1499.1126945399203,1534.2269744244884,,
Attila Boros,1450.9094194486363,,1482.3474287399943,
Gabor Mathe,1475.7642427673445,,1482.4795342194288,
Rafael Kis Balazs,1482.5632810908132,,1488.3652841371818,
Martin Zeljenka,1488.1057936719662,,1491.3299494962303,
Matyas Fuele,1453.1352597069892,,1482.5107039987395,
Jordi Garcia Mestre,1482.7630106337642,1484.7117940532455,,
Bruno Pujol Navarro,1430.033890397313,1470.987538623789,,
Jonas Schaer,1483.3749499475243,1484.7326871132273,,
Noah Lopez,1408.5142214240475,1464.5669959621393,1490.2950574064287,
Nicolas Kobelt,1465.4485425406717,1497.9660199978982,1486.4721936949322,
Gabriele Moghini,1483.2803437907028,1486.173595682452,,
Davide Pozzi,1480.9460336560699,1483.4785613760107,,
Adrien Gobat,1453.886306000984,1496.1254027332504,,
Nikola Basic,1482.0875944212567,,1485.073880390018,
Patrik Jurina,1491.5230505065072,,1491.823554062711,
Noah Regas Luis,1456.826763336068,,1485.547520937063,
Nil Regas Luis,1445.981284317941,,1478.4315854356425,
Gerard Campana Lee,1515.3474117585324,,1570.712764564841,
Benito Massacri,1411.028870063965,,1457.9454854091232,
Reda Bennani,1477.3456763592744,,1489.593729480539,
Walid Ahouda,1451.3927920340807,1476.9739203529136,1493.9434428333225,
Younes Lalami Laaroussi,1425.7147510099817,1499.4140502987857,1474.7283915324729,
Jorge Martinez Martinez,1478.9524502597537,,1499.2187740082463,
Lawrence Sciglitano,1489.9948750737724,,1492.3786782036461,
Jibril Nettles,1468.508847439443,1487.8346886745503,1494.6934507545238,
Josip Simundza,1418.3171021116939,,1462.797852173844,
Duje Markovina,1448.9417745924507,,1479.0154797092466,
Vito Tonejc,1493.5506492234904,,1489.247739222084,
Gabriel Schenekenberg,1426.8879170183332,,1475.6164327667193,
Ezequiel Simonit,1458.7129874570405,,1494.4497737600238,
Pedro Rodrigues,1489.280419790491,,1491.7743778865113,
Gustavo Ribeiro De Almeida,1427.9732252968156,,1464.8842987678756,
John Bernard,1489.8173787666178,,1490.2916765432067,
Kaylan Bigun,1426.4531894776728,1455.3242430869568,1508.5700165307424,
Kyle Kang,1413.126256658453,1466.4084615672548,1502.2738457099124,
Hynek Barton,1564.797293114125,1509.9120667686364,1604.3181837967002,
Jiri Barnat,1395.9023200032905,,1445.349557305653,
Yunseok Jang,1446.628283589929,1478.3448471592897,,
Federico Bondioli,1378.9286856749814,1465.8342420864026,1435.3683490392857,
Julian Gimenez,1495.1691335798412,,1497.1504330252783,
Cash Hanzlik,1488.0,,1488.0,
Seon Yong Han,1486.807221136251,1489.7519562532361,,
Jan Hrazdil,1467.795494108135,,1492.687197926292,
Lorenzo Sciahbasi,1443.9092668408352,,1480.7576508985119,
Lorenzo Carboni,1410.6076144196106,1477.3014977522303,1468.2434154771975,
Manuel Lazic,1433.8522630648408,,1465.2743643281867,
Branko Djuric,1495.0449169010444,1531.8603545001374,1500.4246395829596,
Matthias Ujvary,1405.2387608563374,,1433.648928468369,
Petr Brunclik,1430.1842694984127,1490.3407659503912,1487.507731481162,
Antonin Bolardt,1492.0026870221336,,1492.866420470086,
Jakub Filip,1466.4724325410791,,1489.9626164432977,
Skander Mezouar,1491.2568553142492,,1489.977035807186,
Rayen Hermassi,1488.4043359998093,,1489.9101079870197,
Andrea Gola,1496.7386225455227,,1502.8203061457634,
Obrad Markovski,1492.2237048851903,,1498.0926309004835,
Besir Durguti,1480.3025938068968,,1485.905840793247,
Yanaki Milev,1445.9525129873261,1479.6656785825737,1509.647644769952,
Gorazd Srbljak,1487.893776648879,,1489.619188087899,
Berk Bugarikj,1453.9419554879737,,1481.9516059694545,
Michael Zheng,1487.5031962084447,1531.0268130622228,1482.5088381618027,
Gabriele Brancatelli,1484.3665212195453,1488.0823554962797,,
Edoardo Cherie Ligniere,1489.8709618141297,,1491.6129200118853,
Michal Krajci,1471.9525346968571,1485.5275974584745,1493.482971470491,
Mae Malige,1408.176943294764,1482.326533800181,1462.35100927628,
Tom Paris,1441.2771928459872,1467.4473460669574,1507.490576897461,
Gabriel Evans,1491.5923413753915,1492.9471368594798,,
Noah Gabriel,1493.0162041387055,,,1487.6934744434757
Thijmen Loof,1411.341047600503,1472.4089263929573,1486.7921651362037,1491.774036516113
Emilien Voisin,1472.5774125881303,1504.8172659074824,1495.530485577359,
Miguel Tobon,1424.0865019322114,,1467.4019630097782,
Frazier Rengifo,1436.4083031688917,,1484.00007333883,
Johan Alexander Rodriguez Rodriguez,1428.279067563622,,1468.5507212376183,
Iliyan Radulov,1478.7677067376492,1492.8112640696386,1522.0610557540003,
Filippo Moroni,1496.4648603202427,1490.4760009633032,1515.6076156889808,
Borys Zgola,1487.250654810231,,1489.3546201416655,
Tomasz Berkieta,1409.3699466301343,1496.0899876766814,1457.9357225015958,
Felipe Santamaria,1485.6944781522416,,1489.624014467074,
Luca Parenti,1457.0371859839302,,1484.1715061080413,
Ozan Baris,1457.11471173242,1512.2661759981318,1494.1786162242606,
David Fix,1450.4256963103696,,1486.2292894271218,
Justin Engel,1492.529478992996,1551.199057769741,1453.6618664017924,
Lucio Carnevalle,1434.3947644904774,,1468.0330442131858,
Manuel Mouilleron Salvo,1472.7458259845957,,1493.178237739968,
Francisco Pini,1488.0,,1488.0,
Francisco Faigenbaum,1483.380140629018,,1484.6374134931798,
Nicolas Hollender,1478.3952359873294,,1484.4420807736067,
Rocco Valente,1440.788762226304,,1471.3377751305943,
Gonzalo Zeitune,1442.6040138132898,,1472.7553122313395,
Paul Inchauspe,1448.6354849978711,,1477.6382503410457,
Marat Sharipov,1500.7596835094298,1515.3217973299081,1502.1884384017324,
Marc Majdandzic,1486.3312309117753,,1488.0438754769518,
Quinn Vandecasteele,1417.6265755208856,1488.6442261896564,1487.6512962503032,
Dragos Nicolae Cazacu,1436.9822894723209,,1488.0365963252514,
Matei Cristian Onofrei,1442.80324573168,,1474.806471814863,
Niklas Waldner,1455.9173382048207,,1480.3500802572726,
Jonas Trinker,1485.3062936531296,,1486.542090755716,
Jacopo Bilardo,1440.4363800470294,,1473.8156531712755,
Peter Buldorini,1411.2255978561454,1516.4327619594933,1439.53519644025,
Stijn Slump,1445.9264430778,,1494.8677216840574,
Fons Van Sambeek,1459.3447434617194,1489.018947948514,1484.6510911956148,
Niels Visker,1450.8770942357532,1508.5442523189108,1469.7752274618738,
Sander Jong,1488.500296220168,,1490.8647806574547,
Max Dahlin,1479.0425657080498,1490.4358153162616,1495.6899169713238,
Oskar Antinheimo,1487.8189384313648,,1490.076411895648,
Vesa Ahti,1438.7534593033106,1488.9597444920096,1498.3191196129078,
Oren Vasser,1485.005176349691,,1488.0853115929847,
Linus Lagerbohm,1488.1070853497263,,1489.3445625019529,
Leonardo Rossi,1474.080926012072,1495.5967744933737,1502.7827887480346,
Giammarco Gandolfi,1486.3320382702202,,1490.3927285403481,
Sergio Badini,1487.482031458038,,1487.6785071675288,
Ilia Simakin,1528.704706736867,1568.699479715393,,
Siddhant Banthia,1431.892913725395,1488.8997778561672,1480.0840548170495,
Egor Agafonov,1488.4435778516886,1548.906749461066,,
Mustafa Dustov,1476.4320114376112,1484.50828363659,,
Semen Voronin,1478.5437789130463,1484.2268898411912,,
Evgeny Philippov,1442.3422488432077,1473.2464109717118,,
Aleksei Mokrov,1483.0737977389897,1484.5563449070396,,
Orel Kimhi,1444.6521299223682,1470.302903448532,,
Miguel Larrea Sicco,1465.975917532819,1491.1814512320523,1488.301275474093,
Jerko Brkic,1456.1814020617496,,1478.194108531816,
Gabriele Pennaforti,1408.257848457042,,1450.274209042595,
Andre Ilagan,1507.4566114776742,1541.1787904449232,,
Noah Schachter,1427.2261117752025,1456.713174566628,1518.7462788203334,
Justin Roberts,1476.025666570604,1502.7721623077846,1494.7610821762858,
Karlo Cubelic,1482.277591868648,,1485.1120708729982,
Francesco Giorgetti,1484.1927379403608,,1486.5926727360234,
Radomir Tomic,1487.6136805410174,,1487.6780221547472,
Stefan Popovic,1431.157515158648,,1453.1686376607745,
Aaron James Williams,1484.2437766361386,,1487.3197928543232,
Niklas Koch,1486.9317143041071,,1489.0437270810862,
Enmanuel Munoz,1440.0821905222567,,1474.3323155605694,
Marcel Kamrowski,1448.279634232809,1477.733796317045,,
Filip Pieczonka,1489.4168223827626,1492.578010075923,,
Abraham Asaba,1412.1047133222196,1496.445566754395,1460.022779268327,
Aj Catanzariti,1485.8945367583053,1488.658624050905,,
Sebastian Rodriguez,1496.0492236180069,,1502.9746180607528,
Xiaofei Wang,1452.8225273795617,1464.0791889934003,,
Jiayang Dong,1442.515771417163,1455.0063761967967,,
Zhenxiong Dong,1374.3673313250229,1427.6093869580882,,
Yi Zhou,1489.5025773930383,1531.8672465702712,1493.6150036382796,
Ivan Ivanov,1439.0885882255702,1479.8271523996675,1486.479476539538,
Daniil Sarksian,1486.862907730832,1489.001639485697,,
Trevor Svajda,1438.0048399712498,1485.4956447696013,,
Linang Xiao,1425.9708914723528,1479.4886149851616,,
Linghao Zhang,1368.5181165601734,1432.1894034256165,,
Pierre Antoine Tailleu,1448.476173450707,1480.9699735182494,,
Valentin Faure,1486.1021680375095,1488.2019667260226,,
Filippo Romano,1455.050696369586,1494.0807646439107,1509.6890335044673,
Gianluca Cadenasso,1472.8369174412514,,1495.4959490474596,
Gabriel Elicha Navas,1417.6002659380295,1482.0,1471.1407768653685,
Javier Molino,1480.5025862699,,1483.8044092074042,
Syl Gaxherri,1433.0806480913182,,1464.0976187337224,
Paul Werren,1489.1374007346453,,1489.2458573789122,
Robin Catry,1470.6458066176679,1511.4382346524476,,
Qian Sun,1430.1481655888872,1480.0701912971995,,
Yaojie Zeng,1450.2118865359932,1507.184504141497,,
Xing Dao Chen,1425.89583641009,1470.7245622608161,,
Jimmy Yang,1401.243201145873,1450.9807249099204,,
Bohua Dong,1473.0635945249817,1476.6837451777278,,
Patrick Brady,1455.8806522198408,1521.7825945332781,,1485.1885081890198
Daniel Berdecio,1483.188051918171,,1486.9022646334429,
Raul Garcia,1447.7334081562942,,1473.0947618013336,
Esteban Davila Gasser,1435.6002291686896,,1472.1448058308636,
Mustapha El Natour,1514.0,,1514.0,
Daniel Azar,1486.0,,1486.0,
Nicolai Budkov Kjaer,1507.3693273875863,1515.9200023856686,1515.3277694522428,
Conor Gannon,1450.4852094046084,,1475.4714625235033,
Diego Duran,1489.9897792894076,1519.498352253017,1487.1141421713407,
Freddy Murray,1514.0,,1514.0,
Jose  Flores,1486.0,,1486.0,
Martins Rocens,1467.5996447759835,1485.502769461499,,
Yassine Dlimi,1441.8722112514165,1499.4657535842055,1478.6269269746276,
Joaquin  Aguilar Cardozo,1475.868152980416,,1499.003267635393,
Alexander Stater,1459.902936221576,,1500.7457324352415,
Miguel Angel Cabrera,1474.5065885144672,1487.079111563271,1487.4585788526263,
Jan Kobierski,1445.8489903392085,,1477.0552257487768,
Axel Nefve,1393.2740614815327,1450.5091927876922,1471.0891909667444,
Bryce Nakashima,1452.9934619741193,1481.6860101334557,,
Nikolay Vylegzhanin,1503.591003390731,1549.355677538713,1478.825161900059,
Rares Andrei Golescu,1427.402958227872,,1462.4477491640655,
Ryuki Matsuda,1474.7931135711092,1539.002213024359,1489.5668337743596,
Wenfu Li,1443.1619032833871,1474.8030301183837,,
Rodrigo Fernandes,1443.9666917889467,1482.852694065328,1486.7947368209175,
Adit Sinha,1456.2275498860108,1464.0816667154918,,
Jefferson Wendler Filho,1449.4098057919855,1482.46097978914,1501.3866606774068,
Enzo Lima,1488.5833912192918,,1490.712956263463,
Benjamin Martin,1486.4119066407582,1490.2509559562677,,
Evan Burnett,1477.9302354785866,1478.933644070301,,
Maxim Mrva,1460.3263624493088,1494.5215543164281,1486.5451949045387,
Ezequiel Monferrer,1439.2189938609254,,1479.995698155932,
Kris Van Wyk,1491.4393080958062,1543.742283845667,,
Sheng Tang,1410.427010181023,1468.259005246928,,
Jakob Schnaitter,1451.6311097207204,1488.5043371552943,1476.099412211328,
Andrea Bacaloni,1488.8171360659526,1489.2805260705313,,
Luigi Castelletti,1491.4514816453702,1493.2908548138885,,
Lautaro Agustin Corthey,1453.7212937462366,,1475.2575155502436,
Agustin Mastri,1484.9336789516187,,1488.8962213489629,
Ignacio Novo,1487.3028113123098,,1489.888211287786,
Jinpeng Tang,1483.1219269716648,1488.0732403587697,,
Tomohiro Masabayashi,1428.8358958117196,1468.9171397231296,,
Charles Chen,1407.520096584821,1462.936886643428,,
Sebastian Eriksson,1437.2399434541564,1472.5112554094958,1494.464786053777,
Niels Villard,1476.1228214348744,1486.0505725434407,,
Kaua Lorenzo Santos Gava,1486.9038327731237,,1489.6939255798013,
Ryan Augusto Dos Santos,1416.720481335045,1480.8719362081333,1473.8836522092067,
Enzo Camargo Lima,1431.9768490170552,,1451.009116241978,
Vitek Horak,1491.3571922403958,,1497.184469267242,
Pietro Fellin,1487.0778654668527,1490.4011638477557,,
Samir Hamza Reguig,1465.8609570849367,1491.6,1501.7033200064075,
Pavle Marinkov,1472.0571377199533,1521.796747873312,,
Jacob Bradshaw,1442.7803807994387,1490.5022631085897,,
Thomas Nicholas Gadecki,1476.316392483475,1479.7645041813994,,
Drew Van Orderlain,1432.0978455137267,1480.7235826106044,1481.6023955724984,
Kaetan Mehta,1487.033630572175,1488.857411096139,,
Jonathan Sorbo,1490.1965498658853,1491.4829976151186,,
Markus Molder,1455.3493991258613,1482.6518094023093,,
Alexander Kotzen,1491.191196034966,1524.398527818083,,
Alberto Odiseo Alvarado Berrospi,1453.6455177960156,,1476.193496496621,
Luis Jose Nakamine,1454.6390793808891,,1475.182312911394,
Gen Nakamura,1485.4482528718436,1487.6902472636707,,
Henrik Bladelius,1495.0446743611046,1495.3799514945524,,
Leo Vithoontien,1424.7538916799451,1457.986802192275,,
Evan Bynoe,1485.7722907753239,1488.4645099073082,,
Junghee You,1499.159569808265,1502.8238313027427,,
Benjamin Thomas George,1497.6937869063077,1518.6206056190426,,
Trey Hilderbrand,1485.4214578351439,1522.5287634722333,1504.875751138931,
Kuang Qing Xu,1484.0626796111317,1486.3184858842956,,
Eloi Roux,1448.1511909820551,1478.6992602158584,,
Rei Sakamoto,1529.4675607890706,1573.8852413255102,1490.5752635894437,
Federico Aguilar Cardozo,1444.073879524102,,1473.7983618880746,
Nicolas Oliveira,1456.88420126794,1491.6,1483.2200120808786,
Petr Iamachkine,1418.4351114699905,,1462.8569765807415,
Benjamin Ignacio Torres Fernandez,1414.3928610037412,1494.164452027846,1459.6534272963816,
Shogo Sanada,1483.900552245277,1486.6821334980498,,
Casey Hoole,1515.6479806700693,1519.5706827502179,,
Chak Lam Coleman Wong,1496.9002418536443,1494.9324225183277,,
Diogo Marques,1412.274053368208,1481.896094283914,1475.1303083706864,
Martim Simoes,1473.263742228008,1477.4080960151266,,
Jack Loutit,1507.8103411584768,1526.9132280410329,,
Alexis Gurmendi,1483.796785634539,,1485.9343239505165,
Vito Antonio Darderi,1486.4368681729604,,1488.9320907213944,
Martin Estevarena,1489.2708263588124,,1490.8385886243652,
Nicholas Godsick,1450.54257719981,1470.1401699314035,,
Jacob Bullard,1487.669843958511,1489.6620125376962,,
Elijah Strode,1479.2397853582509,1485.529567815434,,
Siwanat Auytayakul,1490.0889589112026,1491.9980342336398,,
George Goldhoff,1457.75110627061,1485.3619423005,1476.6172531307425,
Jack Loge,1493.9879634728914,1494.2192469015463,,
William Jucha,1486.602021818214,1487.160274699401,,
Petr Bar Biryukov,1498.2491174330548,1535.302894347094,,
Kokoro Isomura,1493.669465765175,1535.4574496397217,,
Corban Crowther,1425.1065751362858,1456.5224214175494,,
Luke Sorensen,1487.4460970082075,1487.789080580928,,
William Grant,1444.8634444262054,1493.604732991799,1472.0785514694835,
Mika Lipp,1488.6836964045956,1486.8175401639792,,
Marcio Eduardo Silva,1482.1883312337704,,1485.5664776772537,
Davis Rolis,1439.6441486589224,1465.882650194543,,
Heve Kelley,1482.5678061211206,1484.0633520255722,,
Juan Carlos Fuentes Vasquez,1474.40254233738,1509.8,1478.1674805027942,
Matavao Fanguna,1486.0,1486.0,,
Ioannis Xilas,1498.6523088992612,1509.479332115652,,
Luca Preda,1486.0,1486.0,,
Michael Agwi,1528.6487544694496,1546.753034792408,1515.7985372163419,
Hamza Karmoussi,1472.2543272506175,1482.5,1493.8529718965597,
Benedict Badza,1514.0,1514.0,,
Kwok Shun Dasson Chan,1486.0,1486.0,,
Daniel Vallejo,1502.8439439358392,,1504.3952912357936,
Mason Naumovski,1481.1729158842977,1483.4073805567612,,
Lohithaksha Bathrinath,1479.0994807149702,1484.793223740344,,
Ishaque Eqbal,1481.4000323121834,1485.5866139718605,,
Hamish Stewart,1481.9992788352079,1510.4335134169892,,1483.82951601435
Gabriel Gomez,1487.3915240327397,1487.5128667858153,,
Henry Searle,1475.870352924153,1478.3193644804583,1496.6085172513606,1490.2177442675484
Maxence Rivet,1450.032746828392,1482.764369474077,1487.2766558498367,
Florent Bax,1482.6626014741757,1496.7448863871696,1520.547576015473,
Buvaysar Gadamauri,1487.0906058486541,1513.4878692739637,1505.9324897348124,
Charlie Robertson,1523.7020897052128,1528.0242267938543,,
James Davis,1479.7993445774746,1484.1778344694,,
Ali Habib,1487.1761551408454,1488.2743469686104,,
Marko Nikolic,1491.8091713190129,1492.7324366602097,,
Elyas Abdulnabi,1488.9948257237254,1489.8563212614695,,
Yusuf Ebrahim Ahmed Abdulla Qaed,1496.0014258921785,1494.4775301874135,,
Thijs Boogaard,1495.2720413284205,1495.149434102283,,
Takeru Yuzuki,1453.802670469962,1488.9965339853534,1481.187270080944,
Parikshit Somani,1476.242132253421,,1483.2436351783053,
Alessandro Bellifemine,1477.8633296049175,,1486.4945395842144,
Joshua Muhire,1466.2890892872163,,1471.4562771039116,
Junior Hakizumwami,1478.4038229264695,,1479.934228403895,
Ernest Habiyambere,1474.6901679074206,,1474.9353190964464,
Parth Aggarwal,1485.819914206787,1488.9490822615328,,
Sai Karteek Reddy Ganta,1413.0183748317213,1448.705615973902,1494.117369661346,
Vincent Marysko,1480.5259140819455,1498.9844314571847,1489.8659895130256,
Brandon Stringfellow,1494.5086738045106,1493.940349254011,,
Benjamin Torrealba,1469.5485132897759,,1473.571511735169,
Patrik Meszaros,1489.357799751933,,1490.8576190454053,
Botond Kisantal,1489.186180113755,,1491.4430766819105,
Kolos Kincses,1482.7709329800166,,1485.147677425988,
Oliver Ojakaar,1483.7551953649474,1488.7710339682783,1504.6867867235924,
Sina Moghimi,1494.1654436427757,,1502.596981908582,
Pranav Kumar,1436.567422523506,1474.203009218929,1489.5,
Emiliano Aguilera Guerrero,1486.594123611595,,1487.8782572323257,
Pablo Martinez Gomez,1488.148020557113,,1490.147635340521,
Lukas Rohseano,1486.6669617226705,,1487.3984425466429,
Mark Wallner,1500.8879184519938,,1505.2209852182032,
Marino Jakic,1488.0658103858798,,1489.9910437050144,
Nikola Puntaric,1486.4630494580085,,1488.7332281855317,
Matej Dodig,1580.7962778752712,1529.1203214104014,1599.7283057329312,
Fabrizio Karol Pio Osti,1488.5495722032672,,1491.0423443487293,
Santiago Padilla Cote,1460.471803919947,1478.7205817502106,1486.8050247677122,
Gustavo Giudici,1485.4830399281425,,1489.007349835182,
Joaquim Almeida,1468.2656728025274,,1468.8959143608504,
Joao Vitor Goncalves Ceolin,1480.3375190695785,,1483.7913215673366,
Ian Luca Cervantes Tomas,1487.310850691468,,1490.678996258613,
David Naharro,1488.1240305336748,,1490.4038772327106,
Mariano Tammaro,1471.8753193850253,,1485.1868201461396,
Karim Bennani,1491.8766395929888,,1491.4133289596396,
Diego Bustamante,1486.542764652774,,1487.9368693158387,
Yun Seong Chung,1478.807756683169,1493.8942607355857,,
Seokhyeon Chu,1488.4404148552521,1490.7172571795795,,
Hoyoung Roh,1483.8249983358983,1484.558462191955,,
Rafael Jodar,1453.1994768755226,1486.2119178132455,1488.9847845106817,
Pablo Manzano Lapuerta,1489.810479024813,,1492.6937142533466,
Daniel Lara Salmeron,1490.638423606752,,1492.4360362538325,
Alejo Sanchez Quilez,1490.515748763495,1505.5499196454448,1515.5317712835079,
Alexander Frusina,1452.015836887153,1488.9911708905445,1471.2886932351232,
Joel Schwaerzler,1548.9833303762819,1508.6363863162737,1562.8750228896452,
Santiago Ruiz Velasco,1483.5233722277103,1486.54958642698,,
Henri Haupt,1488.9075091550892,,1492.908083298497,
Yannik Kelm,1458.537300427831,,1467.1743374911073,
Jose Fernandez,1480.4179947176574,,1483.0763837840916,
Mateo Del Pino,1464.564346522546,,1486.4826089496546,
Nikos Lehmann,1491.6923972686807,,1501.8337180937997,
Romeo Arcuschin,1485.1298471300988,,1487.9664228361053,
Lucca Guercio,1457.5956627368796,,1476.5895865735613,
Maximo Zeitune,1485.2367147289185,,1488.4914131034038,
Justin Lyons,1485.2077551599086,,1489.3544530292368,
Roy Horovitz,1484.2794808523581,,1485.9730319351072,
Alexander Razeghi,1487.3945488741106,,1488.2539680723842,
Lautaro Agustin Falabella,1506.771984332194,,1516.9434933760074,
Matt Kuhar,1466.7605972081153,1508.2473387111345,1491.224179054282,
Amir Omarkhanov,1479.288024099922,1493.7821034109154,1497.104287863779,
Filip Kana,1490.0968014962718,,1491.8456328012887,
Gabriele Camilli,1485.685201541797,,1488.780382874279,
Federico Cina,1499.836003008047,1542.9945090756446,1481.1977541676238,
Samuele Pieri,1465.0689982825913,,1473.0102985493036,
Zijiang Yang,1485.6028224992706,1487.540838846097,,
Jiaji Wang,1490.7757655511878,1493.0435297252527,,
Victor Hugo Remondy Pagotto,1453.2202675123435,,1474.5302786274253,
Federico Campana,1478.584199281931,,1484.2909981099324,
Daniel Bagnolini,1486.352274136086,,1487.081484904333,
Luis Felipe Ferraz Sandoval Carvalho,1486.3061814607115,,1488.28050546578,
Aryan Shah,1487.3447076356442,,1487.4822400067726,
Lucca Pinto,1458.8742086677141,,1477.9899363500558,
Kai I Wang,1452.5809543623252,1473.8073318371844,,
Yan Cheng Chen,1482.0111764304024,1484.348584773351,,
Omar Knani,1486.0114175589108,,1488.0398869477642,
Anas Bennour Dit Sahli,1491.612043324269,,1488.723405707566,
Youssef Boubaker,1490.145548767073,,1487.3315034220595,
Denis Constantin Spiridon,1491.8191885561173,,1493.5867033912646,
Diego Dedura Palomero,1486.2500071820018,1499.3075179891803,1499.4905175962856,
Aleksandr Lobanov,1466.1949014543254,1503.9127711655624,1486.6384409241432,
Aleksandre Shvangiradze,1485.7346414443005,1488.105477630423,,
Pavlos Tsitsipas,1473.6224857456157,1495.170452202693,1489.2437585813436,
Giorgi Giorgadze,1484.0342199907807,1486.2112248519195,,
Amar Huseinovic,1478.8868530277489,,1484.4174925362051,
Luka Pavlovic,1535.590396823996,1484.8091995442965,1580.2088275429442,
Rudy Quan,1536.7889417872143,1547.850743276369,,
T. Farquhar,1482.4130363310248,,1485.363695853114,
Theo Papamalamis,1467.3847575688246,1478.9685492583783,1493.5849003719525,
Lasse Poertner,1495.3928433061585,,1502.0659747197176,
Marcos Lee Chan Baratau,1465.8568474698484,1492.7901362802656,1481.0892567184426,
Gonzalo Ariel Karakachian,1486.4462502233005,,1487.6032192568528,
Felipe De Dios,1477.5805852295841,,1484.794012961145,
Valentin Basel,1453.8586923920436,,1460.2271607221317,
Juan Estevez,1486.8779326595902,,1489.3917184353295,
Ilgiz Valiev,1496.543343655425,1501.831916578684,,
Lovro Maricic,1487.0096490810406,,1488.7069160688093,
Rafael Botran Neutze,1481.1206606194646,,1485.3173901972946,
Emile Hudd,1513.4232117540334,1533.3928154658672,1502.2435212950045,
Pietro Genovese,1488.4484377314916,,1490.129916201255,
Pietro Lavoratori,1489.1048570072453,,1490.6316435637525,
Joan Nadal Vives,1478.619956721391,,,1469.4893795713188
Thomas Faurel,1488.8185709082172,,1489.6192229848405,
Oliver Bonding,1491.5277319497397,,,1490.1393866412914
Fryderyk Lechno Wasiutynski,1476.381074003254,1490.7571100835587,1488.9629298461791,
Agustin Eduardo Cuellar Lorberg,1486.845011859051,,1489.3455419607342,
Carlo Alberto Caniato,1473.0350016208283,,1476.1450326199745,
Michael Alejandro Beltran Rubio,1485.4796249663536,,1487.6303602408673,
Salvador Price,1449.2115719549504,,1460.25569328382,
Mateo Castaneda,1477.679223213188,,1492.3722187171677,
Samuel Heredia,1485.2901898173911,,1497.3249298667993,
Max  Sheldon,1485.408685489333,1486.3340082464726,,
Alex Bancila,1488.1120003552703,1490.3550037621706,,
Jonah Braswell,1482.6440965021145,1485.1090475498283,,
Micah Braswell,1591.7278899144505,1620.7905087654804,,
Alejandro Mateo Berge Nourescu,1477.3535092721554,,1485.9965442182245,
Gabriel Ghetu,1483.0487173024342,,1485.0,
Filip Gabriel Bara,1464.4885613677066,,1472.414974751456,
Mihai Alexandru Coman,1476.9372117087914,,1480.3046275675572,
Roy Stepanov,1451.41790673201,1480.3536319255068,1489.2725915027163,
Rares Teodor Pieleanu,1484.8478131579157,,1487.0266782341587,
Ioan Alexandru Chirita,1494.1804148073707,,1494.3094440868795,
Tanguy Genier,1434.200413600073,1472.3607050430433,1491.2824199433549,
Leonardo Taddia,1485.6407118321476,,1487.8127302385847,
Ludovico Vaccari,1486.296269683656,,1488.903394551601,
Arthur Bonnaud,1486.1315519132977,,1490.0930018381216,
Hugo Chapoutot,1482.663808210925,,1485.0457032191143,
Eduard Silviu Schipor,1481.1486664631343,,1484.5231168669684,
Radu David Turcanu,1482.750055806227,,1484.7928180631618,
Daniel Uta,1486.1092928530334,,1488.0679254455245,
Nico Hipfl,1490.6402893871607,,1498.7740691476272,
Mats Hermans,1475.628876307157,1485.0114213952538,1497.9462669263878,
Dusan Obradovic,1495.6093585266328,,1506.0717779094305,
Alvin Nicholas Tudorica,1455.4231760536368,1473.3605746152814,,
Manvydas Balciunas,1491.0730285428408,,1491.335376616666,
Filip Jeff Planinsek,1467.8496797674682,,1476.0404900007327,
Maxim Zhukov,1492.1241772172943,1530.5540104652705,1476.5912190962936,
Iliyas Maratuly,1488.0,1488.0,,
Saveliy Ivanov,1501.0042257679188,1512.2689886434473,,
Jakub Katuch,1477.5766985802259,1482.7231602057857,,
Vitaliy Zatsepin,1483.7419943142893,1485.2520009325463,,
William Rejchtman Vinciguerra,1494.6698173580323,,1485.3877408713956,
Nicolas Arseneault,1473.642736142252,1479.9107314159364,,
Adhithya Ganesan,1487.0381025034958,,,1484.5335012993487
Albert Pedrico Kravtsov,1482.1183610849155,1498.958863674916,,
James Mackinlay,1452.1695311032124,1472.4810174941672,,
Carlos Diaz Ruiz,1482.1619263850578,1486.658276184289,,
Miguel Cejudo,1479.0778176146873,1485.8565143608998,,
Alejandro Lopez Escribano,1486.5466437893178,1487.5996772279707,,
Nate Bonetto,1494.2518807229194,1492.2705563312259,,
Nikita Filin,1489.8865370418557,1489.1595448517862,,
Ivan Perez Martin,1483.3547079354632,1487.5400616426807,,
Alex Martinez,1550.8740997889697,1573.5907938886269,,
Rafael Ymer,1484.3588889876175,1494.8035695778483,1490.0216626626961,
Raul Teichmann,1487.7394369776323,,1488.8992561349507,
Henry Bernet,1536.093941010994,1514.8202873808625,1516.9355575743812,
Denis Petak,1479.4798359553388,,1483.2459000745048,
Jonas Kucera,1496.0382258472064,,1501.5289549865226,
Max Stenzer,1478.9592571005592,,1484.8662751915897,
Fabien Salle,1479.0158553074089,1489.4852184362194,1497.1599866590414,
Tim Ruehl,1499.8441443746499,,1503.4301935255626,
Max Schoenhaus,1474.944237985103,,1478.6893071564657,
Joao Graa,1487.4257314844758,1487.6711310976148,,
Daniele Minighini,1491.8886051506568,,1493.698347742649,
Alberto Bronzetti,1486.4420373712633,,1489.1469697687737,
Samuel Alejandro Linde Palacios,1481.9376095262048,,1487.4110999936192,
Lorenzo Berto,1484.9488566507587,,1488.2661389226705,
Pietro Romeo Scomparin,1487.0267442918064,,1489.545812388829,
Nikolay Sysoev,1488.5871469730403,1488.787202306576,,
Colton Smith,1584.1651597162286,1603.096731075251,,
Joan Torres Espinosa,1493.706568063026,1493.1534438712945,,
Anton Shepp,1493.150987720267,1492.058259558549,,
Logan Zapp,1492.849971359586,1492.701464318543,,
Patrick Schoen,1491.5228654457003,1494.191576789926,,
Braden Shick,1494.9708497470972,1495.5514015238598,,
Edison Ambarzumjan,1500.4016846121333,1505.0143526523575,,
Iannis Miletich,1490.8019693047077,1497.7060427894537,,
Alan Bojarski,1484.078969879535,1487.1973976410295,,
Jossting Cruz,1488.5751752873766,,1486.9030530149487,
Gabriele Vulpitta,1471.681431850055,,1476.7664145465892,
Daniele Rapagnetta,1482.5230979569892,,1485.0770677478934,
Pierluigi Basile,1501.6286607055004,,1512.470984726921,
Nikolay Nedelchev,1506.8953628381223,,1513.9960287429224,
Viktor Kirov,1473.1320564539549,,1478.4929437167864,
George Lazarov,1486.5770454346768,,1487.9834877274045,
Zekai Li,1486.8145387299815,1490.1631196162461,,
Renlong Pang,1479.1823164503758,1484.164037723121,,
Yuquan Jin,1490.4538181535097,1491.4003738243314,,
Ryan Fishback,1482.4114994956994,1485.7599650262696,,
Tommaso Redaelli,1486.9632573748154,,1488.6192583390546,
Matteo Morazzi,1486.7034198789202,1489.5847151161643,,
Nathan Trouve,1484.2121659321688,1487.8044404600532,,
Naoya Honda,1484.8502973608731,1490.8808137737517,,
Rafael Izquierdo Luque,1479.3357049531105,,1484.6351980808408,
Joao Portugal,1483.7326002032032,,1486.3929391969157,
Matthew Forbes,1484.381466899212,1485.1281204793283,,
Jack Kennedy,1490.1753617176078,1489.934788565188,,
Jia Hu,1478.7093297398771,1483.33769396462,,
Damien Salvestre,1502.483570917975,1511.9165836778527,,
Savva Polukhin,1500.6016946157963,1505.023994858514,,
Cemil Duran,1485.4612571036494,1487.6743081436882,,
Cristobal Quevedo Brea,1484.7055000269272,,1486.132168528347,
Pengyu Lu,1469.6223203848751,1479.8561062601857,,
Gregor Ramskogler,1486.6947990480003,,1489.6104433294681,
Georgi Georgiev,1497.3833299335565,,1499.3389485703667,
Sasa Markovic,1486.4009423288685,,1488.270699405081,
Mitsuki Wei Kang Leong,1510.97760588754,1544.1864280917907,,
Zhan Zheng,1465.9693246581119,1471.9164424736007,,
Spencer Johnson,1491.6954885043735,1497.8086459953076,,
Pablo Trochu,1462.1980249606886,1467.5497292643781,,
Leo Raquillet,1479.3518459707525,1483.2141380375808,,
Dorian Juszczak,1487.6953574440993,,1489.3348598411728,
Kacper Knitter,1489.3317639668326,,1491.0231396420036,
Krzysztof Plewa,1485.620556079459,,1487.5881954731037,
Faris Zakaryia,1487.0290679459001,,1487.7100090603176,
Demetris Azoides,1524.2495568585346,1522.0419175918614,,
Yousaf Khalil,1483.7369745304904,1485.9766743762589,,
Jack Cheng,1489.5073832396565,1487.4202979646338,,
Liova Ayite Ajavon,1513.20899772064,1516.4031143460197,,
Juan Esteban Trujillo Hernandez,1480.7871855934152,,1484.3240458753298,
Alejandro Arcila,1481.5624916040517,,1485.0003731000381,
Evan Sharygin,1480.1291765207347,1483.1284356742785,,
Calin Teodor Stirbu,1486.4359582991287,,1490.2174256592643,
Victor Braga,1481.5190143160228,,1484.4560547052824,
Breno Braga,1469.7884582858142,,1475.2300138368103,
Diego Ortiz Gamonal,1486.9538804649067,,1489.8292264693282,
Anders Matta,1500.9570508612805,,1507.8745279016227,
Joaquin Leon Macchiavello,1486.1342750676715,,1488.7017595876925,
Benjamin Zuniga Garcia,1485.7598502756878,,1488.26575921354,
Henry Lieberman,1486.5358214607083,1489.693530941132,,
Natthayut Nithithananont,1488.0660189752914,1489.3070185701984,,
Martin Sabas,1500.9028583308898,1505.768037663114,,
Carl Emil Overbeck,1481.7818469114889,1485.0004980928686,,
Mees Rottgering,1484.8084842257347,1485.2869423625698,,
Max Basing,1526.7360453323297,1530.1214088373624,,
Tianhui Zhang,1534.3893198877486,1554.2517973293268,,
Etienne Donnet,1523.2117199381912,1524.6757414988224,,
Sergi Fita Juan,1489.9860994711883,,1491.6575526648128,
Mihnea Maftei,1488.4163468675029,,1489.0747287355791,
Andres Santamarta Roig,1503.4087355044144,,1506.2195845398885,
Fernando Cavallo,1487.1983335404134,,1488.1143731975196,
Emilien Demanet,1495.158353100827,1494.2444110945744,,
Mikael Arseneault,1477.4731241232312,1486.4258094775885,,
Adam Farag Cao,1478.929040115891,1484.5245232484688,,
Enzo Kohlmann De Freitas,1481.9736397903594,1485.983158552494,1494.182659576131,
Massimo Pizzigoni,1487.674637114705,1488.216222416286,,
Matteo Vavassori,1489.9984019250937,1487.703500953567,,
Matteo Mura,1490.1329800197148,1491.0890119710266,,
Leonardo Mazzucchelli,1487.6873118997485,1489.2508246005345,,
Qiulin Wang,1489.1619603009906,1489.665040802109,,
Victor Barrere,1490.2427402959004,1492.3357811628016,,
Moise Kouame,1487.5938242955183,1489.0839049615736,,
Nikola Slavic,1490.8669722683478,1488.2504177021406,,
Hugh Winter,1465.326409149798,1472.7881863324192,,
Cruz Hewitt,1485.3649507193434,1495.159969404036,,
Hayato Matsuoka,1454.3277422171902,1461.2506238340602,,
James Watt,1475.6341639597144,1483.5406136529916,,
Siphosothando Montsi,1490.2886297012064,1497.3226829985194,,
Cooper Woestendick,1511.419362147046,1515.5706159454228,,
Maxwell Exsted,1486.1081845168621,1489.014691198633,,
Chun Chien Hou,1489.4530418721033,1490.009412190078,,
Hong Lin Fu,1482.2132102078149,1487.9326373600495,,
Sungbeen Sim,1481.9330832081305,1497.5785520908207,,
Matteo Covato,1508.1626027218108,,1518.601236332476,
Cheik Pandzou Ekoume,1488.0,,1488.0,
Chun Ming Yam,1486.0306636235991,,1489.1177170815254,
Isaac Nortey,1476.5467115508038,,1483.7546418854702,
Dev Javia,1506.4170288321136,,1512.43819090563,
Juan Jose Bianchi,1485.3751623174674,,1487.1053268911749,
Yuvan Nandal,1492.6725406157186,,1493.6084995874003,
Angel Veliz,1486.1753163513738,,1489.2031714327484,
Seonyong Han,1485.4777185918767,1487.673656874394,,
Cooper Kose,1483.2335930262416,1485.3853548506863,,
Marko Maksimovic,1490.9174066765336,1488.8333272095017,,
Jeri Lassila,1485.5848667307855,1488.1790096919203,,
Oskari Paldanius,1479.7062587273722,1484.4424840385986,,
Jose Garcia,1488.802349117812,1489.87526366698,,
Rodrigo Varillas,1489.5297195575765,,1490.5018071270529,
Riku Takahata,1486.938707246736,1490.3593027977308,,
Yuhei Kono,1487.230296794675,1488.7610995450632,,
Viktor Markov,1487.5457011727049,1488.8397924146086,,
Gabrielius Guzauskas,1475.3491969883312,1481.0537577981236,,
Tyler Bowers,1494.9385423381173,1502.6352563330518,,
Mathis Debru,1484.2740377267532,1487.7125463854431,,
Lucas Horve,1487.3403115788474,1490.0851380139077,,
William Mroz,1487.501181682946,1489.4518972252356,,
Jeremy Zhang,1490.715789726828,1491.72187371272,,
Matthias Uwe Kask,1485.544597203407,1487.587379959457,,
Matisse Bobichon,1488.882990694614,1492.07020289782,,
Noah Karma,1488.7957049261272,1489.1928489358609,,
Loann Massard,1522.0201426823717,1519.9336908942341,,
Valentino Aliano,1489.018694568595,,1491.522048541757,
Iker Sevilla,1485.5748384274375,,1488.1621281376945,
Rafael Alfonso De Alba Valdes,1490.1367042927363,,1491.793359600229,
Alan Magadan,1514.9860766554154,1522.443723063512,,
Rodrigo Alujas,1476.8637202557347,1489.6529827978688,,
Santiago Ledesma,1485.3459626744436,1487.707061163661,,
Alberto Morolli,1482.5553810404488,1485.259378330715,,
Pietro Marino,1490.222048045991,1492.0832309353652,,
Lucca Acioly,1487.7413772002355,1488.0,,
Joao Pedro Gomes Leme,1480.3208160750119,1484.6593215411026,,
Ryotaro Taguchi,1504.5520496216225,1508.167522280417,,
Kohei Hayashi,1488.9166432143963,1491.066242407339,,
Lennon Roark Jones,1492.5118307921286,1493.9561002113585,,
Tomas Curras Abasolo,1478.8858196844585,,1484.704754121653,
Jamie Vance,1487.826463856143,1490.2105166164579,,
Guillermo Delgadillo,1486.00816192203,1487.7237349624888,,
Shion Motoyama,1487.6279756927397,1487.6843979526204,,
Yua Taka,1493.8938958036397,1494.416881495243,,
